name,screen_name,followers_count,statuses_count
646-506-3390 TEXT ME üì≤,6BillionPeople,2234323,180186
Entrepreneurs,TheSuccessKing,428470,31253
Prof. Steve Hanke,steve_hanke,247728,29331
–¶–∞—Ö–∏–∞–≥–∏–π–Ω –≠–õ–ë–≠–ì–î–û–†–ñ,elbegdorj,226711,2669
Oyungerel –¶—ç–¥—ç–≤–¥–∞–º–±–∞,oyunlt,206153,55792
–ë–∞–∞–±–∞—Ä,baabar,163932,473
–Å. –û—Ç–≥–æ–Ω–±–∞—è—Ä,OtgonbayarY,149198,72921
Odontuya Saldan,OdontuyaS,138535,26139
–¢.–ê—é—É—Ä—Å–∞–π—Ö–∞–Ω,ayursaikhan,122738,4169
Social N Chicago,SocialInChicago,100122,198332
–ë—è–º–±–∞—Ü–æ–≥—Ç –°–∞–Ω–¥–∞–≥,BYAMBATSOGT_S,92927,5691
Lambaa,S_Lambaa,89255,13182
–ë–ê–¢–´–ôüá≤üá≥,batengineer,61537,111203
ùîºùïìùï†,MNNtweet,60606,66775
–î–æ–Ω–¥–æ–≥–¥–æ—Ä–∂ –≠—Ä–¥—ç–Ω—ç–±–∞—Ç,erdenebatd,55539,4068
–õ. –¶–ê–ù–î–≠–õ–≠–ì,Tsandeleg_L,55218,228848
–ì–∞–ª–∏–≥–∞–∞–≥–∏–π–Ω –ë–∞—è—Ä—Å–∞–π—Ö–∞–Ω,BayarsaihanG,53135,75787
–ò—Ö —Ç—ç–Ω–≥—ç—Ä,Daambii,48961,13402
–ë.–ë–ê–¢-–≠–†–î–≠–ù–≠,bbat_erdene,48899,10814
Cover Mongolia,CoverMongolia,48243,49178
–õ“Ø–Ω–¥—ç–≥–∏–π–Ω –ù–∞—Ä–∞–Ω–±–∞–∞—Ç–∞—Ä,Naranbaatarl,47475,83177
–ñ.–°“Ø—Ö–±–∞–∞—Ç–∞—Ä,Sukhbaatar_J,47047,65028
–ú–∞–∞–≥–∏–π –£—Ö–∞–∞–ª–∞–≥ –°–∏—Å—Ç–µ–º,mongolhumvvn,40602,30890
liveTV.mn,livetvmn,40521,91466
–Å—Å —Å—É—Ä—Ç–∞—Ö—É—É–Ω—ã–≥ —ç—Ä—Ö—ç–º–ª—ç–≥—á,munkhbld,39208,33177
–•–∞—Ä—Å—É–≤–¥,Kharsuvd,36166,71834
–†—ç–≥–∑—ç–Ω–≥–∏–π–Ω –®–∏–Ω—ç–≥—ç—Ä—ç–ª,ShinegerelR,35762,97965
–•“Ø—Ä—ç–ª,hvrlee85,34301,15670
Buyantsogtoo,buyantsogtoo,33967,24383
BUYAN-iin OnchUg,OnchUgBuyan,33855,8072
–ê–¥—É—É—á–∏–Ω ‚Ñ¢,Aduuchin,32812,29065
–¢–∞–Ω—Ö–∞–π —ç–º—ç—ç,tankhai_emgen,32753,21433
–ß”©–ª”©”©—Ç —Ö“Ø–Ω,Ganzorig1,32631,137922
–ú–æ–Ω–≥–æ–ª –ë–∞—Ö–∞—Ä—Ö–∞–ª,mgl_glory,32505,16353
Batlai Chuluunhuu,Chuluunhuu,32248,48700
–ê–ª–¥–∞—Ä,Aldar51,31968,124573
Ganaa,gantur_kh,31651,70341
–°—É—Ä–≤–∞–ª–∂–ª–∞–≥—á –ù.–°—É–≥–∞—Ä,NTV_Sugaraa,31403,30446
–≠'–ë–æ–ª–¥,A_Enkhbold,31283,12086
Batnice,batnice,31108,38452
–¢–£–ì–ù–´ –ù–û–Å–ù,Noyontug,29977,54000
–ì–∞—Ä—å–¥—Ö“Ø“Ø –ë–∞—è—Ä—Å–∞–π—Ö–∞–Ω,g_bsaikhan,29147,6901
Badrakh Naidalaa,Naidalaa,28617,14061
#FeelMongolia,welcome2mongoli,26295,6744
MNB –ú–æ–Ω–≥–æ–ª—ã–Ω –ú—ç–¥—ç—ç,mmagency_mnb,26293,14152
–ë–∏–¥ –Ω—ç–≥ –ú–æ–Ω–≥–æ–ª,BGursoronzon,26153,33669
Bulgantuya.Kh,KhBulgan,25427,4518
–¢.–°“Ø—Ö–±–∞–∞—Ç–∞—Ä (·†≤‚àô·†∞·†¶·†¨·†°·†™·††·†≠·††·†≤·†§·†∑),sukhee56,25270,44790
Battsetseg Shagdar,BShagdar,24694,21351
Tungalag,tungaa_s2003,23809,11150
serdaram,serdaram,23670,5453
–®.–°–∞–π—Ö–∞–Ω—Å–∞–º–±—É—É,Saihansambuu_SH,23657,25547
–°–æ–¥–æ–æ,SodooMongolia,23525,9015
–°–∞—Ä—É—É–ª,SaruulChim,22742,2009
–•. –ë–∞—Ç-–£–Ω–¥—Ä–∞–ª,GuysUugii,22531,10628
–¢”©–≤—à”©”©—Ö”©–Ω,Tuvshuuhun,21348,20945
–ú–æ–Ω–≥–æ–ª—ã–Ω –∏—Ä–≥—ç–Ω,sumbee_su,21081,8657
–ù–û–Å–ù –ü–ò–¶–¶–ê 332277,Chefmongolia,20806,28006
hibaagii,BBatsukh,20791,7394
minimalist style,minima979,20722,34504
–°–∞—Ä–Ω–∞–π,SarnaiGL,20582,35705
–°—É–º—ä—è–∞–≥–∏–π–Ω –¶—ç—Ü—ç–≥–¥—ç–ª–≥—ç—Ä,Tsetseg01,20310,62989
”®.–ë–∞—è–Ω–º”©–Ω—Ö,Bayanmunkh3166,19208,14509
D. Indra,DIndra87,19040,10024
Tsogt Byambatseren,tsogt_tsogt,18817,92341
Read.mn,Garuda_media_,18540,1564
–•–∞–≤–∞—Ä –∏—Ä–ª—ç—ç!,Burnaash,18443,33615
–ì–∞–Ω–±–∞–∞—Ç–∞—Ä,hiimori9,18038,30203
–ß–û–ù–û–¢–û–ô –ë“Æ–ñ–ò–ì–õ–≠–ì–ß!!!,BMunhtogtoh,17542,45122
–ñ–∞–º–±–∞–∞,jambalsurents,16988,1646
–≠–ó-—á & –≠—Ä—Ö –ó“Ø–π—á –ë—è–º–±–∞—Å–∞–π—Ö–∞–Ω.–î,d_bmb,16869,74571
–î.–¢—É–ª–≥–∞,tubu4,16795,11959
–ú–æ–Ω–≥–æ–ª –ë–∞–∑–∞–ª—å—Ç,Mongol_Basalt,16732,9788
–¢–∞–Ω—Ö–∞–π –≠–º—ç—ç,Tanhai_ernee,16685,40388
Altankhuyag.Kh,altankhuyagMGL,16379,85788
i–ú–û–†–¨–ö–û (i–ë–ê–ô–î–ê–°),big_morikoo,16272,12065
–£–ò–• –ú–ê–ù-—ã–Ω –±“Ø–ª—ç–≥,MAN_Buleg,16227,15876
–ú–ê–®–ê–ê ‚ö™‚ö™‚ö™,Mashaa_odo,16141,37946
URBAN JEANS,UrbanMongolia,15584,3924
–ë—É–¥–¥–∏–∑–º –°—É–¥–ª–∞–∞—á,Bolod_P,15541,56601
–•–û–ô–ú–û–†–¢ ·†¨·†£·†¢·†¢·†Æ·†£·†∑ ·†≤·†£,ochirkhuyagm,15412,13627
–•—É–≤–∏–π–Ω–•—ç–≤—à–ª–∏–π–≥–•–∞–π—Ä–ª–∞,B_Munkhtselmeg,15246,17271
–î–∞–ª–∂—É—É–∫,BoljmorB,15011,138351
–ë.–¶–æ–≥—Ç–≥—ç—Ä—ç–ª,B_Tsogtgerel888,14809,30078
–•. –ê–ú–ê–†–ë–ê–Ø–† üá≤üá≥,Amarbayar_Kh,14666,12190
–ë–æ–ª–æ—Ä,BoCrys,14472,5275
REPORT.mn,report_mn,14418,8
Kizuna,janbolatkh,14241,38288
–ë.–ì–∞–ª–±–∞–¥—Ä–∞—Ö üá≤üá≥,TVETexpert,13915,12268
Soko,soronzonboldl,13827,3683
MotorCity,2014vol,13678,333
–ú—ç–Ω–¥–±–∞—è—Ä –ú”®–ù–•–î”®–õ,M_Munkhdul,13396,18850
–°—É–¥–ª–∞–∞—á –ó–∞—è—Ö“Ø“Ø,TsZayakhuu,13385,9237
–ê.–û—Ç–≥–æ–Ω–±–∞–∞—Ç–∞—Ä,AOtgonbaatar,13264,8370
–ú”©–Ω—Ö—Å“Ø—Ö,Munkhsukh_,13200,80329
Badraa,tbadraa,13180,9164
–ë–æ—Ä–æ–æ–¥–æ–π,boroodoikhuu,13063,44822
–ë–æ—Ä—ã–Ω –ì–ê–ù–ó–û–†–ò–ìüá≤üá≥üá≤üá≥üá≤üá≥,GanzorigBor,13036,16499
Bayamongol.–ú–ù,bayamongol,12743,43067
–£–º—à–∏–≥—á,urandushs,12742,29730
–ê–º–∞—Ä–∞–∞,amaraa01,12716,25082
Tokyo,Amgalan_Ba,12540,15705
–¢–∞–Ω—Ö–∞–π ”©–≤”©”©,TankhaiUvoo,12534,11272
Kulanda,chkulanda,12409,8461
Anar,agi2005,12391,6190
–ú–æ–∂–≥–æ—Ä,Baigal_ch,12252,4900
–î–∞–≤–∞–∞,DavaabaatarG,12137,11083
#–Ω“Ø“Ø–¥—ç–ª,0teg7,12130,36878
Uki Hera üá≤üá≥,uki_0122,12111,53833
r_javkhlant,jav_zolbayar,12106,32502
–¶—ç–≤—ç—Ä –ê–≥–∞–∞—Ä—Ç–∞–π –•–û–¢,CleanAirUb2020,11905,6343
–ë–∏–ª–≥“Ø“Ø–Ω.–ê,beekm_mail,11880,1615
–≠–Ω—Ö–±–∞—Ç,enkhubatu,11576,8785
#–ì–∞—Ä—å–¥,solgoigarid,11508,5591
Bilguun,bilguun_a,11497,10777
–•.–û—é—É–Ω-–≠—Ä–¥—ç–Ω—ç –Ø–õ–ê–ì–ß.,ArigOyu,11221,12203
–†—ç–Ω—Ü—ç–Ω–¥–∞–≥–≤—ã–Ω –î–∞–≥–≤–∞,Dagva_city,10694,923
davaapil,davaapil,10661,15742
updown.mn,updown_mn,10637,13792
–ù–∞—Ä–∞–∞,bataa55,10588,16604
–ü.–ë–∞—è—Ä—Ü—ç—Ü—ç–≥,Bayartsetseg11,10503,25079
Dosmaa P.,Dosmaa1,10142,10696
–°—ç—Ö—ç—ç—Ç–Ω–∏–π –Ω–∞–º,ayako_mongol,9995,5313
Gandi.T,tugsjargalgandi,9825,46596
–ë–∞–π–≥–∞–ª–º–∞–∞ –¶,baigalt,9807,11523
üá≤üá≥ –ë–∏–ª—ç–≥—Ç–∏–π–Ω –ì–∞–Ω–±–∏–ª—ç–≥,make2green,9765,25063
Khaan Insurance LLC,Khaan_Daatgal,9576,1119
–ó–æ—Ä–∏–≥–æ–æ –ë–∞–∑–∞—Ä—Ä–∞–≥—á–∞–∞,ZorigMrp,9542,2482
–¢–∞–ª—ã–Ω –ú–æ–Ω–≥–æ–ª,urtaaaa,9497,5528
–î–∞—Ä—Ö–∞–Ω—ã—Ö,b_ganjiguur,9128,3898
B.Batsaikhan,NBBatsaikhan,9102,119536
Daya Gal,daya_gal,9053,9006
–ë.–ú”©–Ω—Ö-–û—Ä–≥–∏–ª,Orgiluun99,9000,21626
–ú–ü,monospt,8546,26
–ñ–∏–≥–∂–∏–¥–∏–π–Ω –ì–ê–ù-–≠–†–î–≠–ù–≠,ganerdenej,8326,3051
–î–∞–∞–ª—É—É—Ç–∞–π —Ö“Ø“Ø,tts_damba,8259,9318
–ë–æ–ª–æ–¥ –ú”©–Ω—Ö–¥”©–ª,bolod_munkhdul1,8130,22327
‚Ä¢–ë—è–ª–∑—É—É—Ö–∞–π‚Ä¢,Alta_mn,8033,20560
Khaanüî•Gal,Khaan_Gal,8001,16616
–≠—Ä–¥—ç–Ω—ç–∂–∞–º—ä—è–Ω,EJamiyan,7733,10018
StockStream FX,stock_stream,7721,1169
–ë–æ—Ä–æ–æ –æ—Ä—É—É–ª–∂ –µ–≥–Ω–µ vv,Bataa71413164,7528,7477
–ê—Ä–¥—ã–Ω –¥—É—É —Ö–æ–æ–ª–æ–π,NuudelShiidel,7380,238
üá≤üá≥  –ì–∞–Ω—Ö—É—è–≥–∏–π–Ω –ê–ß–ò–¢  üá≤üá≥,aachii_ufc,7307,21313
Navchaa,d_navchaa,7099,10747
–ù–∞–º—Å—Ä–∞–π–Ω –ë–æ–ª–¥—Ö“Ø“Ø,boldkhuu_n,7008,4212
Joy DiNaro,TheSocialJoy,6919,14405
–ñ–∏—Ä–≥—ç—ç—á –∞—Ä–¥,nnomun78,6918,25615
Otgonbat Y,OtgonbatY,6708,24975
–£'–ú”©–Ω—Ö–±–∞—è—Ä,UMunkhbayar,6428,8046
Alimaa,Alimaa_D_,6408,865
–®—É—É—Ä—Ö–∞–π –º–Ω,shuurhaimn,6322,64908
Bolomj,DeedHuch,6305,12
–°—ç—Ç–≥—ç–ª —Å–∞–π—Ç–∞–π —Ö“Ø–Ω,love_mongolia,6302,517
SFF GYM,SHINOBU_FF_GYM,6281,1302
AK37,okeano35,5923,8185
–û—Ç–≥–æ–Ω—Ç—É—è–∞,Otgon_tuya,5865,11958
–°.–ë–∞—è—Ä—Ö“Ø“Ø,bayarkhuu_s,5852,7473
90-s 2unLIMITED,2ultd90,5839,44350
–ë–ê–¢ –ú–ï–ù–ï–ñ–ï–†,bataamanager,5687,19985
–¢“Ø–≤—à–∏–Ω—Å–∞–π—Ö–∞–Ω –ë–∞—è—Ä—Ö“Ø“Ø,TsnBayarkhuu,5675,963
–Æ–º –±“Ø—Ö—ç–Ω —É—á–∏—Ä—Ç–∞–π,Aylagchshoo,5613,3125
Tushig Doyod,MinjriverCamp,5563,9995
–ó–£–õ,zulaaer,5509,10237
Virtual Man,b_baagii,5508,13556
D.Otgonbaatar,mglbluesky,5360,19627
–î–æ—Ä–∂—Å“Ø—Ä—ç–Ω,dorj9169,5358,1504
Amgaa,amgalandamdinj1,5339,1923
–£—á—Ä–∞–ª,UchralE,5212,11108
–ì–∞–Ω–∞–∞MF,G_Mongolia,5180,24443
–≠—Ä–¥—ç–Ω—ç —Ö–æ—Å,ErdeneHos,5097,17711
–û—Ç–≥–æ—á—É–ª—É—É,Otgochuluu,4941,13873
Enkhiin Jargal,JargalEnkhiin,4917,3479
Landbridge,LandbridgeMn,4863,15
Pattern SDK,mdbyambaa,4725,4665
”®–Ω”©”©–¥”©—Ä,PiratePartyMNG,4641,18
—Å–∞–Ω—Å–∞—Ä–∞–∞,helchii,4612,2376
–¢–æ–≥–æ—Ä—É—É,ntomoroo,4505,4698
üíã–ú–∞—Ä–∞–ª—É—É—à–∫–∞–∞‚ù§Ô∏èüá≤üá≥,maralb_love,4415,2712
Ariuka,ariunbaatard,4245,4074
–∏–Ω–¥—Ä—É—Ö–∞–π,indruhai,4197,17207
–û—Ç–≥–æ–æ,otgonbayar_9,4146,8207
Erkhemee Berkeley,ErkhemBerkeley,4126,3673
–û–≥—Ç–æ—Ä–≥—É–π.,assassin4bruno,4040,15484
–î.–ò–Ω–¥—Ä–∞,indra_rinna,4016,388
Erkhemee #Anduud,erkhemee,3800,3598
–≠.–ë–∞—Ç—Å—É—É—Ä—å,BatsuuriE,3794,8370
SUMIYA‚Ñ¢ ¬Æ,mglsumiya,3630,21205
–î–∞–∞—à–∏–Ω–∑—Ç–∞–π –±v—Å–≥v–π,sainsanaa12,3621,4906
–≠—Ä–¥—ç–Ω—ç,Borookhoi,3536,11236
Idea.mn,www_IDEA_mn,3453,3047
–î—ç–º–±—ç—Ä—ç–ª–∏–π–Ω –û–†–û–°–û–û,DOrosoo,3347,1870
–ê–∞–≥–∏–π,altantulga_b,3298,15090
–ë–∏–π–º–∞–∞,BiimaaD,3273,4727
“Æ“Ø—Ä–∏–π–Ω—Ç—É—è–∞,ugluuniihvn,3271,801
Vip76,vip76,3196,16167
Sergei,bjirgegch,3193,392
Boulzy,BOulzy,3129,25087
–ü“Ø—Ä—ç–≤ –•–∞—à—á—É–ª—É—É–Ω,KhashchuluunP,3097,566
–ë—É–¥ –û–¥–æ–Ω ·†£·†≥·†•·†®,BudOdon,3088,27654
Okhindoo,Onio_D,3087,4553
–¢“Ø—à–∏–≥,tvshigee1,3016,11873
–≠–Ω—Ö–±–∞—Ç,Eegii3,2971,11475
Xa–ª–∏—É–Ωaa,haliunka89,2900,77
Tanan Ganbold,Tanan0704,2866,9994
Davaa,Davaa77,2858,7075
turbat,turuu_hw,2793,2294
khishgee,maadai69,2742,1616
Mongolian Embassy US,MGLEmbassy_USA,2729,1883
ERISC.MN,MonEcologist,2710,7906
–ó”©–Ω–≥”©—Ä,bajirsan,2630,15944
Mongolian Masoch,MongoliaMasoch,2596,95
–¢–æ–≥–æ—Å –ø—ç–π–Ω—Ç,togospaint,2560,3450
–ë.–ë–∞—è–Ω—Ü–∞–≥–∞–∞–Ω,BBayantsagaan,2550,305
–ê–ª–º–∞–∞–∑–∞–Ω —É–Ω–∂–ª–∞–≥–∞—Ç,orgil100,2539,10535
Ganbaatar.O,Ganbaatar1986,2384,78
Tsogt-Ochir.Donio,TsogtOchir11,2364,6270
–≠.–ë–∞—Ç–±–æ–ª–¥,E_Batbold,2344,703
Iderbat,Iderbate,2297,6472
Ub Agency,ub_agency,2276,9356
–ñ.–ë–∞—Ç—Ç—É–ª–≥–∞,BachkaJB,2269,8126
–î–ê–®–•“Æ“Æ –î–∞–≤–∞–∞–≥–∏–π–Ω,DDashkhuu,2239,2469
ü¶ã–∂–∞–≥–∞–∞ü¶ã,jagaa_Gj,2230,2366
deed.mn,DeedMn,2206,3113
–ò—Ç–∞–∫–æ,itako999,2196,15217
–ê–Ω–∞–Ω–¥.–î,ananddul,2191,637
–ê—à–∏–¥ –Ω—ç—Ä—Ç—ç–π,zulaa_ng,2175,3464
khulan,khulan15586982,2113,183
–ù—ç—ç–ª—Ç—Ç—ç–π –•—ç–ª—ç–ª—Ü“Ø“Ø–ª—ç–≥,MongolForumMN,2106,17562
Uyanga MB,nomad_history,2070,959
–û–π–¥–æ–≤ „Éü„ÇØ,IcsMiky,2065,4479
–ê–≤–∞—Ä–≥—É—É–¥—ã–Ω –ó”©–≤–ª”©–ª,avarguud,2061,395
–≠.–≠—Ä–∫–∞,EegiimaaE,2057,5339
–ê–ª—Å—ã–≥—Ö–∞—Ä–∞–≥—á-–¢–æ–ª—å–¥–æ–≥—á,alsharagch,2056,2436
Vipassana Mongolia,ShirendevD,2050,588
–ë.–ê–º–∞—Ä–∂–∞—Ä–≥–∞–ª,_Amarjargal,2046,8444
khishig88,khishigkhishig,1925,3650
–£–ª—Å —Ç”©—Ä–∂—å–µ,politicmon,1879,1154
BB,bulgaa_engo,1845,712
–≠–Ω—Ö–±–∞—Ç,7309Bat,1837,1091
enhee,enhee94844648,1759,194
Tsogzolmaa,Tsogzolmaa,1727,1446
–ú–ê–õ–ß–î–´–ù –û–†–õ–û–ì–û,MalchdiinOrlogo,1725,33
tsetsegmaa,sharawflower,1724,38
Gaaya,galsandondog,1667,3457
–ò–¥—ç—Ä,Iderroad,1657,3677
Zugii (–ó”©–≥–∏–π),ZugiiMn,1645,3358
Uuganjargal,UuganaAsel,1621,128
tattoolover,bubulgn,1619,1964
tsogdorj,tsogdorj,1606,3213
–ó–æ–æ–≥–∏–π,Dornod_Zorig,1548,1562
Tserenpurev,MrTsepu,1534,2309
‚Ññ29,3ACBAP,1506,18763
Khulaka,mooyzi,1505,2950
Bujee,bujee05,1502,9038
Purevdulam,bombolog,1497,1333
—à–∞—Ä —Ç–∞–π–ª–∞–≥—á,unurildino,1496,3532
–ë–æ–æ–≥–∏–π,boogii0713,1466,1374
–ì.–¢”©–≥”©–ª–¥”©—Ä,GTuguldur7,1462,909
–ñ—É–¥–∞–≥–∏–π–Ω –ë–∞—è—Ä–º–∞–∞,bayarmaaju,1443,962
Bayaraa,abayraa,1437,2759
–ë–∞—è—Ä—Ü—ç—Ü—ç–≥,Bayartsetseg2,1417,645
Bat-Otgon Bat-Ochir,bat_otgon_b,1382,5877
”®.”®—Å”©—Ö–±–∞—è—Ä,UUsuxuu,1377,117
–ú–ê–ù –¥—ç–º–∂–∏–≥—á,erguudurak33,1343,216
”®–≥”©–¥—ç–π¬©,cash_0214,1342,4192
–Ø.–ë–∞—è—Ä—Ö“Ø“Ø,yabkhuu,1327,1495
–•“Ø“Ø—Ö—ç–¥ –Ω–∞—Å–Ω—ã –¥—É—Ä—Å–∞–º–∂,HuuhedNas,1323,346
–®–∏–Ω—ç –∂–∏–ª –∞–π—Å—É–π,eejbolnoo,1321,9430
–•–æ—Ç—ã–Ω –∂–∞–∞–ªüòé,batubayaru,1320,13833
Intermed Hospital,Intermed_mn,1279,1281
–°“Ø–Ω–∂–∏–¥–º–∞–∞,Sunjidmaa58,1277,10
–ê–ª—Ö–∏–º–∏—á,zaya9229,1249,712
Battur,E_Battur,1240,11042
–¶.–ñ–∞–≤—Ö–ª–∞–Ω,jass_jav,1238,958
–ì.–•–æ—Å–±–∞—è—Ä,gan_ur,1228,10860
–®–∏–Ω—ç –°–æ–Ω–≥–æ–ª—Ç,shinesongoltmn,1228,1415
–ó–æ—Ä–∏–≥,Zorigoo_nda,1217,397
Ariunbold,Ariunbold_tse,1213,978
–ì.–ì“Ø–Ω—á–∏–Ω-–ò—à,GunchinIsh,1208,2138
üá≤üá≥khatanbaatar,71Khatnaa,1201,2243
bakai,bakai6,1190,3805
burmaa,burmaa1226,1171,4662
–¢—É–ª–≥–∞—Ä –¢”©—Ä,yygii28,1162,1840
Munkhjargal Byamba,munkhjargalb,1161,1810
–°–∞–Ω–∂–∞–∞ –ê–¥–∏–ª–±–∏—à,Sanjaa3639,1155,183
StraightForex - Raul,straightforex,1135,1031
Ganbayar Ganbaatar,mamblosh,1134,12144
Tuvsho,tuvshok1,1123,2026
Anna,Nurrit,1112,814
Munkhjargal,munkhjargal2020,1106,25
A.Erdene,Ebulgan18,1105,1495
–ñ–î–®-—á–¥–∏–π–≥ —à“Ø“Ø!,AvirTserendagva,1100,5040
Mongolyn Bayarpurev,MBayarpurev,1091,2189
Bijken boljmor,bultuush2,1078,5336
–ë—è–º–±–∞,0622_bymbaa,1066,552
Viva.MN,Viva_MN,1061,1295
–¢–æ–¥–æ–æ,topmodel_999,1057,6301
ITPark Mongolia,NITParkmn,1037,1200
Baatar Bulganbayar,bbulganbayar,999,2891
–°–ø–æ—Ä—Ç–ª–æ–≥,sporthobbys,998,7006
–®–∏–∂–∏—Ä,BaterdeneShijir,993,418
mtravel.mn,MTravelmn,990,1047
–ß–∏–º–≥—ç—ç –±“Ø—Å–≥“Ø–π,hchimeg,972,56
–£—É–∂–∏–º –ë—É—É—Ä–∞–ª,Khunbish,967,6925
–î—ç–ª—Ö–∏–π–Ω —Ö–æ—Ç-–£–ë,worldcity_ub,954,520
–°“Ø—Ö—ç—ç,BatsukhBatsukh9,950,4156
Namuun,hurlbatmn,949,391
Maagaa,Maagaa_mn,945,8673
–ë—è–º–±–∞—Å“Ø—Ä—ç–Ω,M0ng0Iia,932,555
Bumbaarai hvv,AayagluuAgluu,932,121
–ë–∞—Ç-–≠—Ä–¥—ç–Ω—ç,BBaterdene90,931,14
Sh_Zobat,Zorigoo_Sh,926,1714
S.Luvsantsoodol,SLuvsantsoodol,908,102
–•–∞—Ç–∞–≥—Ç–∞–π ,Khatagtai,900,1152
SOCIAList,Tsogtbayar125,898,529
Togtokhbayar,Togtokhbayar_P,881,1
–ë–∞ –ë–∏,BarsBBBilguun,872,2533
–í–∏—Ä—Ç—É–∞–ª –ê–∫–∞–¥–µ–º–∏,gmbacademy,872,640
dashdemberel,dashdemberel_ts,855,163
Munkhuu BM,Batmunkhdorj,851,332
üê¶—à–∞–∞–∑–≥–∞–π,shaazgai,839,1698
–°–º–∞—Ä—Ç –ë–∞—Ä–∏–ª–≥–∞,oyuntseren2,817,390
Khongorzul,Khongor123,810,127
Zbahw,z_bayarmaa,809,1293
Uugantsetseg.B,UugantsetsegB2,796,76
XVGBabyDolphin,XVGBabyDolphin,788,1007
–ë.–¢”©—Ä–±–æ–ª–¥,turbold0624,777,271
–ë–∞—Ç —à–∏–≥ –±–∞–π,BeLike_Bat,776,286
Ganaa,ub_ganaa,770,101
–î—É—É—Ä—å –ë–∞–ª–µ—Ç,opera_mn,770,156
–ì–∞–Ω–±–∞–∞,GanbaaGanbaa5,765,44541
–•–∞–Ω–≥–∞–π,Khangai_999,764,40
–ù–æ–º–∏–Ω,nomin1985,756,136
Zori,batarig,749,2583
Cengel,Cengelbb,731,105
Bishrel,bishrell,715,618
A.Altantuya,Altantuya2018,706,253
–ë.–ê–º–≥–∞–∞,am_gaa,701,1
Ganbold GANTULGA,g_gantulga,700,182
–•–∞—Ä –∞—Ö,BatboldBoldoo,695,95
–ë.–ù–û–ú–£–£–ù,jargalmaaT,694,2
Tattoo Shawty,TattooShawty101,688,10230
oyu,oyu_200,682,461
bagaademjie,tseku1029,679,3343
S.Ganbaatar Javkhlan,ganbaatar_s,677,153
Khassuuri Foundation - –•–∞—Å—Å—É—É—Ä—å –°–ê–ù,khassuuri,674,46
Bilegdemberel,bileg_412,671,49
Narkhulan Ye,NarkaYe,671,2565
–ê.–ë–∞—Ç-–û—Ä—à–∏—Ö,A_Batorshih88,657,262
–≠–Ω—Ö,enkhee_enkh,656,3776
shiileg,shiileg1102,649,91
Enkhjargal,Enkheebio,649,2272
Mangaa,bayarg,640,607
Bolortuya,bolortuyak,627,867
Nakamoto Game,nakamotogame,624,96
Byambatsogt,byambatsogt,600,1801
–ì. –£—è–Ω–≥–∞,g_uyanga12,600,1542
–¢”©–≥—Å,UrantugsSayakhu,598,1073
batnaa,85Batnaa,596,26
enhe,enke32,587,436
–ë–∞—Ç-–≠—Ä–¥—ç–Ω–∏–π–Ω –û–î–ë–ê–Ø–†,oduujin_1011,581,736
Sodgerel buhgerel,sodooshd,557,368
Ronnie Yorston,Freedom29041960,550,263
–ë–∏–ª–≥—ç—ç,BILGEE05156829,549,1490
sain,sainaa888,546,173
Bulgan Police,BulganPolice,541,404
Zoloo,HandvanZolo,538,77
–≠–ó“Æ–î–°—É—Ä–≥—É—É–ª—å,MubeEduMN,527,760
RonyfxUK,RonyfxUK,524,569
–°–æ—Ü–∏–∞–ª–∏–∑–º,Ulun_nudet,519,409
–•–ó“Æ–•-–≥–∏–π–Ω –ù–æ–º—ã–Ω —Å–∞–Ω,library_HZUH,518,1071
–°—ç–ª—ç–Ω–≥—ç—ç,Selengee0726,514,145
Sky Department Store,Sky_dept_store,508,152
Tulgaa,Tulgaa61437755,502,41
–ú—ç–¥—ç—ç–ª–ª–∏–π–Ω –±–∏—Ä–∂,MBirj,495,775
–û.–°“Ø—Ä—ç–Ω—Ö–æ—Ä,oemc_surnee,486,86
Enkhbold Mijiddorj,m_enkhbold,485,469
Tsogbadrakh.S,SukhTsogoo,480,135
–•“Ø—á—ç—ç –ù—ç–≥—Ç–≥—ç–µ,HucheeNegtgiE,473,57
Misheel Mega Mall,MallMisheel,468,90
–¶–∞—Ö–∏–ª–≥–∞–∞–Ω—ã –º–∞—Ç–µ—Ä–∏–∞–ª,Electro_mater,464,25
Chuluunbaatar,chuluunbaatar,463,21
River Sounds,RiverSoundslive,444,280
–ë–∞—Ç –°–∞–Ω—Å–∞—Ä,Bat_sansar,433,343
–ò–≤–∞–Ω–æ–≤–∞ –õ–∏–∑–∞,LizaTiza24,424,36
battsooj-artist,ArtistBattsooj,418,118
Herlen,heku03,403,860
Oyuntuya ,Oyuntuya_m1,398,43
NY,nyamde,395,94
00000,nusanbuu,393,59
–£–ª–∞–∞–Ω–∞–∞,Jorj0715,388,134
Davaa-Doctor,davaa1551,386,103
Nick MR,NickMGL,381,3823
Munh-Erdene,BiMunh,378,2008
–û—Ä–≥–∏–ª,orgil_a,362,203
Amarzaya,Amarzaya03,362,671
Tsebo,qwertybold,362,779
–•“Ø—Å—ç–ª–ó–æ—Ä–∏–ª–≥–æ–æ–ù—ç–≥—Ç–≥—ç–µ,khuszorineg,354,24
–ü–æ–≥—Ä–∞–Ω–∏—á–Ω–∏–∫,tmln_t,352,6
Munkhsaikhan,munkhuu0916,340,11
buyanaa nyambuu,BNyambuu,335,0
hulan,UnHulan,332,15
Mongol busgui,mongol80661528,330,7
Battogtokh,Battogtokh2,329,254
...::: LEO :::...,DavinciFuLL,325,141
–ü“Ø“Ø–∂—ç—ç,purevdorj_16,322,28
stocks,dtsegy,318,117
‚ô•MADLINAA‚ô•,kisses_laura,313,1989
–û—Ç–≥–æ–æ,9919Cent,312,455
Ambra Amar,amartaivan_s,310,56
–ê–º—å–¥—Ä–∞–ª–¥ –¥—É—Ä–ª–∞–≥—á,Mongol_irka,305,13
–¢.–ë–∞—Ç–∑–æ—Ä–∏–≥,zorigoo4411,301,26
Javkha,jCHonos,299,34
Naranbayar,naki_faroonts,297,14
–¶.–û—Ç–≥–æ–Ω—Ç–æ–¥—Ä–æ—Ö,Otgontodrokh,296,7
Segi Solon,to_segi,287,877
Dogsom Bolormaa,BolormaaDogsom,283,144
munkhuu,t_munkhuu,254,14
elizaveta_liza_03,03Liz20,251,93
amartour,amartourgo,247,0
odnoo odnoo,odnoo59,246,1007
royalzuuch.mn,royalzuuchmn,245,104
–°“Ø—Ä—ç–Ω–¥–æ—Ä–∂,surendorj71,242,429
King Motors Inc,KingMotorsInc,234,272
–§—Ä–∞–∫—Ü,Frakts,231,26
yesui,yesui3,229,0
–•–∏—à–∏–≥–¥–∞–≤–∞–∞,khishigdavaa1,219,70
t.shinebayar_123,shinebayar_123,214,101
UBparkmn,UBparkmn,211,1454
Tebo machinery(Bob),ChengBob0202,199,58
–î—É—É–¥–ª–∞–≥—ã–Ω –∂–æ–ª–æ–æ—á,Jolooch95949494,198,4
Keith Robinson,MrReality09,195,410
Bolortsetseg,deluxq,193,170
altaa,alta666,192,1
Galkhvv Oyun tuya,GaltsaihanT,183,17
DoCToR KhuaN,khuanysh,180,98
Free mind,Amgalan4488,174,30
Munghe,munghe,174,33
Dorligsuren Ulamtuvs,ulamtuvsnin,171,75
Jekyll Themes,jekyllthemesio,169,131
Urnaa,urnaa28,169,137
puujee,puujee6317,157,1
HELP ME,HELP_ME_MGL,156,134
–≠–Ω—Ö–∑—É–ª –ó—É–ª–∞–∞,zul_bayar1314,148,13
N.Erdene,Erdene,132,356
dundgol,9011Baagii,131,331
Ms.Gk,Chngrl,127,4
baterdene,Shine_bair,115,0
–ë—è–º–±–∞–∑–∞—è–∞,BzayaHu,114,12
otgonzaya dalantai,Otgoo9119,112,9
Davaa-Ochir,DavaaOchir,109,89
M8 Forex,M8Forex,107,4
–ù”©—Ö”©–Ω —Å—ç—Ä–≥—ç—ç–ª—Ç –ú–ë–•,n_sergeelt,106,5
t.baterdene,baterdene_t,92,1
Dulguun,DuLguun79316310,86,16
–ë–∞—Ç—Å–∞–π—Ö–∞–Ω—ã –ó–û–õ–ñ–ê–†–ì–ê–õ,ZolkaZolyka,81,12
BaterdeneVandansuren,VBaterene,78,380
–°—É—Ä–∞–ª—Ü–∞–≥—á,tegshe_53,73,7
Odgerel oogii,Otgontsaram,71,2
key,key36447759,70,0
–õ—è—à–∫–æ   –†–∞–∏—Å—Å–∞,Edeniort473986,68,4
Batmunkh,batmunkh68,67,6
–õ.–ë—è–º–±–∞–¥–æ—Ä–∂,XlEOoGh1eGwZo4y,66,3
Home Land,sunduiavad,66,0
Sainbayar Dorjgotov,SainaaDorj,61,0
–¶–æ–≥—Ç,Tst_Tsogt,58,30
”®. –°—ç—Ä–≥—ç–ª—ç–Ω,a156dc1523f9495,57,3
bayaraa bayar,bayaraag452,54,255
noomi,noomi58973621,50,0
an1,an1m2,50,5950
Oidov Munkh-Erdene,OidovMunkh,50,4
Enkhjargal,ejl_g,49,45
–¢“Ø—à–∏–≥,B_Tushig,48,22
Ganaa,Ganaa08069233,46,0
Bat.j,bat_major,45,33
Tuvshinmunkh,Tuvshinmunkh1,44,4
Demchigsuren.D,Deegii_321,38,0
Tuguldur,Tuguldu15873977,37,2
–î–æ—Ä–∂–≥–æ—Ç–æ–≤ –ì–∞–Ω—Ç—É–ª–≥–∞,ganaa72a,35,154
Ulambayar,Ulambay49255546,31,1
Bolorkhuu,Bolorkhuu5,28,0
Baachka Baatarsvkh,BBaatarsvkh,23,3
sarangoo,goosarangoo89,21,0
–ó–∞–≥–≤–∞—Ä–ª–∞–≥ & –•—è–º–¥—Ö–∞–Ω,fashionablebbe,20,0
batsuren,batsure98358363,19,18
Namuun,NamuunEmilia,17,3
Gerelt-od.d,gerbridge,15,19
Enkhbat Sundui,enkhbatsu1,14,12
Batmunkh Ukhna,BUkhna,10,5
Enkhbat Sundui,enkhbatsu,9,13
Sunderiya,sunderoolt,8,9
Borgio baatar,BorgioB,7,1
ÏïàÏõêÌÉú,wsx1692,6,0
Bolormaa Namkhai,BNamkhai,6,0
Batmunkh,bat032717,5,4
oyuka,OkOyuha,4,17
Mandkhai,Mandkhai2002,4,4
bobih,Bobih0722,3,0
Baaska,Baaska888,1,0
oyunaa,oyunaa19877848,1,3
onon,onon16973338,1,0
