name,screen_name,description,statuses_count,friends_count,followers_count,account_age,average_tweets_per_day
–ù.–ù.–ù–æ–º—Ç–æ–π–±–∞—è—Ä,Nomt7,,1237,1613,49622,2600,0.4757692307692308
Odontuya Saldan,OdontuyaS,Chairman of @DCWU_Mongolia | Governor of Bayangol District | –ò—Ä–≥—ç–Ω –¢–∞ –±–∞—è–ª–∞–≥ –°–∞–Ω–≥–∏–π–Ω –±–æ–ª–æ–Ω –ê–ù-—ã–Ω –ê–≠–•-–Ω—ã –¢—ç—Ä–≥“Ø“Ø–Ω | –ë–∞—è–Ω–≥–æ–ª –¥“Ø“Ø—Ä–≥–∏–π–Ω –ó–∞—Å–∞–≥ –î–∞—Ä–≥–∞,26145,2264,138512,3429,7.624671916010499
–¢.–ê—é—É—Ä—Å–∞–π—Ö–∞–Ω,ayursaikhan,"–î–æ–∫—Ç–æ—Ä —ç–¥–∏–π–Ω –∑–∞—Å–∞–≥—á, Ph.D.
–£–ª—Å—ã–Ω –ò—Ö –•—É—Ä–ª—ã–Ω –≥–∏—à“Ø“Ø–Ω
–•”©–≥–∂–ª–∏–π–Ω —Ç”©–ª”©”©—Ö —ç—Ä–¥—ç–º—Ç—ç–¥

Member of Parliament
Chair of StandingCommittee
Mongolian Scientists for Development",4169,1899,122754,3365,1.2389301634472512
–ë—è–º–±–∞—Ü–æ–≥—Ç –°–∞–Ω–¥–∞–≥,BYAMBATSOGT_S,"Member of the Parliament Mongolia üá≤üá≥ Minister of Justice and Internal Affairs, Mongolia",5691,2407,92942,3515,1.6190611664295875
–õ“Ø–Ω–¥—ç–≥–∏–π–Ω –ù–∞—Ä–∞–Ω–±–∞–∞—Ç–∞—Ä,Naranbaatarl,"–£—É–ª —É—É—Ä—Ö–∞–π–Ω –∏–Ω–∂–µ–Ω–µ—Ä-—ç–¥–∏–π–Ω –∑–∞—Å–∞–≥—á, –ê–≤—Å—Ç—Ä–∞–ª–∏-–ê–∑–∏–π–Ω —É—É–ª —É—É—Ä—Ö–∞–π, –º–µ—Ç–∞–ª–ª—É—Ä–≥–∏–π–Ω –∏–Ω—Å—Ç–∏—Ç—É—Ç (AusIMM)-—ã–Ω –≥–∏—à“Ø“Ø–Ω. 3—Ö3 —Å–∞–≥—Å–∞–Ω –±”©–º–±”©–≥–∏–π–Ω –£–ª–∞–∞–Ω–±–∞–∞—Ç–∞—Ä –ê–º–∞–∑–æ–Ω—Å –±–∞–≥–∏–π–Ω —ç–∑—ç–Ω",83194,4331,47498,2769,30.044781509570242
–ñ.–°“Ø—Ö–±–∞–∞—Ç–∞—Ä,Sukhbaatar_J,–ú–û–ù–ì–û–õ –ú–ê–ù–î–ê–ù–ê üá≤üá≥ #–•—É—É–ª—å—á #ConstitutionalAdministrativeLaw,65107,6914,47059,3311,19.66384778012685
Badrakh Naidalaa,Naidalaa,"–≠–¥–∏–π–Ω –∑–∞—Å–∞–≥—á, —Å–∞–Ω—Ö“Ø“Ø—á.    UFE | Kobe University, @XYH_Party | Party Leader,   
@mongolianbanker | former CEO 
@ToC_Mongolia | #GreenFinance #–£—É—Ö–∞–π!",14083,6046,28639,3743,3.762489981298424
–ë–∞—Ç—Ç”©–º”©—Ä–∏–π–Ω –≠–ù–•–ë–ê–Ø–†,Enkhbayar_bat,–•—É—É–ª—å—á,71398,874,43291,2715,26.297605893186002
Bulgantuya.Kh,KhBulgan,"Vice minister of finance, economist, optimist and mom of 3.",4518,21619,25450,2782,1.6240115025161754
–ì–∞–Ω–∏–±–∞–ª—ã–Ω –ê–º–∞—Ä—Ç“Ø–≤—à–∏–Ω,Amartuvshin_Xac,"–≠–¥–∏–π–Ω –∑–∞—Å–∞–≥—á, Harvard Business School MBA, YPO, Shark Tank Mongolia investor.",67,275,11107,938,0.07142857142857142
–õ.–û—é—É–Ω-–≠—Ä–¥—ç–Ω—ç,OyunerdeneMN,"Member of Parliament, ‚ÄúAsian Khuleg‚Äù institute, Harvard University, School of Government.",8884,1988,52949,3324,2.6726835138387486
–•–∞—Å—Å—É—É—Ä–∏–π–Ω –ì–ê–ù–•–£–Ø–ì,KhGankhuyagMN,"–ê—è–ª–∞–≥—á, –£–ª–∞–∞–Ω–±–∞–∞—Ç–∞—Ä –∞–º–∞–∑–æ–Ω—Å 3—Ö3, –•–µ—Ä–∞ –•–æ–ª–¥–∏–Ω–≥—Å",11607,1043,11640,3372,3.442170818505338
Tsogtbaatar Damdin,TsogtbaatarD,"–£–ò–•-—ã–Ω –≥–∏—à“Ø“Ø–Ω, –ì–∞–¥–∞–∞–¥ —Ö–∞—Ä–∏–ª—Ü–∞–∞–Ω—ã —Å–∞–π–¥, –ù–∏–π—Å–ª—ç–ª–∏–π–Ω –°“Ø—Ö–±–∞–∞—Ç–∞—Ä –¥“Ø“Ø—Ä–≥–∏–π–Ω –ú–ê–ù-—ã–Ω —Ö–æ—Ä–æ–æ–Ω—ã –¥–∞—Ä–≥–∞ | Minister for Foreign Affairs of Mongolia, MP",11722,1679,47752,3031,3.8673705047838998
Damdinnyam Gongor,Daimka07,"–î–∞—Ä—Ö–∞–Ω —Ö–æ—Ç–æ–¥ —Ç”©—Ä—Å”©–Ω, –£—É–ª —É—É—Ä—Ö–∞–π–Ω –±–æ–¥–ª–æ–≥–æ –±–∞ –∑–∞—Å–∞–≥–ª–∞–ª —Å—É–¥–∞–ª–¥–∞–≥. BASc (law), MASc (Mining; Politics) Researcher| UBC Alum üë®‚Äçüéì üá®üá¶ üá≤üá≥",166440,1513,10799,3419,48.680900848201226
–•—É–≤–∏–π–Ω–•—ç–≤—à–ª–∏–π–≥–•–∞–π—Ä–ª–∞,B_Munkhtselmeg,"–ó–∞–ª—Ö—É—É—Ä–∞–ª–≥“Ø–π –¥–æ–æ—Ä—Ö 2 –ª–∏–Ω–∫–∏–π–≥ –¥–∞—Ä–∞–∞–¥ “Ø–∑—á–∏—Ö. –ë–∏–¥ —É—É—á–ª–∞—Ö–≥“Ø–π —Ö”©–¥”©–ª–≥”©”©–Ω –£–ò–• –ó–ì-—Å —é—É —Ö“Ø—Å—ç—ç–¥ –±–≥–∞ –Ω—å –æ–π–ª–≥–æ–≥–¥–æ–Ω–æ. 

https://t.co/qHGwg0o2IK

http://petition.parl",17275,5610,15256,2703,6.391046984831669
–î.–¢“Ø–º—ç–Ω-”®–ª–∑–∏–π,artanyan,–Ø–¥–∞–∂ –Ω“Ø“Ø—Ä—ç—ç —Å–æ–ª–∏—Ö —Ü–∞–≥ –±–æ–ª—Å–æ–Ω...,41339,1858,27332,1987,20.80473074987418
