name,screen_name,followers_count,average_tweets_per_day,tweets,retweets
Enkhbat Dangaasuren,enkhbat,184779,6.238614341085271,"RT @enkhbat: –ß–∞–¥–∞–ª—Ç–∞–π —Ö“Ø–º“Ø“Ø—Å –±“Ø—Ç—ç—ç—Å–Ω—ç—ç—Ä—ç—ç –≥–æ—ë–¥–æ–≥. –°—É–ª —Ö“Ø–º“Ø“Ø—Å —Ö—ç—Ä—ç–≥–ª—ç—ç–≥—ç—ç—Ä—ç—ç –≥–æ—ë–¥–æ–≥. –≠–Ω—ç –±–æ–ª —Ö“Ø–Ω–∏–π–≥ —Ç–∞–Ω–∏—Ö —Ö–∞–º–≥–∏–π–Ω —ç–Ω–≥–∏–π–Ω, —á—É—Ö–∞–ª —à–∏–Ω–∂ —Ç—ç–º–¥–≥–∏–π‚Ä¶",228
Uyanga Tsoggerel,Uyanga_ts,81989,99.95527638190954,RT @Uyanga_ts: –ñ–æ–Ω—Ö—É—É –∑–¥–∞–∫–∞–∞—Å –±–æ–ª–∂ 10 –≥–∞—Ä—É–π –∂–∏–ª –º–∞—à–∏–Ω–∞–∞—Ä –Ω“Ø“Ø—Ä—Å—ç—ç –∑”©”©–∂ –±–≥–∞–∞ –Ω—å –±–∞–≥–∞–¥–∞–∞–¥ –û—Ä–æ—Å–æ–æ—Ä –¥–∞–º–∂—É—É–ª–∞–Ω –•—è—Ç–∞–¥ —Ä—É—É –≥–∞—Ä–≥–∞—Ö–∞–∞—Ä —É–ª–∞–π—Ä–∞–∞–¥ —ç—Ö—ç–ª–ª‚Ä¶,112
–ë–ê–¢–´–ôüá≤üá≥,batengineer,61512,45.55601148953632,"RT @batengineer: –≠–º–Ω—ç–ª–≥–∏–π–Ω —Ö—è–Ω–∞–ª—Ç–∞–Ω–¥ –±–≥–∞–∞ –∑–∞–ª—É—É—Å–∞–∞—Å –Ω—ç–º–∂ –∏–ª—Ä—ç—Ö—ç–¥ —Ü–æ—á–∏—Ö —Ö—ç—Ä—ç–≥–≥“Ø–π. –¢—ç–¥ —Ç–∞—Ä–∞–∞—Ö–≥“Ø–π, —ç–º–Ω—ç–ª—ç–≥—Ç—ç—ç —ç–º—á–ª“Ø“Ø–ª—ç—ç–¥ —ç–¥–≥—ç–Ω—ç. –•–∞—Ä–∏–Ω –û—Ä–æ—Å–æ–æ—Å‚Ä¶",28
–≠—Ä–¥—ç–Ω–∏–π–Ω –ë–∞—Ç-“Æ“Ø–ª,E_BatUul,54477,0.24825493171471927,RT @E_BatUul: 5-—Ä —Å–∞—Ä—ã–Ω 21-–Ω—ã ”©–¥—Ä–∏–π–Ω 11 —Ü–∞–≥—Ç –°“Ø—Ö–±–∞–∞—Ç–∞—Ä—ã–Ω —Ç–∞–ª–±–∞–π–¥ ‚Äú–ú.–≠–Ω—Ö—Å–∞–π—Ö–∞–Ω–∞–∞ –¥–∞—Ä–∞–Ω–≥—É–π–ª–∞–≥—á–∏–¥ ”©–≥”©—Ö–≥“Ø–π!‚Äù —Å—ç–¥—ç–≤—Ç —Ü—É–≥–ª–∞–∞–Ω—Ç–∞–π. –î–∞—Ä–∞–Ω–≥—É–π–ª–ª—ã–≥ —ç—Å‚Ä¶,162
–û–¥–∫–æ,odbayare,53614,20.30156388315137,"RT @odbayare: –ú–æ—Å–∫–≤–∞ #Covid_19-–¥ “Ø–Ω—ç–Ω –±—ç–ª—Ç–≥—ç–ª–≥“Ø–π –±–Ω –¥”©. –í–ª–æ–≥–≥–µ—Ä –∑–∞–ª—É—É ”©”©—Ä–∏–π–≥”©”© –ò—Ç–∞–ª–∏–∞—Å –∏—Ä–ª—ç—ç –≥—ç—ç–¥, –Ω–∞–º–∞–π–≥ —Ç—É—Å–≥–∞–∞—Ä–ª–∞–∞–¥ ”©–≥”©”©—á, —à–∏–Ω–∂–∏–ª–≥—ç—ç –∞–≤–∞–∞‚Ä¶",67
Mr. Citizen,NinjbatL,51019,34.179873455860196,RT @NinjbatL: –ê–≤—Å—Ç—Ä–∞–ª–∏–∞—Å –ú–æ–Ω–≥–æ–ª —Ä—É—É –∏—Ä—ç—Ö —Ö“Ø—Å—ç–ª—Ç—ç—ç –∏–ª—ç—Ä—Ö–∏–π–ª—Å—ç–Ω —è–Ω–∑ –±“Ø—Ä–∏–π–Ω —Ö“Ø–Ω–¥—ç—Ç–≥—ç–Ω “Ø–∑—ç—Ö —à–∞–ª—Ç–≥–∞–∞–Ω—Ç–∞–π 800 –≥–∞—Ä—É–π –∏—Ä–≥—ç–¥ –±–∞–π–≥–∞–∞ –≥—ç—Å—ç–Ω. –ì—ç—Ç—ç–ª —Ç—ç—Ä‚Ä¶,14
–≠—Ä–¥—ç–Ω—ç—á–∏–º—ç–≥ –õ—É–≤—Å–∞–Ω,Erdenechimeg_L,50964,1.8704918032786886,RT @Erdenechimeg_L: –ê–∂–∏–ª–ª–∞—Ö –æ—Ä—á–∏–Ω –±“Ø—Ä–¥“Ø“Ø–ª—ç—Ö –Ω—å 21-—Ä –∑—É—É–Ω—ã trend. https://t.co/pcSlvDnpyq,12
Baasankhuu Oktyabri,baasankhuu_o,39476,3.5704493526275702,"RT @baasankhuu_o: –ù–∞–º–∞–π–≥ –¥–æ—Ä–æ–º–∂–∏–ª–∂, –≥—É—Ç–∞–∞–¥–∞–≥ —Ö“Ø–º“Ø“Ø—Å—Ç –±–∏ –Ω—ç–≥ –ª –∑“Ø–π–ª —Ö—ç–ª—å–µ. –ë–ò –•–£–õ–ì–ê–ô–ß –ë–ò–®. –ë–∏ –±“Ø—Ö–∏–π –ª —Ö—É–≥–∞—Ü–∞–∞–Ω–¥ —Ç”©—Ä–∏–π–Ω —Ö—É–ª–≥–∞–π—á –Ω–∞—Ä—ã–Ω –∑“Ø—Ä—Ö—ç–Ω–¥‚Ä¶",96
üòç Saruul üåéüôã‚Äç‚ôÄÔ∏è,AminaMongolia,39349,30.841834862385323,RT @AminaMongolia: –ê–º—Ä–∞–ª—Ç—ã–Ω ”©–≥–ª”©”©–Ω–∏–π –º—ç–Ω–¥—ç—ç#”®–¥—Ä–∏–π–≥ –∏–Ω—ç—ç–º—Å—ç–≥–ª—ç–ª –¥“Ø“Ø—Ä—ç–Ω —Å–∞–π—Ö–∞–Ω ”©–Ω–≥”©—Ä“Ø“Ø–ª—ç—ç—Ä—ç–πü§ó https://t.co/Doyd0nKfhu,26
Amaraaliberty,amaraaliberty,35845,23.57517171203256,"RT @amaraaliberty: –ê–º–∞—Ä—Å–∞–π—Ö–∞–Ω –¥–∞—Ä–≥–∞–∞ –ú–ê–ù-—ã–Ω –±–∞–π—Ä–Ω—ã —É—Ä–¥ ZU club-—ã–Ω “Ø“Ø–¥—ç–Ω –¥—ç—ç—Ä —Ü—É–≥–ª–∞—Ä—á –±—Å–∞–Ω —Ö“Ø–º“Ø“Ø—Å—ç—ç—Å –∏—Ö —Ü—É–≥–ª–∞–∞–¥, —Ö–æ–æ—Ä–æ–Ω–¥—ã–Ω –∑–∞–π–≥–∞–∞ –±–∞—Ä–∏—Ö–≥“Ø–π –±‚Ä¶",24
–ú”©–Ω—Ö—Ç”©—Ä–∏–π–Ω –ù–∞—Ä–∞–Ω—Ç—É—è–∞-–ù–∞—Ä–∞,m_narantuya,29752,26.64359637774903,"RT @m_narantuya: 28—Ç–∞–π –±—Ö–¥–∞–∞ —Ö“Ø“Ø–≥–∏–π–Ω—Ö—ç—ç —ç—Ü—ç–≥—Ç—ç–π –±–æ–ª–∑–æ–æ–¥ –ª –¥–æ–≥–¥–ª–æ–Ω–≥—É–π –∞–º—å—Ç–∞–Ω —è–≤–∂ –±–∂üòú –ë“Ø–≥–¥ –ë–∞—Ç—Ü–∞—Ü—Ä–∞–ª—ã–Ω –∞–≤—Å–∞–Ω –∑—É—Ä–≥—É—É–¥ –∫–∫–∫–∫–∫

–•“Ø“Ø–¥—ç—ç “Ø–∑“Ø“Ø–ª—Å—ç–Ω —á‚Ä¶",26
–ú–∞–∞–∑–ú–∞–∞—Ä–∞–∞,maazmaaraa,10804,11.328720787207873,"RT @maazmaaraa: –ú–ì–õ-—ã–Ω —Ö“Ø–Ω –∞–º—ã–Ω 80% –∏–ª“Ø“Ø –Ω—å —Ö–µ–ª–∏–∫–æ –±–∞–∫—Ç–µ—Ä—Ç–∞–π, —É–¥–∞—Ö–≥“Ø–π —ç–ª—ç–≥ –±–∏—à —Ö–æ–¥–æ–æ–¥–Ω—ã —Ö–∞–≤–¥–∞—Ä –∞—é—É–ª –±–æ–ª–Ω–æ –≥—ç–∂ 1—Å—É–¥–ª–∞–∞—á —Ö—ç–ª—Å—ç–Ω. –≠—Ö–Ω–∏–π —ç—ç–ª–∂–∏–Ω‚Ä¶",135
–ë—ç—Å“Ø–¥,Baaskaa2020,7125,5.6328611898017,"RT @Baaskaa2020: ”®–≥–ª”©”©–Ω–∏–π –º—ç–Ω–¥.
–°–∏–±–∏—Ä. –û–π–Ω –Ω—É—É—Ä https://t.co/MFdCnUbzQq",23
boldbaatar,boldbaa34595470,6018,21.294330083062476,"RT @boldbaa34595470: 1988 –æ–Ω.–ú–∞–Ω–¥—É—Ö–∞–π —Ü—ç—Ü—ç–Ω –∫–∏–Ω–æ–Ω—ã –∑—É—Ä–∞–≥ –∞–≤–∞–ª—Ç.–ë—É–ª–≥–∞–Ω –∞–π–º–∞–≥ –≠–ª—Å—ç–Ω —Ç–∞—Å–∞—Ä—Ö–∞–π–¥.
23-–Ω –Ω–∞—Å—Ç–∞–π –±–∞–π–∂—ç—ç. https://t.co/8DJEEvbBO1",21
Ariuka,Ariuka35140734,2468,7.368421052631579,"RT @Ariuka35140734: –ë“Ø–≥–¥—ç—ç—Ä—ç—ç —Å–∞–π—Ö–∞–Ω –∞–º—Ä–∞–∞—Ä–∞–π üòâüòç
–≠—Ä–≥—ç–∂ –¥–∞–≥–∞–∂ –±–∞–π–≥–∞–∞ —à“Ø“Ø! –£—É–ª –Ω—å
–ú–∏–Ω–∏–π —Ç”©—Ä—Å”©–Ω ”©–¥”©—Ä –±–æ–ª–∂ –±–∞–π–≥–∞–∞ —é–º–∞–∞. –¢–∞ —Ö—ç–¥–∏–π–≥ —Ç”©—Ä—Å”©–Ω ”©–¥—Ä”©”©—Ä‚Ä¶",16
–ñ–∞–≤—Ö–ª–∞–Ω,javhaad,2104,1.434039295738709,RT @javhaad: –¢–µ—Å–ª–∞ —Ö—è—Ç–∞–¥—ã–Ω CATL-—Ç–∞–π —Ö–∞–º—Ç—Ä–∞–Ω NMC —Ç”©—Ä–ª–∏–π–Ω —à–∏–Ω—ç –±–∞—Ç–µ—Ä–µ–π –±“Ø—Ö–∏–π –º–∞—à–∏–Ω–∞ “Ø–π–ª–¥–≤—ç—Ä–ª—ç–∂ —ç—Ö–ª—ç—Ö –≥—ç–∂ –±–∞–π–Ω–∞. –ú–∞—à–∏–Ω—ã–≥ –æ–ª–æ–Ω –¥–∞—Ö–∏–Ω —Ü—ç–Ω—ç–≥–ª—ç—ç–¥‚Ä¶,29
Billy Galüíïüåé‚òÑÔ∏è¬ÆÔ∏è,igoristhepurest,1362,17.80373831775701,"RT @igoristhepurest: –û—Ö–∏–¥—ã–Ω –ø—Ä–æ—Ñ–∞–π–ª –±“Ø—Å—ç–ª—Ö–∏–π–Ω—ç—ç—Å –¥—ç—ç—à –±–æ–ª –Ω–∞–º—Ö–∞–Ω, —Ö“Ø–∑“Ø“Ø–Ω—ç—ç—Å –¥—ç—ç—à –±–∞–π–≤–∞–ª —Ç–∞—Ä–≥–∞–Ω, –∑”©–≤—Ö”©–Ω –Ω“Ø–¥–Ω–∏–π –∑—É—Ä–∞–≥ –±–∞–π–≤–∞–ª –∑—É–≥—Ç —Ö—Ö–∞",12
Leaf,Navchaa12,856,0.6683657215673782,"RT @Navchaa12: –°.–ñ–∞–≤—Ö–ª–∞–Ω ""–ë–∞–π–≥–∞–∞ –∞–º—å–¥—Ä–∞–ª–∞–∞—Å –¥–æ–æ–≥—É—É—Ä –æ—Ä—É—É–ª–∞—Ö—ã–≥ –∞—Ä–¥—á–∏–ª–∞–ª –≥—ç–¥—ç–≥. –ê—Ä–¥—ã–≥ —á–∏–ª—ç—ç–∂ –∞–ª –≥—ç—Å—ç–Ω “Ø–≥."" 
–û–¥–æ–æ –Ω–∞–º–¥ –Ω—å –æ—Ä—á–∏—Ö—Å–æ–Ω —á–∏–ª—ç—ç–∂ –∞–ª–Ω–∞‚Ä¶",75
Batbileg1981,batbileg1981,473,8.267034990791897,"RT @batbileg1981: –≠–Ω–¥—ç—ç—Å –∏—Ä—Å—ç–Ω –º–∞–Ω–∞–π –∏—Ä–≥—ç–¥ –ª ”©–≤—á—Ç—ç–π –±–≥–∞–∞–¥ –±–Ω. –≠–¥ –Ω–∞—Ä —è–≤—É—É–ª–∞–∞–¥ –±–¥–∞–≥ –±—Ö –≥—ç–∂ —Ö–∞–∞—è–∞ –±–æ–¥–¥–æ–≥ –±–∞–π–ª–∞–∞, –æ–¥–æ–æ –±–∞—Ä–∞–≥ –∏—Ç–≥—ç—Ö –≥—ç—ç–¥ —á –±—Ö —à‚Ä¶",26
Dorjsuren Bat-Undral,BatuushBatU,422,0.027920646583394562,"RT @BatuushBatU: –≠–Ω—ç –¥–æ–ª–æ–æ —Ö–æ–Ω–æ–≥—Ç –∞–∂–∏–ª –∏—Ö—Ç—ç–π, –º—ç—Å –∑–∞—Å–∞–ª –∏—Ö—Ç—ç–π —Å–∞–π—Ö–∞–Ω –¥–æ–ª–æ–æ —Ö–æ–Ω–æ–≥ –±–æ–ª–ª–æ–æ... 4 ”©–≤—á—Ç”©–Ω–¥ –∞–æ—Ä—Ç-–º–∏—Ç—Ä–∞–ª —Ö–∞–≤—Ö–ª–∞–≥–∞ —Å–æ–ª–∏—Ö –º—ç—Å –∑–∞—Å–∞–ª,‚Ä¶",18
