user,tweets,favorites,date,english,polarity
enkhbat,"–£—Ä–∞–ª—ã–Ω ”©–≤”©–ª. –û—é—É—Ç–∞–Ω —Ü–∞–≥.  –≠–Ω—Ö–±–∞—Ç, –û—é—É–Ω–∞–∞ —Ö–æ—ë—Ä. 1978 –æ–Ω. –õ–æ–æ–≤—É—É–∑ –º–æ–æ–¥–æ–Ω–¥ –±–∞–π–ª–∞–∞ üòÄ https://t.co/6u4rdCd20r",843,2021-05-17 09:00:02,Ural winter. Student hours. Enkhbat and Oyunaa. 1978 he. Loovuuz was in fashion üòÄ https://t.co/6u4rdCd20r,0.1
enkhbat,"–ò–Ω–∂–µ–Ω–µ—Ä –≠–Ω—Ö–±–∞—Ç. 1990. –ö–æ–º–ø—å—é—Ç–µ—Ä, —Å“Ø–ª–∂—ç—ç–Ω–∏–π —Ç—É—Ö–∞–π —É–Ω—à–∏–∂, –º”©—Ä”©”©–¥”©–∂ —ç—Ö—ç–ª—Å—ç–Ω —Ü–∞–≥. –¢—ç—Ä “Ø–µ–¥ –∫–æ–º–ø—å—é—Ç–µ—Ä–∏–π–≥ –≠–í–ú/–¢–ë–ú –≥—ç–∂ —è—Ä—å–¥–∞–≥ –±–∞–π–ª–∞–∞ https://t.co/QPnLz85klC",675,2021-05-17 10:58:18,"Engineer Enkhbat. 1990. When I started reading and dreaming about computers and networks. At that time, computers were called computers / https://t.co/QPnLz85klC",0.4
GGanErdene,"–î.–≠–Ω—Ö–±–∞—Ç —á–∏–Ω—å –ò–¥—ç—Ä—ç—ç–≥–∏–π–Ω –ª —Ç–æ–º—Ä—É—É–ª—Å–∞–Ω —Ö—É–≤–∏–ª–±–∞—Ä —à–¥. –•—É–¥–ª–∞–∞ —à–∞–∞–≥–∞–∞ –ª –±–∞–π–Ω–∞, —è–º–∞—Ä —á —Ö–∏–π—Å—ç–Ω –∞–∂–∏–ª —à–∏–π–¥—ç–ª –±–∞–π—Ö–≥“Ø–π. –£–≥–∞–∞—Å–∞–∞ –¥—É—Ä–≥“Ø–π, –µ—Ä –Ω—å –¥—ç–º–∂–∏—Ö –∞–ª–±–∞–≥“Ø–π –±–∏–∑ –¥—ç—ç. –õ–∞–π—Ç–∞–π–Ω.",331,2021-05-15 09:21:49,"D.Enkhbat is an enlarged version of Ideree. It&#39;s a lie, there&#39;s no solution. You don&#39;t like it at all, you don&#39;t have to support it. Light.",-0.4
enkhbat,–ï—Ä”©–Ω—Ö–∏–π–ª”©–≥—á–∏–¥ –Ω—ç—Ä –¥—ç–≤—à–∏–≥—á –ù.–î–∞–Ω–≥–∞–∞—Å“Ø—Ä—ç–Ω–≥–∏–π–Ω –≠–ù–•–ë–ê–¢ –≥—ç–∂ —Ö—ç–Ω –±—ç ~ https://t.co/EcFjj61O36,299,2021-05-15 23:59:19,Who is the presidential candidate N.Dangaasuren&#39;s Enkhbat ~ https://t.co/EcFjj61O36,1.0
Uyanga_ts,–≠–Ω—Ö–±–∞—Ç –∞—Ö—ã–≥ —Ö“Ø–Ω–¥—ç–ª–Ω—ç—ç. –ì—ç—Ö–¥—ç—ç –±–∞—Å –∞—Ä–∞–π —á –ú–æ–Ω–≥–æ–ª–¥ –∏–Ω—Ç–µ—Ä–Ω–µ—Ç–∏–π–≥ –∞–Ω—Ö –æ—Ä—É—É–ª–∂ –∏—Ä—Å—ç–Ω –≥—ç–∂ —Ç“Ø“Ø—Ö—ç—ç —Ö—É–¥–ª–∞–∞ —è—Ä—å–∂ –±–æ–¥–æ—Ö–≥—É–π –ª –¥—ç—ç. –û–£-–Ω Pan Mongolia Networking —Ö”©—Ç”©–ª–±”©—Ä–∏–π–Ω —Ö“Ø—Ä—ç—ç–Ω–¥ –ú–æ–Ω–≥–æ–ª—ã–≥ –∏–Ω—Ç–µ—Ä–Ω—ç—Ç—ç–¥ —Ö–æ–ª–±–æ—Ö –±–æ–ª—Å–æ–Ω —Ç—É–ª,214,2021-05-17 14:39:23,"I respect brother Enkhbat. But I don&#39;t think it&#39;s a lie to say that the Internet was first introduced in Mongolia. As part of the international Pan Mongolia Networking program, Mongolia is now connected to the Internet",-0.2
Batka_,"–≠–Ω—Ö–±–∞—Ç –≥—É–∞–π –≥–∞–Ω—Ü—Ö–∞–Ω —Ç–æ—Ö–∏–æ–ª–¥–æ–ª–¥ –ª —è–ª–Ω–∞. 

–ú–ê–ù —Ö“Ø—Å–≤—ç–ª.",192,2021-05-13 08:28:20,Enkhbat guai will win only in one case. If the MPP wants.,-1.0
dorjkhand_t,"–ì–∞–¥–∞–∞–¥, –¥–æ—Ç–æ–æ–¥–æ–¥ –æ—Ä—à–∏–Ω —Å—É—É–≥–∞–∞ –∏—Ä–≥—ç–¥–∏–π–Ω –±–æ–ª–æ–Ω –æ–ª–æ–Ω –∂–∏—Ä–≥—ç—ç—á–¥–∏–π–Ω—Ö—ç—ç –∑–∞—Ö–∏–∞–ª–≥—ã–≥ –±–∏–µ–ª“Ø“Ø–ª–∂ –∂–∏—Ä–∏–π–Ω –∏—Ä–≥—ç–Ω –î.–≠–Ω—Ö–±–∞—Ç –≥—É–∞–π–≥ –•“Æ–ù –Ω–∞–º, —ç–≤—Å–ª–∏–π–Ω –∑“Ø–≥—ç—ç—Å –Ω—ç—Ä–∏–π–≥ –Ω—å –¥—ç–≤—à“Ø“Ø–ª—Å—ç–Ω.

–•–∞—Ä–∏–Ω –æ–¥–æ–æ —Ö–∞–º—Ç–¥–∞–∞ —Ö–∞–Ω–¥–∏–≤ –±–æ—Å–≥–æ–∂ –±—É—Å–¥—ã–≥–∞–∞ —É—Ä–∏–∞–ª—ä—è.

–¢–∞–Ω—ã —Ö–∞–Ω–¥–∏–≤ –Ω—å “Ø—Ä —Ö“Ø“Ø—Ö—ç–¥, –Ω–∏–π–≥—ç–º–¥—ç—ç –æ—Ä—É—É–ª–∂ –±—É–π —Ö”©—Ä”©–Ω–≥”© –æ—Ä—É—É–ª–∞–ª—Ç —é–º‚ÄºÔ∏è https://t.co/sDA4BlqwtH",167,2021-05-16 03:58:03,"D.Enkhbat, an ordinary citizen, was nominated by the HUMAN party and coalition in response to requests from citizens living abroad and at home. Now let&#39;s raise money together and encourage others. Your donation is an investment in your children and community‚Äº Ô∏è https://t.co/sDA4BlqwtH",1.0
nganbaa,"–ù—ç—Ä –¥—ç–≤—à–∏–≥—á –î.–≠–Ω—Ö–±–∞—Ç –≥—É–∞–π–¥ –ø–∞—Å—Å–∏–≤—Ö–∞—É—Å—ã–Ω —Ç–∞–ª–∞–∞—Ä —Ç–∞–Ω–∏–ª—Ü—É—É–ª–ª–∞–∞.
–¢–æ–ª–≥–æ–π –∏—Ö –¥–æ—Ö–∏–∂ –±–∞–π—Ö—ã–≥ –±–æ–¥–æ—Ö–æ–¥ –æ–π–ª–≥–æ–∂ –¥—ç–º–∂–∏–∂ –±–∞–π–≥–∞–∞ —é–º –±–∞–π–Ω–∞–∞ü§£ü§£
–ê–º–∂–∏–ª—Ç —Ö“Ø—Å—å–µ! https://t.co/QihslAKhi0",146,2021-05-17 13:13:34,Candidate D.Enkhbat was introduced to the passive house. I understand and support you when you nod your head ü§£ü§£ Good luck! https://t.co/QihslAKhi0,1.0
balgaa,"–≠–Ω—Ö–±–∞—Ç –∑–∞—Ö–∏—Ä–∞–ª, –î–∞—Ç–∞–∫–æ–º—ã–Ω —Ö–∞–º—Ç –æ–ª–æ–Ω, –≥–∞–¥–∞–∞–¥—ã–Ω –º—ç—Ä–≥—ç–∂–∏–ª—Ç–Ω“Ø“Ø–¥ –±–∏–¥ —Ö–∞–º—Ç–¥–∞–∞ 1996 –æ–Ω—ã 1-—Ä —Å–∞—Ä–¥ –±–∞–π–≥—É—É–ª–ª–∞–≥—ã–Ω –¥—ç—ç–≤—ç—Ä –¥—ç—ç—Ä —Ö–∏–π–º—ç–ª –¥–∞–≥—É—É–ª—ã–Ω –∞–Ω—Ç–µ–Ω —Å—É—É—Ä–∏–ª—É—É–ª–∂, –∏–Ω—Ç–µ—Ä–Ω—ç—Ç–∏–π–Ω —É–ª—Å —Ö–æ–æ—Ä–æ–Ω–¥—ã–Ω —Ö–æ–ª–±–æ–ª—Ç —Ö–∏–π–∂ –±–∞–π—Ö–∞–¥ ”©”©—Ä —è–º–∞—Ä –∫–æ–º–ø–∞–Ω–∏ –±–∏–¥–Ω—ç—ç—Å ”©–º–Ω”© —Ö–æ–ª–±–æ—á–∏–≤ @enkhbat :-)",119,2021-05-19 01:59:40,"Director Enkhbat, Datacom&#39;s team, and foreign experts, we installed a satellite dish on the roof of the organization in January 1996 and connected to the Internet. What other company connected before us @enkhbat :-)",1.0
amarbayar_m,"–ë–∏ —Ö”©–¥”©”©–Ω–∏–π—Ö. –≠–ª–∏—Ç –±—Ç—É–≥–∞–π –≠ “Ø—Å—ç–≥ —á –∞–∞—Ö–≥“Ø“Ø —Ö—ç—Ä–Ω—ç—ç –î.–≠–Ω—Ö–±–∞—Ç –∞—Ö—Ç–∞–π —Ñ–æ—Ä—É–º –Ω—ç–≤—Ç—Ä“Ø“Ø–ª—ç–≥—Ç —Ö–∞–º—Ç –∞–∂–∏–ª–ª–∞–∂ –±–ª–∞–∞.–õ–∞–≤ –ª —á–∏ —ç–ª–∏—Ç –±–∏—à, —á–∞–º—Ç–∞–π –∞–∂–∏–ª–ª–∫—É –≥—ç–∂ –±–≥–∞–∞–≥“Ø–π üòú –¢–∏–π–º—ç—ç—Å –≠–Ω—Ö–±–∞—Ç—ã–≥ —ç–ª–∏—Ç“Ø“Ø–¥ –¥—ç–º–∂–∏–Ω—ç –≥—ç–¥—ç–≥ –±–æ–ª –±—É—Å–¥—ã–Ω –¥—É—Ä–≥“Ø–π —Ö“Ø—Ä–≥—ç–∂ —Ö–æ—Ä–ª–æ–∂ –±–≥–∞–∞ —Ö—ç—Ä—ç–≥. ‚Äú–ü–∞–∫–∏—Å—Ç–∞–Ω‚Äù –∑“Ø—Ä—Ö —à–∏–≥ ”©—Ä—Å”©–ª–¥”©–≥—á–¥–∏–π–Ω—Ö –Ω—å “Ø–π–ª–¥—ç–ª –±—Ö",116,2021-05-15 12:13:24,"I am from the countryside. Elite, I didn&#39;t even write the letter E, but I worked with D.Enkhbat on the forum program. Of course, you are not an elite, I didn&#39;t want to work with you. The actions of its rivals like the heart of &quot;Pakistan&quot; bh",-1.0
MBBontoi,"–•–∞—Ä–∏–Ω —á –≠–Ω—Ö–±–∞—Ç –≥—É–∞–π–Ω –¥—ç–º–∂–∏–≥—á –Ω–∞—Ä –±—É—Å–∞–¥ —Ö–æ—ë—Ä—ã–Ω—Ö–æ–æ—Å —Ö–∞–≤—å–≥“Ø–π –∏–ª“Ø“Ø —Å–æ—ë–ª—Ç–æ–π –±–∞–π–≥–∞–∞ —Ö–∞—Ä–∞–≥–¥—Å–∞–Ω —à“Ø“Ø. “Æ“Ø–Ω–∏–π–≥ –º—ç–¥–¥—ç–≥ —é–º –±–∞–π–∂ –∏–π–º –º—É—É—Ö–∞–π –¥–∞–ª–¥ —è–≤—É—É–ª–≥–∞ –æ–Ω—Ü–≥“Ø–π –ª —Ö–∞—Ä–∞–≥–¥–∞–∂ –±–∞–π–Ω–∞, –ë–∞—Ç–∫–∞! https://t.co/YWjbOOEne8",109,2021-05-13 11:05:56,"On the contrary, Enkhbat&#39;s supporters seemed to be much more cultured than the other two. Knowing this, such an ugly conspiracy doesn&#39;t look special, Batka! https://t.co/YWjbOOEne8",-0.4
dorjkhand_t,"–ú–∞–Ω–∞–π –Ω—ç—Ä –¥—ç–≤—à–∏–≥—á–∏–π–≥ —Ö–∞—Ä–ª—É—É–ª–∞—Ö –≥–∞–Ω—Ü —Å—ç–¥—ç–≤ –Ω—å 7.01 –∂–∞–≥—Å–∞–∞–ª–¥ –æ—Ä–æ–ª—Ü—Å–æ–Ω –≥—ç–∂. –ì—ç—Ç—ç–ª –±–∞–π—Ä —Å—É—É—Ä—å –Ω—å –±–∞—Ä–∏–º—Ç–∞–∞—Ä –≥–∞—Ä–∞–∞–¥ –∏—Ä–ª—ç—ç. –Ø–∞–Ω–∞ –¥–∞–∞, —Ö–∞—Ä–ª—É—É–ª–∞—Ö –∞–∂–∏–ª –Ω—å –Ω—ç–≥ –ª —è–≤–¥–∞–≥–≥“Ø–π –¥—ç—ç.
–ú–∞–Ω—å –º—ç—Ç–∏–π–Ω –•“Æ–ù-—ã–Ω –∑–∞–ª—É—É—Å—ã–≥ –≠–±–∏, –ú–∏–µ—ç, –°“Ø-—Ç—ç–π –Ω–∞–∞–≥–∞–∞–¥ —Ö”©”©—Ä—Ö”©–Ω —Å—ç–≤—á–¥–∏–π–Ω. –•–∞—Ä–∏–Ω –≠–Ω—Ö–±–∞—Ç –≥—É–∞–π–≥ —Ö—ç–Ω—Ç—ç–π –Ω–∞–∞–∂ —Ö–æ–ª–∏–æ—Ö –±–æ–ªüòÇ https://t.co/qsFSllJSpZ",108,2021-05-19 13:18:49,"The only topic that blackened our candidate was his participation in the 7.01 rally. However, his position was based on facts. Well, blackmailing doesn&#39;t go well. I clung to HUMAN guys like me with Abby, Mie, and Su. But who to mix Enkhbat guai with üòÇ https://t.co/qsFSllJSpZ",-0.3
Batka_,"–≠–Ω—Ö–±–∞—Ç –≥—É–∞–π–Ω —Ö–∞–º–≥–∏–π–Ω —Ç–æ–º ”©—Ä—Å”©–ª–¥”©–≥—á –Ω—å —Ö—ç–Ω –±—ç?

–ë—É—Å–¥—ã–≥ –¥–æ—Ä–æ–º–∂–ª–æ—Ö ”©”©—Ä–∏–π–Ω—Ö –Ω—å –¥—ç–º–∂–∏–≥—á –Ω–∞—Ä.",108,2021-05-13 09:14:15,Who is Enkhbat&#39;s biggest competitor? His supporters who insult others.,-0.8
Uyanga_ts,–ú–£-–Ω –ó–ì –î–∞—Ç–∞–∫–æ–º –≥—ç–∂ –¢”©—Ä–∏–π–Ω ”©–º—á–∏—Ç –∫–æ–º–ø–∞–Ω–∏ –±–≥—É—É–ª–∂ –≠–Ω—Ö–±–∞—Ç –≥—É–∞–π–≥ –∑–∞—Ö–∏—Ä–ª–∞–∞—Ä –Ω—å —Ç–æ–º–∏–ª–∂ –±—Å—ã–º —à“Ø“Ø. –¢—ç—Ä “Ø–µ–¥ —à–∏–ª—ç–Ω –∫–∞–±–µ–ª—å –Ω—ç–≤—Ç—Ä—ç—ç–≥“Ø–π –±—Å–∞–Ω –±–∞ —Ö–∞—Ä–∏–ª—Ü–∞–∞ —Ö–æ–ª–±–æ–æ–Ω—ã —Ç–µ–ª–µ—Ñ–æ–Ω —É—Ç–∞—Å–Ω—ã —à—É–≥–∞–º–∞–∞—Ä DSL —Ö–æ–ª–±–æ–ª—Ç —Ö–∏–π–∂ –∏–Ω–µ—Ä–Ω—ç—Ç —Ä“Ø“Ø –æ—Ä–∂ –±—Å–∞–Ω.,98,2021-05-17 14:40:06,"The Mongolian government established a state-owned company, Datacom, and appointed Enkhbat as its director. At that time, there was no fiber optic cable, and a DSL connection was made to the Internet through a telecommunications telephone line.",-0.7
Uyanga_ts,"–ê–ª–±–∞–Ω —ë—Å–Ω—ã –Ω–æ—Ç–ª–æ—Ö –±–∞—Ä–∏–º—Ç –≥–∞—Ä–≥–∞–∞–¥ —Ç–∞–≤–∏–∞–¥ —ç—Ö—ç–ª–±—ç–ª –≠–Ω—Ö–±–∞—Ç –≥—É–∞–π–≥ —Ö–∞—Ä–ª—É—É–ª—Å–∞–Ω –±–æ–ª—á–∏—Ö –±—Ö –¥–∞–∞. “Æ–Ω—ç–Ω —é–º “Ø–Ω—ç–Ω—ç—ç—Ä—ç—ç —Å–∞–π—Ö–∞–Ω, –±–∏—Ç–≥–∏–π –Ω—ç—Ä –¥—ç–≤—à–∏–≥—á—ç—ç –±–∞–ª–ª–∞–∞–¥ –±–∞–π –≥—ç—Ö—ç—ç—Ä —Ñ–∞–Ω–∞—Ç–∏–∑–º—ã–Ω —Å–æ–ª–∏–æ—Ä–æ–ª–¥–æ–æ –∂–∏–≤—á—Ö–∏–π–Ω",97,2021-05-18 02:57:07,"If official evidence is released, Enkhbat guai will be blackened. The truth is, it&#39;s beautiful, don&#39;t ruin your candidate, don&#39;t drown in the madness of fanaticism.",-1.0
naranbayarp,–ë–æ–ª–æ—Ä –∑–∞—Ö–∏—Ä–∞–ª –≥—ç—Ö—ç—ç—Ä —Ö—É–≤–∏–π–Ω —Ö—ç–≤—à–ª–∏–π–Ω—Ö—ç–Ω —Ç—ç—Ä –¥–æ—Ç—Ä–æ–æ —Ö–∞—Ä–∏–ª—Ü–∞–∞ —Ö–æ–ª–±–æ–æ–Ω—ã—Ö–æ–Ω –º—ç–¥–Ω—ç. –•–∞—Ä–∏–Ω –•“Æ–ù-—ã–Ω —É—É–≥–∞–Ω –≥–∏—à“Ø“Ø–¥–∏–π–Ω –Ω—ç–≥ –≥—ç–¥–≥–∏–π–≥ —Ç—ç—Ä –±“Ø—Ä –º—ç–¥—ç—Ö–≥“Ø–π –±–∞–π—Ö. ”®–Ω”©”©–¥”©—Ä –≠–Ω—Ö–±–∞—Ç –Ω—ç—Ä –¥—ç–≤—à–∏–≥—á–∏–π–Ω —Ö–∞–Ω–¥–∏–≤—ã–Ω –∞—è–Ω–¥ –Ω—ç–≥–¥—Å—ç–Ω—ç—ç –∏–ª—ç—Ä—Ö–∏–π–ª—ç–≤. –ò–ª“Ø“Ø –≥—ç—Ä—ç–ª—Ç—ç–π –∏—Ä—ç—ç–¥“Ø–π–Ω —Ç”©–ª”©”© –∏–Ω–≥—ç–∂ –±–∞–π–≥–∞–∞–≥–∞–∞ —Ç—ç—Ä–±—ç—ç—Ä —à—É–ª—É—É—Ö–∞–Ω ”©–≥“Ø“Ø–ª–ª—ç—ç https://t.co/t68glGQmbo,90,2021-05-19 07:41:12,"Bolor is known to the private sector, including the telecommunications industry. But not everyone knows that he is one of the oldest members of HUMAN. Today, Enkhbat announced that he had joined the candidate&#39;s fundraising campaign. He is outspoken about a brighter future https://t.co/t68glGQmbo",0.2
DNN_MN,"–î.–≠–Ω—Ö–±–∞—Ç: –ë–∏ –Ω—ç–≥ –∑“Ø–π–ª–¥ –∏—Ö —Å–∞–Ω–∞–∞ –∑–æ–≤–∂ –±–∞–π–Ω–∞. –ú–æ–Ω–≥–æ–ª—ã–Ω –∞—Ä–¥—á–∏–ª–∞–ª “Ø–Ω—ç—Ö—ç—ç—Ä –Ω—ç–≥ –Ω–∞–º—ã–Ω –¥–∞—Ä–∞–Ω–≥—É–π–ª–ª–∞–∞—Ä —Å–æ–ª–∏–≥–¥–æ—Ö –≤–∏–π –≥—ç—Ö—ç—ç—Å –∞–π–∂ –±–∞–π–Ω–∞
https://t.co/H3rNgTMKPa https://t.co/IyHaXtHIZm",71,2021-05-18 01:06:17,D.Enkhbat: I am very worried about one thing. I am afraid that Mongolia&#39;s democracy will be replaced by a one-party dictatorship https://t.co/H3rNgTMKPa https://t.co/IyHaXtHIZm,-1.0
Uyanga_ts,"–•–æ–∂–º–æ–æ –≠–Ω—Ö–±–∞—Ç –≥—É–∞–π —Ö–∞—Ä–∏–Ω —Ö—É–≤—å—á–∏–ª–∂ –∞–≤–∞–∞–¥ Magicnet –≥—ç–¥—ç–≥ —Å“Ø–ª–∂—ç—ç –Ω—ç—ç–∂ —Ü—ç–≥ mn –¥–æ–º—ç–π–Ω—ã —Ö–æ—Å—Ç —ç–∑—ç–º—à–¥—ç–≥ –±–æ–ª—Å–æ–Ω —é–º. –û–£-–Ω –±–∞–π–≥—É—É–ª–ª–∞–≥—É—É–¥ —Ü—ç–≥ org, —Ö—É–≤–∏–π–Ω—Ö–∞–Ω —Ü—ç–≥ com –¥–æ–º—ç–π–Ω –¥—ç—ç—Ä e-meal —Ö–∞—è–≥–∞–∞ host —Ö–∏–π–∂ –Ω—ç—ç–¥—ç–≥ –±—Å–∞–Ω –±–æ–ª –º–∞–Ω–∞–π—Ö–∞–Ω https://t.co/9BL2H5eMng –≥—ç—Å—ç–Ω –¥–æ–º—ç–π–Ω—ç—ç—Ä –º—ç–π–ª—Ç—ç–π –±–æ–ª–∂ —ç—Ö—ç–ª—Å—ç–Ω “Ø–µ.",70,2021-05-17 14:40:56,"Later, Enkhbat guai privatized and opened a network called Magicnet and became the host of the point mn domain. International organizations used to host e-meal addresses on the point org and private hosts on the point com domain, while Mongolians started to have e-mail on the domain https://t.co/9BL2H5eMng.",-1.0
Uyanga_ts,–≠–Ω—Ö–±–∞—Ç –∞—Ö –≥–∞—Ä–∞—Ö–≥—É–π —ç—ç. –¢—ç–≥—ç—Ö—ç—ç—Ä —Ç–∞ –Ω–∞—Ä—ã–Ω —ç–º–æ—Ä–ª–æ–æ—Å –±–æ–ª–∂ –•“Ø—Ä—ç–ª—Å“Ø—Ö –≥–∞—Ä–Ω–∞,61,2021-05-19 14:25:18,Brother Enkhbat will not come out. So Khurelsukh will come out because of your emor,-0.3
bayarkuu,"–î.–≠–Ω—Ö–±–∞—Ç –Ω—å —Ä–µ–π—Ç–∏–Ω–≥—ç—ç—Ä—ç—ç –°.–≠—Ä–¥—ç–Ω–∏–π–≥—ç—ç –≥“Ø–π—Ü—á–∏—Ö—Å—ç–Ω —á–∏–Ω—å –ê–ù-—ã–Ω –ø–∏–∞—Ä—á–∏–¥ –Ω—å —Ç—ç–Ω—ç–≥ –±–æ–ª–æ—Ö–æ–æ—Ä–æ–æ —Ç”©–ª–±”©—Ä—Ç“Ø“Ø–¥—ç—ç—Ä—ç—ç –î.–≠–Ω—Ö–±–∞—Ç, –•“Æ–ù-—ã–≥ –º—É—É–ª—É—É–ª–∞–∞–¥ –Ω–∞–∞—Å—Å—Å... –•“Ø—á—ç—ç –Ω–∏–π–ª“Ø“Ø–ª–∂ —è–≤–∞—Ö–≥“Ø–π –±–æ–ª –£.–•“Ø—Ä—ç–ª—Å“Ø—Ö –Ω—å —à—É—É–¥ –Ω—ç–≥ –∞–º—å—Å–≥–∞–∞–≥–∞–∞—Ä —è–ª–∞—Ö –≥—ç—ç–¥ –±–∞–π—Ö–∞–¥... –¶—Ü—Ü!",60,2021-05-19 02:22:10,"When D.Enkhbat overtook S.Erdene in the rating, the DP PR people were stupid, so they slandered D.Enkhbat and HUMAN with their fees ... If they don&#39;t join forces, U.Khurelsukh will try to win in one breath ... Tsts!",-0.2
erdenebatavia,"–•“Ø—Ä—ç–ª—Å“Ø—Ö–∏–π–≥ –¥—ç–º–∂–∏–≥—á–∏–¥ ”©—Ä—Å”©–ª–¥”©–≥—á —Ö—ç–Ω –Ω—ç–≥–Ω–∏–π–≥ —Ö–∞—Ä–∞–∞–∂ –º—É—É–ª–¥–∞–≥–≥“Ø–π, —Ö–∞—Ä–∏–Ω —Ç“Ø“Ø–Ω–∏–π–≥ –¥—ç–º–∂–∏—Ö, —Å—É—Ä—Ç–∞–ª—á–ª–∞—Ö, –±–æ–¥–ª–æ–≥—ã–≥ –Ω—å —Ç–∞–Ω–∏—É–ª–∞—Ö –º–∞—è–≥—Ç–∞–π –∂–∏—Ä–≥—ç—Ö —é–º. –ì—ç—Ç—ç–ª –î.–≠–Ω—Ö–±–∞—Ç –≥—É–∞–π–Ω –¥—ç–º–∂–∏–≥—á–∏–¥ —ç–Ω–¥ –∑”©–≤—Ö”©–Ω –•“Ø—Ä—ç–ª—Å“Ø—Ö–∏–π–≥ —Ö–∞—Ä–∞–∞—Ö, –¥–æ—Ä–æ–º–∂–ª–æ—Ö, –¥–∞–π—Ä—á –≥—É—Ç–∞–∞—Ö –±–∞–π–¥–ª–∞–∞—Ä –∂–∏—Ä–≥—ç—Ö —é–º. –Ø–ª–≥–∞–∞ –Ω—å —ç–Ω—ç –ª –±–∞–π–Ω–∞. https://t.co/FbZgne6hum",60,2021-05-13 16:07:42,"Proponents of touching do not swear at a rival, but tweet in a way that supports him, promotes him, and introduces his policies. However, D.Enkhbat&#39;s supporters will only tweet here cursing, insulting and insulting Khurelsukh. That&#39;s the difference. https://t.co/FbZgne6hum",0.0
sudlaachganaa,"–î.–≠–Ω—Ö–±–∞—Ç—ã–≥ ""—à“Ø“Ø–º–∂–ª—ç—Ö ”©–Ω—Ü”©–≥"" –æ–ª–æ—Ö –≥—ç–∂ “Ø–Ω—ç—Ö—ç—ç—Ä –∞–ª–∏–Ω–≥–∞–∞ –∞–ª–¥–∞–∂ –±–∞–π–Ω–∞. –°“Ø“Ø–ª–¥—ç—ç –î.–≠–Ω—Ö–±–∞—Ç –∏–Ω—Ç–µ—Ä–Ω–µ—Ç –Ω—ç–≤—Ç—Ä“Ø“Ø–ª—ç—ç–≥“Ø–π, –î.–≠–Ω—Ö–±–∞—Ç “Ø–Ω–¥—ç—Å—Ç—ç–Ω –±–æ–ª –±–∏–æ–ª–æ–≥–∏–π–Ω –æ–π–ª–≥–æ–ª—Ç –±–∏—à –≥—ç—Å—ç–Ω –º—ç—Ç–∏–π–Ω ""—à“Ø“Ø–º–∂–ª—ç–ª"" –±–æ–ª —É—Å–∞–Ω —Ç—ç–Ω—ç–≥–∏–π–Ω –¥—ç—ç–¥ —é–º. –Ø–¥–∞—Ö–¥–∞–∞ —à/—É-–Ω—ã —ç—Å—Ä—ç–≥ –ø–∏–∞—Ä —Ö–∏–π–∂ —Ç—ç–Ω—ç–≥—Ç—ç—Ö—ç—ç –±–æ–ª—å –ª –¥–æ–æ...",59,2021-05-19 02:31:48,"We are really losing both to find a &quot;critical angle&quot; for D.Enkhbat. Later, &quot;criticism&quot; that D.Enkhbat did not introduce the Internet and that D.Enkhbat is not a biological concept is the culmination of stupidity. At least stop doing stupid PR against sh / u ...",-1.0
myagmardorj_,"–≠–Ω—Ö–±–∞—Ç —è–¥–∞–∂ –ª –±—É—É –∫–∞–º–µ—Ä–ª—É—É –æ–Ω–∏–ª–∂ –∑—É—Ä–∞–≥ –∞–≤–∞—Ö—É—É–ª–∞—Ö–≥“Ø–π, —Ü—ç—Ä–≥–∏–π–Ω –±–∞—è—Ä–∞–∞—Ä —Ç–∞–Ω–∫–∞–Ω–¥ —Å—É—É–Ω —è–≤–∂ –±–∞–π–≥–∞–∞ –∫–ª–∏–ø —Ü–∞—Ü–∞—Ö–≥“Ø–π. –ë–∏–¥–Ω–∏–π –Ω–∏–π–≥–º–∏–π–Ω —Å–∏—Å—Ç–µ–º, –∑–∞—Ä—á–º—ã–≥ –æ–π–¥–≥–æ–¥–æ–≥, —Ö“Ø–Ω–¥—ç–ª–¥—ç–≥ —Ö“Ø–Ω. –¢—ç—Ä—ç–Ω–¥—ç—ç –ª –Ω–∏–π—Ü“Ø“Ø–ª–∂ –∞–∂–∏–ª–ª–∞–Ω–∞ –≥—ç–∂ –∏—Ç–≥—ç–∂ –±–∞–π–≥–∞–∞. –ò—Ç–≥—ç—Ö —á “Ø–Ω–¥—ç—Å–ª—ç–ª –±–∞–π–≥–∞–∞.üôÇ",58,2021-05-19 12:13:19,"At least Enkhbat will not aim his gun at the camera and take pictures, nor will he broadcast a video of him riding in a tank on a military holiday. Someone who remembers and respects our social systems and principles. I hope we will work in accordance with that. There is reason to believe",0.0
JavkhaaG,"–ó–∞, –î.–≠–Ω—Ö–±–∞—Ç –Ω—ç—Ä –Ω—ç–≤—à–∏–≥—á–∏–π–≥ –¥—ç–º–∂–∏—Ö —Ü–∞—Ö–∏–º “Ø–¥—ç—à–ª—ç–≥ —ç—Ö—ç–ª–ª—ç—ç. –°–æ–Ω–∏—Ä—Ö—Å–æ–Ω –Ω—å –æ—Ä–∂ –∏—Ä—ç—ç—Ä—ç–π. @enkhbat @dorjkhand_t @Munkhsoyol_Econ https://t.co/F44iDat4U5",48,2021-05-13 12:18:13,"Well, an online party to support D.Enkhbat has started. If you are interested, come in. @enkhbat @dorjkhand_t @Munkhsoyol_Econ https://t.co/F44iDat4U5",1.0
balgaa,"–ú–æ–Ω–≥–æ–ª —É–ª—Å–∞–¥ –∏–Ω—Ç–µ—Ä–Ω—ç—Ç–∏–π–Ω —É–ª—Å —Ö–æ–æ—Ä–æ–Ω–¥—ã–Ω –≥–∞—Ä—Ü –∞–Ω—Ö 1996 –æ–Ω–¥ –ê–ù–£-—ã–Ω –±–∞—Ä—É—É–Ω —ç—Ä—ç–≥ —Ä“Ø“Ø –î–∞—Ç–∞–∫–æ–º Panamsat, —É–¥–∞–∞—Ö–∏ –Ω—å 1997 –æ–Ω–¥ –ú–¶–• –•–ö Intelsat —Ö–∏–π–º—ç–ª –¥–∞–≥—É—É–ª–∞–∞—Ä –•–æ–Ω–≥ –ö–æ–Ω–≥ —Ä—É—É —Ö–∏–π–∂ –±–∞–π–ª–∞–∞... –¢—É—Ö–∞–π–Ω “Ø–µ–¥ –î–∞—Ç–∞–∫–æ–º—ã–Ω –∑–∞—Ö–∏—Ä–∞–ª –≠–Ω—Ö–±–∞—Ç, –î–∞—Ç–∞–Ω—ç—Ç, –ú–¶–• –∑–∞—Ö–∏—Ä–∞–ª –ì–∞–Ω–±–∞–∞—Ç–∞—Ä –Ω–∞—Ä –±–∞–π–ª–∞–∞...",46,2021-05-19 02:34:44,"The first international Internet gateway in Mongolia was built in 1996 by Datacom Panamsat to the west coast of the United States, and then in 1997 by Mongolian Telecom to Hong Kong via Intelsat satellite. .",-1.0
Uyanga_ts,"–≠–Ω—Ö–±–∞—Ç –≥—É–∞–π–≥ –¥—ç–º–∂–∏–∂ –±–≥–∞–∞ –Ω–∞–π–∑—É—É–¥ –±–æ–ª –•“Æ–ù-—Ö—ç–Ω—Ç—ç–π–≥—ç—ç —Ç—É–ª–∞–ª–¥–∞—Ö –ª –±—Ö –¥–∞–∞. –ú–∞–Ω—å —á–∏–Ω—å –∑—É–Ω–∂–∏–Ω –•“Æ–ù-–≥ —Å–æ–Ω–≥–æ –Ω—ç–∂ –ª –æ—Ä–∏–ª—Å–æ–Ω. –ò—Ç–≥—ç–ª “Ø–Ω—ç–º—à–ª—ç—ç—Ä—ç—ç –ª “Ø–∑—ç–∂ —Ç–∞—Ä—Å–∞–Ω. –≠–Ω—ç —É–¥–∞–∞–¥ –≠–Ω—Ö–±–∞—Ç –≥—É–∞–π –≥–∞—Ä–Ω–∞ –≥—ç–¥—ç–≥ –∏—Ç–≥–Ω–ª –∞–ª–≥–∞. –°–æ—Ä—Ä–∏ –º–∏ –Ω–∞–π–∑—É—É–¥ –∞–∞. –°–æ–Ω–≥—É—É–ª—å –¥—É—É—Å–Ω–∞, —Ö—ç–¥“Ø“Ø–ª—ç—ç –•“Æ–ù-—ç—ç—Ä—ç—ç “Ø–ª–¥—Ö–∏–π–º —à“Ø“Ø. –ë–∞–ª–±–∞–ª—Ü–∞—Ö –ª –±—Ö –¥–∞",39,2021-05-19 11:18:32,"Friends who support Enkhbat guai are fighting against HUMANS. In the summer I chose HUMAN and shouted. It was based on my beliefs. I do not believe that Enkhbat guai will come this time. Sorry, my friends. The election is over, but I will remain a HUMAN. Balbaltsakh l bh da",-0.6
Batka_,–≠–Ω—Ö–±–∞—Ç –Ω—ç—Ä –¥—ç–≤—à–∏–≥—á–∏–π–Ω –¥—ç–º–∂–∏–≥—á–∏–¥ –±—É—Å–∞–¥ —Ä—É—É –¥–∞–π—Ä—á –¥–æ—Ä–æ–º–∂–ª–æ—Ö –Ω—å –±–∞–≥–∞—Å—á–∏–∂ üëçüèºüíØ,37,2021-05-15 02:55:12,Enkhbat&#39;s supporters are less likely to attack and insult others üëçüèºüíØ,-1.0
Ganzorig1,–≠–Ω—Ö–±–∞—Ç –≥—É–∞–π —á–∏–Ω—å –ñ–µ–Ω–∫–æ–≥–∏–π–Ω –∑”©–≤–ª”©—Ö —é–º—É—É? https://t.co/Jxy9yU4FwE,31,2021-05-17 07:57:12,Is Mr. Enkhbat Jenko&#39;s advisor? https://t.co/Jxy9yU4FwE,0.8
Mongol_huu,"–î.–≠–Ω—Ö–±–∞—Ç –Ω—ç—Ä –¥—ç–≤—à–∏–≥—á–∏–π–Ω —Ö—É–≤—å–¥ –±–æ–ª –µ—Ä”©”©–ª”©”©—Ä –±–æ–ª–æ–≥ —ç—ç‚ùó –î–∏–ø–ª–æ–º–∞—Ç –∞–ª–±–∞ –±–æ–ª —Ç—É—Å–≥–∞–π –º—ç–¥–ª—ç–≥, —á–∞–¥–≤–∞—Ä —à–∞–∞—Ä–¥–¥–∞–≥ –∞–ª–±–∞. ""–î–∞—Ä–≥—ã–Ω —Ç–æ–π—Ä–æ–Ω —Ö“Ø—Ä—ç—ç–ª—ç–≥—á–¥–∏–π–Ω"" ""–∞–º—Ä–∞–ª—Ç—ã–Ω –≥–∞–∑–∞—Ä"" –±–∞–π—Ö —ë—Å–≥“Ø–π –≥—ç–∂ –±–æ–¥–¥–æ–≥. –ú–∏–Ω–∏–π —Ö—É–≤—å–¥ —Ç–∏–π–º –±–æ–¥–æ–ª —á –∞–ª–≥–∞, –º—ç–¥–ª—ç–≥ —á–∞–¥–≤–∞—Ä —á –¥—É—Ç–Ω–∞. –≠—Ö–ª—ç—ç–¥ –±—ç–ª—Ç–≥—ç–≥–¥—ç—Ö —ë—Å—Ç–æ–π‚ÄºÔ∏è https://t.co/MMAohKxxF7",30,2021-05-16 11:56:53,"D.Enkhbat, as a candidate, good luck ‚ùó Diplomatic service is a service that requires special knowledge and skills. I don&#39;t think there should be a &quot;resting place&quot; for those around the boss. I don&#39;t think so, I lack knowledge and skills. Must be prepared first‚Äº Ô∏è https://t.co/MMAohKxxF7",-0.2
GGanErdene,–î.–≠–Ω—Ö–±–∞—Ç –±–∞–π–≥–∞–∞–≥“Ø–π –±–æ–ª –±–∏–¥ –Ω–∞—Ä ”©–¥–∏–π–¥ –∏–Ω—Ç–µ—Ä–Ω–µ—Ç —á –≥“Ø–π –±“Ø—Ä –ª–∞–∞ –±–∞—Ä–∏–∞–¥ —Å—É—É–∂ –±–∞–π—Ö –±–∞–π—Å–∞–Ω –≥—ç—á–∏—Ö –≥—ç—ç–¥ –±–∞–π—Ö —é–º. –•—ç–Ω –Ω—ç–≥—ç–Ω —Ö–∏–π—Ö –ª –±–∞–π—Å–∞–Ω –∂–∞–º —ë—Å–Ω—ã –ª —é–º —à–¥. –®–∞–ª–∏—Ö–≥“Ø–π —Å“Ø—Å—ç–≥—Ç—ç–Ω —à“Ø—Ç—ç—ç–Ω—ç—ç –∞–ª–¥–∞–≥ —é–º —à“Ø“Ø.,29,2021-05-15 09:29:45,"Without D.Enkhbat, we would be holding candles without internet. It&#39;s natural for someone to do it. An unbeliever kills his idol.",0.0
hurganbantan,"–º–ê–ù–∞–π –ê–ù—ã—Ö–Ω—ã–≥ —Ç–æ–æ–¥–æ–≥ –∞–º—å—Ç–∞–Ω –∞–ª–≥–∞, —Ö“Ø–∫“Ø—Ä–æ —ç–Ω—Ö–±–∞—Ç –≥—ç—ç–ª —Ö—ç—Ä—ç–ª–¥—ç—ç–ª –±–∞–π—Ö —é–º. –±–∏–¥ —è–∞—Ü—ã —Ö”©”©–µ? –≠—Ä–¥—ç–Ω—ç –±–∞—Å –±–∞–π–≥–∞–∞ —à“Ø“Ø –∑–∞?",28,2021-05-16 15:05:47,"There is no animal that cares about our people, there is a quarrel called Hukuro Enkhbat. how are we There is also Erdene, right?",-1.0
Khulgun_Gold,–≠–Ω—Ö–±–∞—Ç –≥—ç–¥—ç–≥ —Ö“Ø–Ω —Ç—ç—Ä 7 —Å–∞—Ä—ã–Ω 1 –Ω–∏–π “Ø–π–º—ç—ç–Ω–∏–π–≥ –∑–æ—Ö–∏–æ–Ω –±–∞–π–≥—É—É–ª–∞–∞–¥ 5 —Ö“Ø–Ω –±—É—É–¥—É—É–ª—á–∏—Ö—Å–∞–Ω –≥—ç–∂ –æ–π–ª–≥–æ–∂ –±–æ–ª–æ—Ö —É—É ? https://t.co/gETHD6CDBB,21,2021-05-19 03:47:01,Can it be understood that a person named Enkhbat organized the July 1 riots and shot five people? https://t.co/gETHD6CDBB,0.1
myagmardorj_,"–≠–Ω—Ö–±–∞—Ç –≥–∞—Ä–Ω–∞–∞. –¶–∞–≥ –Ω—å –±–æ–ª—Å–æ–Ω. –•“Ø–º“Ø“Ø—Å–∏–π–≥ –¥—É—Ç—É—É “Ø–Ω—ç–ª–∂ –±–æ–ª–æ—Ö–≥“Ø–π. 2-—Ä —à–∞—Ç–∞–Ω–¥ “Ø–ª–¥—ç–∂ –ª —á–∞–¥–≤–∞–ª 2 —à–∞—Ç–∞–Ω–¥ –±–æ–ª –Ω–∞–π–¥–≤–∞—Ä—Ç–∞–π. –≠—Ü—Å–∏–π–≥ –Ω—å —Ö“Ø—Ä—Ç—ç–ª –∏—Ç–≥—ç—Ö —Ö—ç—Ä—ç–≥—Ç—ç–π.

–≠–Ω—ç —Å–æ–Ω–≥—É—É–ª—å–¥ –±–æ–ª –≠—Ä–¥—ç–Ω—ç–¥ –Ω–∞–π–¥–∞—Ö –Ω—å ”©”©—Ä”©”© –±–æ–¥–ª–æ–≥–æ–≥“Ø–π “Ø–π–ª–¥—ç–ª.
1.–•“Ø–Ω –∞–º –¥—É–Ω–¥ —Ç“Ø–Ω–∏–π –Ω—ç—Ä —Ö“Ø–Ω–¥
2.–°“Ø“Ø–ª–∏–π–Ω —Å–æ–Ω–≥—É—É–ª–∏–π–Ω “Ø—Ä –¥“Ø–Ω
3.–ê–ù-–Ω –±–≥–∞ –±–¥–ª",20,2021-05-19 10:51:44,"Enkhbat will leave. It&#39;s time. Don&#39;t underestimate people. If you can stay in the second stage, you can be safe in the second stage. You have to believe until the end. In this election, relying on Erdene is reckless. 1. Its reputation among the population 2. The results of the last election 3. The DP&#39;s small size",-0.5
K7Ei8,"@Uyanga_ts –≠–Ω—Ö–±–∞—Ç –Ω—å –≥–∞—Ä–∞—Ö–≥“Ø–π –±–∞–π—Å–∞–Ω —á —Ö–∞–º–∞–∞–≥“Ø–π, –±–∏ –ª —Ö—É–≤—å–¥–∞–∞ –≠–Ω—Ö–±–∞—Ç–∞–¥ ”©–≥–Ω”© —ç–Ω—ç –∑–∞–≤–∞–∞–Ω —Ö—É–ª–≥–∞–π—á –Ω–∞—Ä—ã–≥ —è–ª–∂ –±–∞–π–≥–∞–∞ –ú–∏–Ω–∏–π —è–ª–∞–ª—Ç.üëçüëçüëçüëç",20,2021-05-19 15:12:00,"@Uyanga_ts It doesn&#39;t matter if Enkhbat doesn&#39;t come out, I&#39;ll personally give it to Enkhbat My victory over these ugly thieves.üëçüëçüëçüëç",-1.0
Uyanga_ts,–≠–Ω—Ö–±–∞—Ç –∞—Ö —è–∞–≥–∞–∞–¥ —á —è–ª–∞—Ö–≥—É–π. –û–π–ª–≥–æ–º–∂—Ç–æ–π. –ì—ç—Ö–¥—ç—ç –°.–≠—Ä–¥—ç–Ω–∏–π–Ω —Å–∞–Ω–∞–ª–∞–∞—Å —Ö–∞–Ω–≥–∞–ª—Ç—Ç–∞–π –∑—É–ª–≥–∞–∞–∂ —Ö–æ—Ä–ª–æ–Ω–æ. –ê–ù 25%-–Ω —Ö–∞—Ç—É—É —Å–∞–Ω–∞–ª –∞–≤–¥–∞–≥. –≠–Ω—Ö–±–∞—Ç “Ø“Ø–Ω –¥—ç—ç—Ä –Ω—ç–º—ç–≥–¥—ç—Ö —Å–∞–Ω–∞–ª—É—É–¥–∞–∞—Å –∑—É–ª–≥–∞–∞–≤–∞–ª —Ç—ç—Ä —Ö–æ—ë—Ä 2-–ª–∞–∞ 30% —á —Ö“Ø—Ä—ç—Ö–≥“Ø–π. –ò–Ω–≥—ç–¥ 50+1 –•“Ø—Ä—ç–ª—Å“Ø—Ö—Ç –æ—á–∏–Ω–æ.,20,2021-05-19 10:47:46,"Brother Enkhbat will not win for some reason. Of course. However, S.Erdene&#39;s proposal will suffice. The DP gets 25% of the vote. If Enkhbat pulls out the additional proposals, the two will be less than 30%. Then 50 + 1 will go to Khurelsukht.",-0.8
GGanErdene,"–î.–≠–Ω—Ö–±–∞—Ç —á —è–∞—Ö–∞–≤, –∂–∏—Ä–≥—ç—ç–Ω–¥ –ª —è–ª–∂ –±–∞–π–Ω–∞. –°.–≠—Ä–¥—ç–Ω—ç —ç–≤–≥“Ø–π –¥—ç—ç. –Ø–∞–≥–∞–∞–¥ —Ö–∞—Ä–∏–Ω –±“Ø—Ä —Ç–∞–≥ –±–∞–π–Ω–∞.",14,2021-05-18 07:11:36,"Well, D.Enkhbat is winning on Twitter. S.Erdene is uncomfortable. Why, but there is a lid.",-0.5
GGanErdene,–≠–Ω—ç —É–¥–∞–∞–≥–∏–π–Ω —Å–æ–Ω–≥—É—É–ª—å–¥ –ú–ê–ù –ñ–µ–Ω–∫–æ–¥ –±–∞—è—Ä–ª–∞—Ö —É—á–∏—Ä—Ç–∞–π. –•“Ø—á—Ç—ç–π –±“Ø—Ö ”©—Ä—Å”©–ª–¥”©–≥—á–¥–∏–π–≥ –Ω—å ”©–º–Ω”©”©—Å –Ω—å —à–æ—Ä–æ–Ω —è–≤—É—É–ª—á–∏—Ö—Å–∞–Ω. –°.–≠—Ä–¥—ç–Ω—ç–¥ —á ”©”©—Ä”©”© –¥—ç–≤—à–∏—Ö—ç—ç—Å ”©”©—Ä –∞—Ä–≥–∞ “Ø–ª–¥—ç—ç–≥“Ø–π. –î.–≠–Ω—Ö–±–∞—Ç —á —è–∞—Ö–∞–≤ —Å—ç—Ö—ç—ç—Ç–Ω“Ø“Ø–¥–∏–π–Ω —Ä–æ–º–∞–Ω—Ç–∏–∑–º —é–º –¥–∞–∞.,13,2021-05-18 07:19:34,The MPP should be happy with Jenko in this election. All of his strongest rivals have been jailed for him. S.Erdene had no choice but to run. D.Enkhbat is the romanticism of intellectuals.,-0.9
hurganbantan,"–≠–Ω—Ö–±–∞—Ç —è–ª–±–∞–ª –•“Æ–ù 24 –æ–Ω–¥ –∏–ª“Ø“Ø –æ–ª–æ–Ω –º—É—É–¥–∞–ª –∞–≤–Ω–∞, —ç—Ä—Ö –±–∞—Ä–∏–≥—á –ú–ê–ù –ª—É–π–≤—Ä–∞–∞—Ä–∞–∞ –±–∞—Å –ª –æ–ª–æ–Ω –º—É—É–¥–∞–ª—Ç–∞–π–≥–∞–∞ –±–∞–π—Ö—ã–≥ —Ö–∏—á—ç—ç–Ω—ç. –ê–ù –ª —Å—É—É–¥–∞–ª–≥“Ø–π –±–æ–ª—Ç–ª–æ–æ –¥–æ—Ä–æ–π—Ç–Ω–æ.–ú–ê–ù, –•“Æ–ù —Ö–æ—ë—Ä –∑“Ø“Ø–Ω–∏–π –Ω–∞–º, ”©–≤”©—Ä —Ç“Ø—Ä–∏–π–Ω–∏–π —Ö–æ—ë—Ä, –•“Æ–ù –±–æ–ª –±“Ø—Ä —É–≤—Å –Ω–∞–º. —Ö”©–≥–∂–∏–µ –≥—ç–≤—ç–ª –±–∞—Ä—É—É–Ω—ã –Ω–∞–º–¥ —ç—Ä—Ö –º—ç–¥—ç–ª ”©–≥”©—Ö —Ö—ç—Ä—ç–≥—Ç—ç–π.",12,2021-05-13 04:18:09,"If Enkhbat wins, HUMAN will get more trouble in 24 years, and the ruling MPP will try to have more trouble through fraud. Only the DP will deteriorate to the point where there are no seats. The MPP and HUN are two left-wing parties, the other two are invertebrates, and HUN is a Uvs party. If we want to develop, we need to give power to the western party.",-1.0
JavkhaaG,"–î.–≠–Ω—Ö–±–∞—Ç –Ω—ç—Ä –¥—ç–≤—à–∏–≥—á–∏–π–Ω —Ü–∞—Ö–∏–º –Ω–∞–π—Ä —Å–∞–π—Ö–∞–Ω –±–æ–ª–ª–æ–æ: –¥—É—É–ª–ª–∞–∞, —Ö—É—É—Ä–¥–ª–∞–∞, —à“Ø–ª—ç–≥ —É–Ω—à–ª–∞–∞, “Ø–≥—ç—ç —Ö—ç–ª–ª—ç—ç. –ë–∞—è—Ä–ª–∞–ª–∞–∞ @Munkhsoyol_Econ @dorjkhand_t –î—ç–º–∂–∏–∂, —Ö–∞–Ω–¥–∏–≤–∞–∞ ”©—Ä–≥”©–ª”©”©. –¢“Ø“Ø–Ω–∏–π–≥ –¥—ç–º–∂–∏–∂ –±—É–π —Ö“Ø–º“Ø“Ø—Å ""–•“Æ —Ö–∞–º—Ç–ª–∞–≥ —à–∏–≥"" –•“Æ –Ω–∞–º—ã–Ω —ç–Ω—ç –¥–∞–Ω—Å —Ä—É—É —Ö–∞–Ω–¥–∏–≤–∞–∞ —Ö–∏–π–≥—ç—ç—Ä—ç–π –≥—ç–∂ —É—Ä–∏–∞–ª–∂ –±–∞–π–Ω–∞. :-) @enkhbat https://t.co/Hrgry0HSvF",12,2021-05-13 17:14:52,"D.Enkhbat&#39;s candidate&#39;s online party was great: he sang, sang, recited poems and spoke. Thank you @Munkhsoyol_Econ @dorjkhand_t for your support and donations. Proponents of her case have been working to make the actual transcript of this statement available online. :-) @enkhbat https://t.co/Hrgry0HSvF",1.0
BayarsaihanG,"–ë–∏ 57–ö –¥–∞–≥–∞–≥—á—Ç–∞–π. –ñ–∏—Ä–≥—ç–¥—ç–≥, —Ö–∞—Ä–∏—É –±–∏—á–¥—ç–≥, –†–¢ —Ö–∏–π–¥—ç–≥, –∏–¥—ç–≤—Ö—Ç—ç–π —É–Ω—à–∏–≥—á –≥—ç–∂ –±–æ–ª–æ—Ö 11–ö –≥–∞—Ä–∞–Ω –∂–∏—Ä–≥—ç—ç—á–∏–π–≥ —ç—Ä–≥—ç–∂ –¥–∞–≥–∞–∂—ç—ç. –ñ–∏—Ä–≥—ç—ç–Ω–¥ –µ—Ä –Ω—å –±–∞–π–Ω–≥—ã–Ω –∏–¥—ç–≤—Ö—Ç—ç–π 10–ö –≥–∞—Ä–∞–Ω —Ö“Ø–Ω –±–∞–π–≥–∞–∞, –±–∏ –±–∞—Ä–∞–≥ –±“Ø–≥–¥–∏–π–≥ –Ω—å —ç—Ä–≥—ç–∂ –¥–∞–≥–∞–¥–∞–≥. –•–∞—Ä–∏–Ω –î.–≠–Ω—Ö–±–∞—Ç 212–ö –¥–∞–≥–∞–≥—á—Ç–∞–π, –º—è–Ω–≥–∞ —á —Ö“Ø—Ä—ç—Ö–≥“Ø–π –∂–∏—Ä–≥—ç—ç—á–∏–π–≥ —ç—Ä–≥—ç–∂ –¥–∞–≥–∞–∂—ç—ç.",12,2021-05-13 07:32:47,"I have 57K followers. Followed by more than 11K tweets, tweets, RTs, and active readers. There are over 10K active people on Twitter, and I follow almost all of them. D.Enkhbat, on the other hand, has less than a thousand tweets with 212K followers.",0.3
D_Jaraa,–û–¥–æ–æ –±–æ–ª —Å–æ–Ω–≥—É—É–ª–∏–∞—Ä —ç–ª–¥—ç–≤ –±–∞–ª–∞–π —é–º —Ö–∏–π–∂ —Ö–∞—Ä –ø–∏–∞—Ä–¥–∞–∞–¥ —è–≤–∞—Ö–≥“Ø–π –±–æ–ª—Å–Ω—ã–≥ –≠—ç–±–∏–π–≥ —Ö—É–∂–∞–∞ –≥—ç–∂ —Ö—É—Å–∞–∞–¥ —É–Ω–∞–∂ –±—Å–Ω—ã–≥ —Å–∞–Ω–∞–∂ –±–≥–∞–∞ –±–∏–∑–¥—ç—ç!? –≠—Ä–¥—ç–Ω—ç —á —é–º—É—É –≠–Ω—Ö–±–∞—Ç —Ç–∏–π–º —é–º —Ö–∏–π—Ö–≥“Ø–π! –•–∞—Ä–∏–Ω –ú–∞–Ω–≥–∞—Ä—É—É–¥ –±–æ–ª —è–∞–∂ —á –º–∞–Ω–≥–∞—Ä—Ç–∞–∂ –º—ç–¥–Ω—ç! ”®”©—Ä—Å–¥”©”© –ª –±—É—Ä—É—É—Ç–∞–Ω–∞–¥–∞–∞!,11,2021-05-16 10:02:20,"Do you remember that during the election, you stopped doing bad things and went to the black market? Neither Erdene nor Enkhbat will do that! But the Mangars can be dazzled anyway! It&#39;s their fault!",-0.5
BayarsaihanG,"–•“Æ–ù –Ω–∞–º —Ö“Ø–Ω–∏–π –Ω”©”©—Ü –º—É—É—Ç–∞–π —é–º. –î.–≠–Ω—Ö–±–∞—Ç —à–∞–ª–∏—Ö–≥“Ø–π –º”©—Ä—Ç–ª”©”© –º–∞—à –∏—Ö –∑–∞–Ω—Ç–∞–π, —ç–≥—ç–ª –º–æ–Ω–≥–æ–ª—á—É—É–¥—ã–Ω –∞–º—å–¥—Ä–∞–ª—ã–≥ –±“Ø—Ä —á –º—ç–¥—ç—Ö–≥“Ø–π –Ω”©—Ö”©—Ä. –ñ–∏—Ä–≥—ç—ç–≥ –Ω—å –∞–∂–∏–≥–ª–∞–∞–¥ –±–∞–π—Ö–∞–¥ –≥–∞–¥–∞–∞–¥ –Ω–æ–º, –∑–æ—Ö–∏–æ–ª–æ–æ—Å –∏—Ö –∏—à–∏–ª—Å—ç–Ω –±–∞–π–¥–∞–≥. –ú–æ–Ω–≥–æ–ª—ã–Ω –∞–º—å–¥—Ä–∞–ª–¥ —Ç—ç—Ä –±“Ø—Ö—ç–Ω –µ—Ä–¥”©”© —á —Ç–æ—Ö–∏—Ä–æ—Ö–≥“Ø–π. –ò–π–º –ª –Ω—ç–≥ –≥–∞–¥–∞–∞–¥ —Å—ç—Ç–≥—ç—Ö“Ø–π—Ç—ç–π –Ω”©—Ö”©—Ä –±–∞–π–≥–∞–∞.",10,2021-05-13 08:13:13,"HUMAN PARTY has limited human resources. D.Enkhbat is a very arrogant man who doesn&#39;t know the life of ordinary Mongolians. When you look at his tweets, he quotes a lot from foreign books and literature. Not everything is suitable for Mongolian life. There is such a foreign-minded man.",-0.9
TaliinMongolHun,"@enkhorg41217149 @GGanErdene –≠–Ω—Ö–±–∞—Ç –≥—É–∞–π–≥ —Å–æ–Ω–≥–æ—Ö–≥“Ø–π –±–∞–π—Ö —à–∞–ª—Ç–≥–∞–∞–Ω:
1. –ü–æ–ª–∏—Ç–∏–∫–∞–ª –ª–∏–¥–µ—Ä –±–∏—à
2. –ë—ç—ç–∂–∏–Ω, –ú–æ—Å–∫–≤–∞—Ç–∞–π –≤–∞–π–± —Ç–∞–∞—Ä–∞—Ö–≥“Ø–π 
3. –¢–µ—Ö–Ω–æ–∫—Ä–∞—Ç —É–ª—Å —Ç”©—Ä—á –Ω—å —Ç”©—Ä–∏–π–Ω —Ç—ç—Ä–≥“Ø“Ø–Ω –≥—ç—Ö—ç—ç—Å—ç—ç, —Å–∞–ª–±–∞—Ä —Ö–∞—Ä–∏—É—Ü–∞–Ω –ó–ì—Ç —Å–∞–π–¥ —Ö–∏–π—Ö –Ω—å —Ç–æ—Ö–∏—Ä–æ–º–∂—Ç–æ–π",10,2021-05-15 14:24:57,@ enkhorg41217149 @GGanErdene Reasons not to elect Enkhbat: 1. Not a political leader 2. Not compatible with Beijing and Moscow 3. A technocratic politician is better to be a minister in charge of a sector than a head of state,-1.0
Ganzorig1,–≠–Ω—Ö–±–∞—Ç –∏–Ω—Ç–µ—Ä–Ω—ç—Ç –æ—Ä—É—É–ª–∂ –∏—Ä—ç—ç–≥“Ø–π –±—Å–∞–Ω –±–æ–ª —á–∏ —ç–Ω–∏–π–≥ —É–Ω—à–∏–∂ –±–∞–π—Ö–≥“Ø–π —á–∏—Ö—à–∏–≥. –ê—Ä–∞–π —Ç—É–π–ª—à–∏—Ä–∞–∞–¥ —á–∞–∞—á—Ö—ã–º–∞–∞. –ó–∞—Ö –∑—ç—ç–ª –±–∏–∑–Ω–µ—Å–∏–π–Ω –æ–π–ª–≥–æ–ª—Ç–≥“Ø–π –Ω”©—Ö–¥“Ø“Ø–¥ –±–∞–π–¥—ã–º—É—É —Ö–∞–π—à–∞–∞ —é–º. –ú–æ–±–∏–∫–æ–º –æ—Ä–∂ –∏—Ä—ç—ç–≥“Ø–π –±—Å–∞–Ω –±–æ–ª –°–∫–∞–π—Ç–µ–ª –æ—Ä–æ–æ–¥ –ª –∏—Ä—ç—Ö –±–∞–π—Å—ã—à—Ç.,9,2021-05-17 04:43:39,"If Enkhbat hadn&#39;t brought the Internet, you wouldn&#39;t be reading this. Let&#39;s get a little polarized. The market is full of people who don&#39;t understand business. If Mobicom hadn&#39;t come in, Skytel would have come in.",-1.0
Uyanga_ts,"–≠–Ω—Ö–±–∞—Ç –≥—É–∞–π –±–æ–ª .... Yes, he‚Äôs cool. But let‚Äôs to be honest. –≠–Ω—Ö–±–∞—Ç –≥—É–∞–π –≥–∞—Ä–∞—Ö–≥—É–π. –Ø–∞–∂ —á —Ö“Ø—Å—ç—ç–¥, —è–∞–∂ —á –º–∞–≥—Ç–∞–∞–¥, —é—É–≥–∞–∞—Ä —á –Ω”©–ª”©”©–ª”©”©–¥ –≥–∞—Ä–∞—Ö–≥—É–π. He‚Äôs not gonna win! Period... –•—ç–¥“Ø“Ø–ª—ç—ç ”©”©—Ä—Å–¥–∏–π–≥”©”© —Ö—É—É—Ä–∞–∞–¥ —è–∞—Ö–∞–≤. –ü—Ä–∞–≥–º–∞—Ç–∏–∫ –±–∞–π—Ö –Ω–∞—Å–∞–Ω–¥ —á –∏—Ä–ª—ç—ç. –†–æ–º–∞–Ω—Ç–∏–∫ –±–≥–∞–∞–¥ ”©–Ω–≥”©—Ä—Å”©–Ω —Å–æ–Ω–≥—É—É–ª–∏–∞—Ä —è–∞–ª–∞–∞?",9,2021-05-19 10:43:53,"Enkhbat guai is .... Yes, he&#39;s cool. But let&#39;s be honest. Enkhbat guai will not leave. No matter how much you want it, no matter how much you praise it, no matter how much you influence it. He&#39;s not gonna win! Period ... It&#39;s okay to deceive ourselves. I&#39;m old enough to be pragmatic. What about the romantic and last election?",0.0
myagmardorj_,"‚Äú–ë–∏ –≠–Ω—Ö–±–∞—Ç—ã–≥ –¥—ç–º–∂–∏–∂ –±–≥–∞–∞, –≥—ç—Ö–¥—ç—ç –≠–Ω—Ö–±–∞—Ç —Ö”©–¥”©”© –æ—Ä–æ–Ω –Ω—É—Ç–≥–∞–∞—Å —Å–∞–Ω–∞–ª –∞–≤–∞—Ö–≥“Ø–π —ç—ç‚Äù —á –≥—ç—Ö —à–∏–≥. –≠–Ω—ç –±–æ–ª –¥—ç–º–∂–∏–∂ –±–≥–∞–∞ —Ö“Ø–Ω–∏–π “Ø–≥ –≥—ç–∂ –∏—Ç–≥—ç—Ö—ç–¥ —Ö—ç—Ü“Ø“Ø. –Ø–∞–≥–∞–∞–¥ –≥—ç–≤—ç–ª ”©”©—Ä–∏–π–≥”©”© –¥—ç–º–∂–∏–≥—á –≥—ç–∂ –∑–∞—Ä–ª–∞—Å–Ω–∞–∞ –∞—Ä–∞–∞—Å –Ω—å ‚Äú—Ö”©–¥”©”© –æ—Ä–æ–Ω –Ω—É—Ç–≥–∞–∞—Å —Å–∞–Ω–∞–ª –∞–≤–∞—Ö–≥“Ø–π —ç—ç‚Äù –≥—ç–∂ —Ö–∞–π—Ä—Ü–∞–≥–ª–∞–∂, —è–ª–≥–∞–≤–∞—Ä–ª–∞—Ö –Ω—å –±–æ–ª –¥—ç–º–∂–ª—ç–≥ –±–æ–ª–æ—Ö–≥“Ø–π–º–ª.",9,2021-05-19 12:36:59,"&quot;I support Enkhbat, but Enkhbat will not get votes from the countryside.&quot; It&#39;s hard to believe that this is the word of a supporter. This is because it is not supportive to declare oneself a supporter and then discriminate by saying ‚Äúwe will not get votes from the countryside‚Äù.",-1.0
Uyanga_ts,"That‚Äôs who we are. We‚Äôre hypocritics. –ë“Ø—Ö –ø–æ–ª–ª–æ–æ—Ä –≠–Ω—Ö–±–∞—Ç 8%-–¥ —á —Ö“Ø—Ä—ç—Ö–≥“Ø–π –±—Ö–∞–¥ –±–∏–¥ —ç–Ω–¥ —Ö—É–¥–ª–∞–∞ –≥–∞—Ä —Ö–∞–Ω–≥–∞–ª–≥–∞ —Ö–∏–π–≥—ç—ç–¥ —è–º–∞—Ä —á –Ω—ç–º—ç—Ä–≥“Ø–π. 
–¢—ç–≥—ç—Ö—ç—ç—Ä –°.–≠—Ä–¥—ç–Ω—ç –ª “Ø–ª–¥—ç–∂ –±–Ω–∞. –ë–∏ –°.–≠—Ä–¥—ç–Ω—ç–¥ –¥—É—Ä–≥—É–π. –ï—Ä –Ω—å –¥—É—Ä—Ç–∞–π —Ö“Ø–Ω –±—Ö–≥—É–π. That‚Äôs obvious. –≠–Ω—ç –±“Ø—Ö —Ü–∞–≥ —Ö—É–≥–∞—Ü–∞–∞–Ω–¥ –±–∏ –≠—Ä–¥—ç–Ω–∏–π–≥ —à–∞–∞–∂ –ª –∏—Ä—Å—ç–Ω.",8,2021-05-19 10:45:08,"That&#39;s who we are. We&#39;re hypocritics. In all polls, Enkhbat is less than 8%, but we are lying here and it is useless. So only S.Erdene remains. I don&#39;t like S.Erdene. Nobody likes it. That&#39;s obvious. All this time, I&#39;ve been squeezing Erdene.",-1.0
OtgonbayarT,"1996 –æ–Ω–¥ –ê—Ä–¥—ã–Ω –±–∞–Ω–∫–∏–Ω–¥ –∏–Ω–∂–µ–Ω–µ—Ä—ç—ç—Ä –∞–∂–∏–ª–ª–∞–∂ –±—Ö–¥–∞–∞, —Ö–∞–∂—É—É–¥ –∞–∂–∏–ª–ª–∞–¥–∞–≥ –Ω”©—Ö–¥“Ø“Ø–¥ –î–∞—Ç–∞–∫–æ–º —Ä—É—É –æ—á–∏–∂ —É—É–ª–∑–∞–∞–¥ –±—Ö–∞–∞—Ä –Ω—å –¥—É—Ç—á–∏—Ö–≥“Ø–π–Ω —Ç—É–ª–¥ —è–≥ —ç–Ω—ç –∞—Ä—ã–Ω –±–∞–π—Ä —Ä—É—É –Ω—å –æ—á–æ–æ–¥ @–≠–Ω—Ö–±–∞—Ç –∑–∞—Ö–∏—Ä–∞–ª—Ç–∞–π –∞–Ω—Ö —É—É–ª–∑–∞–∂ –±–∞–π–∂. –≠–Ω—Ö–±–∞—Ç –∑–∞—Ö–∏—Ä–∞–ª –∏–Ω—ç—ç—Å–Ω—ç—ç ""”©–Ω”©”©–¥”©—Ä –ê—Ä–¥—ã–Ω –±–∞–Ω–∫–Ω—ã—Ö–∞–Ω —è–∞—Å–∞–Ω –æ–ª–Ω–æ–æ—Ä–æ–æ –∏—Ä–∂ –±–∞–π–Ω–∞ –∞–∞!!"" –≥–∂ –±–∏–ª—ç—ç https://t.co/uJD61kyC1k",8,2021-05-17 07:27:12,"In 1996, Bhdaa, who worked as an engineer at the People&#39;s Bank, and his colleagues went to see Datacom and met with the director @Enkhbat for the first time. Director Enkhbat laughed and said, &quot;How many People&#39;s Bankers are coming today !!&quot; https://t.co/uJD61kyC1k",1.0
sudlaachganaa,@sogoomn –û–¥–æ–æ –î.–≠–Ω—Ö–±–∞—Ç –∂–∏—Ä–≥—ç—ç–Ω –¥—ç—ç—Ä —Å—É—É–∂ –±–∞–π—Ö –∑–∞–≤ –±–∞–π—Ö–≥“Ø–π —ç—ç...,8,2021-05-16 02:33:30,@sogoomn Now D.Enkhbat doesn&#39;t have time to sit on Twitter ...,-1.0
BayarsaihanG,"–•—ç–ª–¥—ç–≥ –≠–Ω—Ö–±–∞—Ç, —Ö–∏–π–¥—ç–≥ –•“Ø—Ä—ç–ª—Å“Ø—Ö, —Ö—ç—Ä—ç–ª–¥–¥—ç–≥ –≠—Ä–¥—ç–Ω—ç –≥—ç–Ω—ç—ç. https://t.co/yCQePw2mv3",8,2021-05-17 06:31:45,"Enkhbat says, Khurelsukh does and Erdene argues. https://t.co/yCQePw2mv3",0.3
Eegiid,@Uyanga_ts –¢—ç–≥—ç—ç–¥ —Ö—ç–Ω–∏–π–≥ –≥–∞—Ä–≥–∞—Ö—ã–º –±—ç—ç? –¢—ç—Ä –≠–Ω—Ö–±–∞—Ç —á–∏–Ω—å –±–∞—Å –∞—Ä–∞–π –±–∏—à –±–Ω–∞ –ª—ç—ç —à–¥—ç—ç,7,2021-05-12 14:05:44,@Uyanga_ts So who will I release? That Enkhbat was not bad either,0.5
Uyanga_ts,"–ú–ê–ù 91 % “Ø–Ω—ç–º–ª—ç—Ö“Ø–π —è–ª—Å–∞–Ω. –ë–∏–¥ –ª —Ö—É–¥–ª–∞–∞ —ç—Ä–æ—á–∏–≥–ª–æ–æ–¥ –±—Å–Ω–∞–∞—Å –±–æ–¥–∏—Ç —Å–∞–Ω–∞–ª –¥—ç—ç—Ä –•“Æ–ù-–∏–π–≥ –≥–∞—Ä–≥–∞–∞–≥“Ø–π. ”®–Ω”©”©–¥”©—Ä —á –≥–∞–¥–∞–∞–¥ –¥–∞—Ö—å –º–æ–Ω–≥–æ–¥—á—É—É–¥ –≠–Ω—Ö–±–∞—Ç –≥—É–∞–π–≥ –¥—ç–º–∂–∏—Ö –∫–∞–º–ø–∞–Ω–∏ —è–≤—É—É–ª–∞–∞–¥ –±–≥–∞–∞ —á 280,000 –ú–æ–Ω–≥–æ–ª –≥–∞–¥–∞–∞–¥–∞–¥ –∞–º—å–¥–∞—Ä–¥–∞–≥–∞–∞—Å 60,000 –Ω—å —Å–æ–Ω–≥—É—É–ª–∏–π–Ω –Ω–∞—Å–Ω—ã—Ö –±—Ç–∞–ª —Å–æ–Ω–≥—É—É–ª—å ”©–≥”©—Ö”©”©—Ä –±“Ø—Ä—Ç–≥“Ø“Ø–ª—Å—ç–Ω –Ω—å 600 —Ö“Ø–Ω.",7,2021-05-19 10:44:33,"The MPP won 91% of the vote. We didn&#39;t make a HUMAN on the actual proposal because we lied. Even today, Mongolians living abroad have launched a campaign in support of Enkhbat guai, but of the 280,000 Mongolians living abroad, 60,000 are of voting age and 600 have registered to vote.",-0.7
Metamorphoser,–•“Ø–Ω ”©–¥—á–∏—Ö”©”©–¥ –¥–∞—Ä–∞–∞ –≥–æ–º–¥–æ—Ö –≥—Å–Ω —é–º –±–ª–≥“Ø–π –¥—ç—ç —ç–Ω—Ö–±–∞—Ç —Ö“Ø—Ä—ç–ª—Å“Ø—Ö–¥—ç—ç —á –±–∏—à –∑“Ø–≥—ç—ç—Ä —á–∏ ”©”©—Ä”©”© —è–∞–≥–∞–∞–¥ –∏–Ω–≥—ç–∂ ”©–¥”©”©–Ω —Ö–∞—Ç–≥–∞–ª–≥–∞ —Ö–∏–π—á—ç—ç–¥ —Ç—ç–≥—Å–Ω—ç—ç –∏–Ω–≥—ç–∂ –±–∏—á–¥—ç–≥ —é–º? –∑–∞—Ä–∏–º–¥–∞–∞ –∏—á–∏—Ö —é–º ”©–º–Ω”©”©—Å —á–∏–Ω—å —è–º–∞—Ä —à–æ—Ä–≤–æ–≥ –±–≥–∞–∞–¥ —ç–º –±–æ–ª–æ—Ö–æ–æ—Ä “Ø–≥—Å —Ö–∞—Ä–∞–≥–¥—Å–∞–Ω–≥“Ø–π—ç—ç. —Ö–∞—Ä–∞–ª–≥–∞–Ω –±–≥–∞–∞–¥ –º–∏–Ω—å —É—É—à–ª–∞–∞—Ä–∞–π https://t.co/hLRBZkA0pi,7,2021-05-13 12:10:05,"You don&#39;t want to be offended when you are provoked, you just want to be offended, you don&#39;t want to be offended, you don&#39;t want to be offended, you don&#39;t want to be offended. Sometimes I was embarrassed and didn&#39;t see the words because they were so salty and medicinal. I&#39;m blind and I&#39;m sorry https://t.co/hLRBZkA0pi",-1.0
BayarsaihanG,"–≠–Ω—Ö–±–∞—Ç ""–ù—ç—ç–ª—Ç—Ç—ç–π —Ñ–æ—Ä—É–º"" –≥—ç–¥—ç–≥ –Ω—ç–≤—Ç—Ä“Ø“Ø–ª–≥—ç—ç—Ä –∏—Ö —è—Ä—å–¥–∞–≥ —Ö“Ø–Ω –±–∞–π—Å–∞–Ω. 2008.07.01-–Ω–∏–π –∂–∞–≥—Å–∞–∞–ª–¥ —Ç—É—Ä—Ö–∏—Ä—á —é–º —è—Ä–∏–∞–¥ –ª, 2008-2012 –æ–Ω—ã –£–ò–•-–¥ –ò–ó–ù, –ú–ù–ù —Ö–æ—ë—Ä—ã–≥ –Ω—ç–≥—Ç–≥—ç—Ö —Ç—É—Ö–∞–π —è—Ä–∏–∞–¥ –ª. –•“Ø—Ä—ç–ª—Å“Ø—Ö —è—Ä–∏—Ö–∞–∞—Å–∞–∞ —Ö–∏–π—Ö –Ω—å –∏—Ö, —Ö–∏–π—Å—ç–Ω —é–º–Ω—ã—Ö –Ω—å –∑–∞—Ö –∑—É—Ö–∞–∞—Å —ç–Ω—ç –∂–∏—Ä–≥—ç—ç–Ω–¥ –±–∏—á—Å—ç–Ω. –≠—Ä–¥—ç–Ω—ç –±–æ–ª —Ö—ç—Ä“Ø“Ø–ª—á—ç—ç—Ä—ç—ç –∞–ª–¥–∞—Ä—Ç–∞–π.",7,2021-05-17 08:43:12,"Enkhbat used to talk a lot on the program &quot;Open Forum&quot;. He encouraged the demonstration on July 1, 2008 and talked about merging the CWP and the MNP in the 2008-2012 Parliament. There is more to do than to touch, and the twists and turns of what he has done are written in this tweet. Erdene is known for his quarrels.",0.0
Mongol_huu,"2008 –æ–Ω—ã 7 —Å–∞—Ä—ã–Ω 1-–Ω–¥ –î.–≠–Ω—Ö–±–∞—Ç –≥—É–∞–π —á—É—Ö–∞–º —é—É –≥—ç–∂ —Ö—ç–ª–∂, —É—Ä–∏–∞–ª–∂ –±–∞–π—Å–Ω—ã–≥ —Ö–∞—Ä—Ü–≥–∞–∞‚ÄºÔ∏è –ì–æ–ª –±—É—Ä—É—É—Ç–Ω—É—É–¥ –Ω—å, —Ö–∞—Ç–≥–∞–∂, “Ø–π–º“Ø“Ø–ª–∂ –±–∞–π—Å–∞–Ω —Ö“Ø–º“Ø“Ø—Å ”©–Ω”©”©–¥”©—Ä —Ç“Ø“Ø–Ω–∏–π–≥ —Ö–∞—Ä–ª—É—É–ª–∞—Ö–∞–∞—Ä –æ—Ä–æ–ª–¥–æ—Ö –Ω—å –∏—á–≥—ç–≤—Ç—ç—Ä‚ùó –¢“Ø“Ø—Ö —Ç“Ø“Ø—Ö—ç—ç—Ä—ç—ç, –±–∞—Ä–∏–º—Ç –±–∞—Ä–∏–º—Ç–∞–∞—Ä–∞–∞ –ª “Ø–ª–¥—ç–Ω—ç‚ÄºÔ∏è https://t.co/6S6XtIWZyf",6,2021-05-19 14:38:25,"Look at what D.Enkhbat said and called for on July 1, 2008‚Äº Ô∏è The main culprits, the people who stabbed and disturbed him, are ashamed to try to blacken him today‚ùó History will remain with history and facts‚Äº Ô∏è https: // t. co / 6S6XtIWZyf",-0.8
myagmardorj_,–°–∞–∞—Ä–∞–ª –±“Ø–ª—ç–≥—Ç –±–∞–≥—Ç–∞—Ö —Å–æ–Ω–≥–æ–≥—á –°.–≠—Ä–¥—ç–Ω—ç–¥ —Å–∞–Ω–∞–ª–∞–∞ ”©–≥”©—Ö “Ø“Ø? –ù”©“Ø–ø. ”®–≥”©—Ö –º–∞–≥–∞–¥–ª–∞–ª –º–∞–∞–∞–∞–∞–∞—à –±–∞–≥–∞ —à“Ø“Ø. –•–∞—Ä–∏–Ω —ç–Ω—ç –±“Ø–ª—ç–≥—Ç –±–∞–≥—Ç–∞—Ö —Å–æ–Ω–≥–æ–≥—á –î.–≠–Ω—Ö–±–∞—Ç–∞–¥ —Å–∞–Ω–∞–ª–∞–∞ ”©–≥”©—Ö –º–∞–≥–∞–¥–ª–∞–ª –Ω—å —Ö–∞–º–∞–∞–≥“Ø–π/—Ö–∞—Ä—å—Ü–∞–Ω–≥—É–π ”©–Ω–¥”©—Ä. Common sense. –¢—ç–≥—ç—Ö—ç—ç—Ä —ç–Ω—ç 2-—ã–Ω —Ö—ç–Ω –Ω—ç–≥—ç–Ω –Ω—å –£.–•“Ø—Ä—ç–ª—Å“Ø—Ö–∏–π–≥ –¥–∞–≤–∂ —á–∞–¥–∞—Ö –±–æ–ª —Ç—ç—Ä –Ω—å –î.–≠–Ω—Ö–±–∞—Ç.,6,2021-05-19 11:24:27,"Will you vote for S.Erdene, a gray group voter? Noop. The probability of giving is very low. However, the probability of voting for D. Enkhbat, a voter in this group, is relatively high. Common sense. So, if any of these two can beat U.Khurelsukh, it is D.Enkhbat.",-0.5
duuren12,"@GZulaaa –≠–Ω—Ö–±–∞—Ç –Ω—å —Ç–∞–∞–ª–∞–≥–¥–¥–∞–≥. –≠–Ω—ç 2 –Ω–∞–º —è–ª–∞–≥–¥–∞–∞–¥ —à–∏–Ω—ç—á–ª—ç–≥–¥—ç—ç—Å—ç–π, —Ö“Ø“Ø–∫ –æ—é—É–∫ —ç–¥ –Ω–∞—Ä –±–æ–ª —è–≥ “Ø–Ω—ç–Ω–¥—ç—ç —á–∞–¥–∞—Ö–≥“Ø–π –ª –±–∞–π–≥–∞–∞ —à“Ø“Ø –¥—ç—ç, —Å–∞–º–∞—Ä–∞–∞ —Å—É–º—Ç–∞–π —ç–Ω—ç —Ç—ç—Ä –±–æ–ª –±“Ø—Ä –≥–∞–º—à–∏–≥ –∫–∫",6,2021-05-16 12:39:42,"@GZulaaa I like Enkhbat. If these two parties were defeated and reformed, they wouldn&#39;t be able to do it, you know.",0.2
BayarsaihanG,–ï—Ä”©–Ω—Ö–∏–π–ª”©–≥—á–∏–π–Ω —Å–æ–Ω–≥—É—É–ª–∏–∞—Ä –≠–±–∏ —à–∏–≥ –∏–¥—ç–≤—Ö—Ç—ç–π —Ö“Ø–Ω –∞–ª–≥–∞. –≠–Ω—Ö–±–∞—Ç –∑”©–≤–ª”©—Ö –Ω—å –±–∞–π—Å–∞–Ω. –≠—Ä–¥—ç–Ω–∏–π–Ω –ê–ù (–í–ê–ù –Ω–∞–º –≥—ç–¥—ç–≥ –≥—ç–Ω—ç)-—ã–Ω –∞—Ä–¥ –≥–æ–ª–¥—É—É –≠–±–∏-–≥–∏–π–Ω –Ω”©—Ö”©–¥. –ñ–µ–Ω–∫–æ –ê–ù (–ñ–ê–ù –Ω–∞–º)-—ã–Ω —ç—Å—Ä—ç–≥ –≠–±–∏ –í–ê–ù –Ω–∞–º—ã–≥ —Ç“Ø–ª—Ö—ç–∂ —Å—É—É–Ω–∞. –≠–±–∏-–≥–∏–π–Ω —Ç–æ–º–∏–ª—Å–æ–Ω —à“Ø“Ø–≥—á–∏–¥ –í–ê–ù –Ω–∞–º—ã–Ω —é—É —Å–∞–Ω–∞—Å–∞–Ω 9 —Ö“Ø—Å–ª–∏–π–≥ –±–∏–µ–ª“Ø“Ø–ª–¥—ç–≥ –Ω—å —á —Ç–æ–¥–æ—Ä—Ö–æ–π. https://t.co/mktwrK8GST,6,2021-05-19 07:37:38,No one is as active in the presidential election as Abby. Enkhbat was his advisor. Behind the gem DP (also known as the VAN party) are mostly Abby&#39;s friends. Genco pushes Abi Wang against the DP. It is clear that the judges appointed by Abby fulfill the nine wishes of the WAN. https://t.co/mktwrK8GST,-0.2
Khulgun_Gold,"–ë.–ñ–∞—Ä–≥–∞–ª—Å–∞–π—Ö–∞–Ω:     
7 —Å–∞—Ä—ã–Ω 1 –Ω–∏–π–≥ –∑–æ—Ö–∏–æ–Ω –±–∞–π–≥—É—É–ª—Å–∞–Ω —Ö“Ø–Ω –Ω—å –≠–ª–±—ç–≥–¥–æ—Ä–∂ –≠–Ω—Ö–±–∞—Ç –ë–∞—Ç–∑–∞–Ω–¥–∞–Ω –ú–∞–≥–Ω–∞–π –Ω—Ç—Ä. –≠–Ω—Ö–±–∞—Ç –Ω—É—É–≥–¥—á–∏—Ö–¥–∞–≥ –±–∞–π—à—Ç. –¢—ç–≥—ç—ç–¥ –ë–∞—Ç–∑–∞–Ω–¥–∞–Ω –ú–∞–≥–Ω–∞–π –Ω—Ç—Ä –ª“Ø“Ø–≥—ç—ç –±—É—Ä—É—É–≥ –Ω—å —á–∏—Ö—á–∏—Ö—Å—ç–Ω. 
–¶–∞–≥–∞–∞–Ω –≥–∞—Ä—Ç–∞–π, ”©”©–¥–≥“Ø–π —É–Ω—Ö–∏–∞–≥“Ø–π —É—Ä–≤–∞–≥—á –±—è–ª–¥—É—É—á, –∞–π–º—Ö–∞–π–≥–∏–π–Ω —Ç—É–π–ª —Ö“Ø–Ω —è–∞–∂ –ú–£-—ã–≥ —Ç”©–ª”©”©–ª”©—Ö —é–º. “Æ–ù–≠–ù https://t.co/HBND90n9L7",6,2021-05-19 03:03:23,"B.Jargalsaikhan: The organizer of July 1 was Elbegdorj Enkhbat Batzandan Magnai ntr. Enkhbat hid in the house. Then Batzandan Magnai put the blame on him. How can a white-handed, unfaithful traitor and a man of extreme fear represent Mongolia? TRUE https://t.co/HBND90n9L7",-0.6
CityzenSainaa,"@enkhbat –≠–Ω—Ö–±–∞—Ç –∞—Ö–∞–∞. –¢–∞ —Ö”©–¥”©”©–≥“Ø“Ø—Ä –ª —Å—É—Ä—Ç–∞–ª—á–∏–ª–≥–∞–∞–≥–∞–∞ —Å–∞–π–Ω —Ö–∏–π–∂ “Ø–∑—ç—ç—Ä—ç–π. 16 –æ–Ω—ã —Å–æ–Ω–≥—É—É–ª—å—Ç–∞–π –¥–∞–≤—Ö—Ü–∞–∂ –±–∏ –∞—è–ª–∂ —Ç–∞–∞—Ä—Å—ã–º. –°—É–º—ã–Ω —Ç”©–≤, –±—Ä–∏–≥–∞–¥ –±–æ–ª–≥–æ–Ω—ã–≥ –ú–ê–ù —É–ª–∞–π—Ä—É—É–ª—á–∏—Ö—Å–∞–Ω –±–¥—ã–Ω –±–ª—ç—ç. –ì—ç—Ç—ç–ª –ú–ê–•–ù –ì–∞–Ω–±–∞–∞—Ç–∞—Ä—ã–Ω –±—Ä–æ—á—É—Ä —á –æ—á–æ–æ–≥“Ø–π –±–∞–π—Å–∞–Ω. –ê–º–∂–∏–ª—Ç —Ö“Ø—Å—å–µ.",5,2021-05-17 09:00:00,"@enkhbat Brother Enkhbat. Try to advertise well in the countryside. Coinciding with the 16th election, I traveled. The MPP has infuriated every soum center and brigade. However, the MPRP did not visit Ganbaatar&#39;s brochure. Good luck.",-0.1
Mendee1111,"–ß–æ–π–ë–∞–ª—Å–∞–Ω
–¶—ç–¥—ç–Ω–ë–∞–ª
–ë–∞—Ç–º”©–Ω—Ö
–û—á–∏—Ä–ë–∞—Ç
–ë–∞–≥–∞–±–∞–Ω–¥–∏
–≠–Ω—Ö–ë–∞—è—Ä
–≠–ª–ë—ç–≥–¥–æ—Ä–∂
–ë–∞—Ç—Ç—É–ª–≥–∞
–≠–Ω—ç –∂–∏—à–≥—ç—ç—Ä –±–æ–ª –≠–Ω—Ö–ë–∞—Ç –ª –≥—ç–∂ –≥–∞—Ä–∞–∞–¥ –±–∞–π–Ω–∞ –¥–∞–∞.
–•“Ø—Ä—ç–ª–±”©—Ö –≥—ç—ç–¥ –Ω—ç—Ä—ç—ç —Å–æ–ª–∏—Ö–≥“Ø–π –ª –±–æ–ª –±–æ–ª–æ–º–∂ –∞–ª–≥–∞...",5,2021-05-13 19:40:18,"ChoiBalsan TsedenBal Batmunkh OchirBat Batabandi EnkhBayar ElBegdorj Battulga According to this standard, it is Enkhbat. There is no chance unless you change your name to touch ...",-1.0
Mongol_huu,"–ú–ê–ù–ê–ù-—ã–Ω —Ç—Ä–æ–ª–ª—É–¥ –î.–≠–Ω—Ö–±–∞—Ç –≥—É–∞–π–≥ –Ω–∏–π–≥–º–∏–π–Ω –Ω—ç–≥ —Ö—ç—Å—ç–≥—Ç –Ω—å –∂–∏–≥—à“Ø“Ø–ª–∂, —Å–∞–Ω–∞–ª—ã–≥ –Ω—å –∞–≤–∞—Ö –≥—ç—Å—ç–Ω —è–¥–º–∞–≥ –∞—Ä–≥–∞ —Ö—ç—Ä—ç–≥–ª—ç–∂ –±–∞–π–Ω–∞ –¥–∞–∞. –ò–Ω–≥—ç—Ö —Ç—É—Å–∞–º –Ω—å –º–æ–Ω–≥–æ–ª—á—É—É–¥ –Ω—ç–≥–¥—ç–∂, –Ω—è–≥—Ç—Ä–∞–Ω–∞ –¥–∞–∞‚ÄºÔ∏è https://t.co/ogT4iJSRko",5,2021-05-14 08:27:44,"D.Enkhbat guai is being despised by a part of the society and a poor method is being used to get his opinion. The more we do this, the more Mongolians will unite and unite‚Äº Ô∏è https://t.co/ogT4iJSRko",-0.2
Gumpaa,–≠—Ä–¥—ç–Ω–∏–π–≥ –º–∞–≥—Ç–∞—Ö–≥“Ø–π –±–æ–ª –•“Ø–∫ –≠–Ω—Ö–±–∞—Ç —Ö–æ—ë—Ä—ã–≥ –º—É—É–ª–∞–∞–¥ —Å–∞–Ω–∞–ª –Ω—å –≠—Ä–¥—ç–Ω—ç—Ä“Ø“Ø —è–≤–∞—Ö–≥“Ø–π –¥—ç—ç. –≠—Ä–¥—ç–Ω–∏–π–≥ —è–∞–∂ –º–∞–≥—Ç–∞–¥—ã–Ω –±–≥–∞–∞–Ω –æ–¥–æ–æ,4,2021-05-18 00:15:43,"If you don&#39;t praise Erdene, you won&#39;t be able to slander Huk and Enkhbat and vote for Erdene. How can you praise Erden now?",-1.0
RATNASHARANU,"@Uyanga_ts –≠–Ω—Ö–±–∞—Ç –≥–∞—Ä–≤–∞–ª —à–æ—Ä–æ–Ω–¥–æ–æ –æ—Ä–æ—Ö–≥“Ø–π, 
–≠—Ä–¥—ç–Ω—ç –≥–∞—Ä–≤–∞–ª –∑–æ–æ–ª—Ç—Ç–æ–π —è–≤–Ω–∞.
–•–∞—Ä–∏–Ω –•“Ø—Ä—ç–ª—Å“Ø—Ö –≥–∞—Ä–≤–∞–ª 50/50 –±—Ö",4,2021-05-17 06:39:52,"@Uyanga_ts If Enkhbat leaves, he will not go to jail, if Erdene leaves, he will go to prison. But if Khurelsukh comes out, 50/50 bh",-1.0
OdgerelEnkhbat,"@ganzorigv –ú–ê–ù –¢“Ø–¥—ç–≤ –≥—É–∞–π–≥ –≥–∞—Ä–≥–∞—Ö –≥—ç—ç–¥ —ç–ª–∏—Ç —ç–Ω—ç —Ç—ç—Ä –≥—ç—Å—ç—ç—Ä –±–∞–π–≥–∞–∞–¥ —Ö“Ø–º“Ø“Ø—Å—ç—ç—Å –±“Ø—Ä —Ç–∞—Å–ª–∞–∞–¥ —Ö–∞—è—Å–∞–Ω —é–º —à–∏–≥. –¢—ç–≥—Å—ç–Ω —Ö“Ø–º“Ø“Ø—Å –≥“Ø–Ω–¥“Ø“Ø–≥“Ø–π —Å–æ–Ω–≥–æ–ª—Ç —Ö–∏–π—Å—ç–Ω. –•“Ø“Ø–∫ —ç–Ω—ç –∞—Ä–≥—ã–≥ —Ö—ç—Ä—ç–≥–ª—ç—ç–¥ —Ö—ç—ç–≥“Ø–π, –≥“Ø–Ω–¥“Ø“Ø–≥“Ø–π –º–æ–Ω–≥–æ–ª —ç—Ä —Ö“Ø–Ω –≥—ç–∂ —Ö–∞—Ä–∞–≥–¥–∞—Ö –≥—ç–∂ –±–∞–π—Ö —à–∏–≥. –≠–Ω—Ö–±–∞—Ç –≥—É–∞–π–≥ –±–æ–ª –¢“Ø–¥—ç–≤–¥—ç–∂ –±–∞–π–Ω–∞ –¥–∞–∞",4,2021-05-15 01:23:41,"@ganzorigv It seems that the MPP tried to oust Tudev guai and cut him off from the people. Then people made a shallow choice. Hook seems to be using this method to look like an ugly, shallow Mongolian man. Enkhbat guai is being beaten",-1.0
Amarjargal_,"–≠–Ω—Ö–±–∞—Ç –≥—É–∞–π —Ç—É—Ö–∞–π–Ω “Ø–µ–¥ “Ø–∑—ç–ª –±–æ–¥–æ–ª –Ω–∞—Å –Ω–∞–º–±–∞ —Ç–æ–≥—Ç—á–∏—Ö—Å–æ–Ω –±–∞–π—Å–∞–Ω, —è–∞–≥–∞–∞–¥ 07.01-–Ω–∏–π –∞—Å—É—É–¥–ª—ã–≥ –¥—ç–≤—Ä—ç—ç—á—ç—ç–¥ –æ–ª–æ–Ω –∑–∞–ª—É—É—Å—ã–Ω –∞—Ä–¥ –Ω—É—É–≥–¥–∞–≤? https://t.co/2znqEyhQxH",4,2021-05-19 07:46:43,"Enkhbat guai was old-fashioned at that time, why did he raise the issue of 07.01 and hide behind many young people? https://t.co/2znqEyhQxH",-0.2
nobattulgat,"@enkhbat –°–æ–Ω—Å–æ–æ–¥ –±–∞—è—Å–∞–∞–¥, 2 –≥–∞—Ä–∞–∞ ”©—Ä–≥”©”©–¥ –¥—ç–º–∂—ç—ç–¥ –ª –±–∞–π–≥–∞–∞ —à“Ø“Ø –≠–Ω—Ö–±–∞—Ç –∞—Ö :-)",4,2021-05-13 13:57:23,"@enkhbat I&#39;m glad to hear that, I&#39;m just raising my hands and supporting Enkhbat ah :-)",1.0
BayarsaihanG,"–≠—Ä–≥—ç–∂ –¥–∞–≥–∞–∞–≥“Ø–π –∂–∏—Ä–≥—ç—ç—á–∏–π–Ω –∂–∏—Ä–≥—ç—ç —Ö–∞—Ä–∞–≥–¥–∞—Ö–≥“Ø–π, –¥–∞–≥–∞—Å–∞–Ω —Ü”©”©–Ω —Ö—ç–¥—ç–Ω —Ç–æ–º—á—É—É–¥ –Ω—å –±–∞—Ä–∞–≥ –∂–∏—Ä–≥—ç–¥—ç–≥–≥“Ø–π. –ò–Ω–≥—ç—ç–¥ –ª –æ–ª–æ–Ω —Ç“Ø–º–Ω—ç—ç—Å—ç—ç —Ç–∞—Å–∞—Ä—á –±–∞–π–≥–∞–∞ –Ω—å —Ç—ç—Ä. –î.–≠–Ω—Ö–±–∞—Ç –ú–ù–ù-—ã–Ω –¥–∞—Ä–≥–∞ –±–∞–π—Ö–¥–∞–∞ —á –∂–∏—Ä–∏–π–Ω –≥–∏—à“Ø“Ø–¥—ç—ç—Å—ç—ç —Ö—ç—Ç —Ç–∞—Å–∞—Ä—Å–∞–Ω —Ö“Ø–Ω –±–∞–π—Å–∞–Ω, —Ç—ç–≥—ç—ç–¥ –ª –Ω–∞–º—ã–Ω –≥–∏—à“Ø“Ø–¥ –Ω—å —Ç“Ø“Ø–Ω–∏–π–≥ –Ω–∞–º–∞–∞—Å–∞–∞ —Ö”©”©–∂ —Ç—É—É—Ö–¥–∞–∞ —Ç—É–ª—Å–∞–Ω.",4,2021-05-13 07:59:02,"The tweets of those who didn&#39;t follow are not visible, and the few adults who follow are barely tweeting. That&#39;s how they cut themselves off from the crowd. Even when D. Enkhbat was the chairman of the MNP, he was too isolated from ordinary members, and the party members tried to oust him from the party.",-1.0
altantulga_b,"–î.–≠–Ω—Ö–±–∞—Ç –µ—Ä”©–Ω—Ö–∏–π–ª”©–≥—á –±–æ–ª—á–≤–æ–ª —ç–¥ –Ω–∞—Ä—Ç –∞—à–∏–≥–≥“Ø–π. –ë—É—è–Ω –ñ–∞–≥–∞–∞ –≥—É–∞–π –≠–Ω—Ö–±–∞—è—Ä, –ë–∞—è—Ä, –≠–Ω—Ö–±–æ–ª–¥, –≠–ª–±—ç–≥–¥–æ—Ä–∂ –Ω–∞—Ä—ã–≥ —ç—Ä—Ö –º—ç–¥—ç–ª—Ç—ç–π –±–∞–π—Ö “Ø–µ–¥ –Ω—å –º–∞–≥—Ç–∞–∂ –¥–æ–ª–æ–æ–≥–æ–æ–¥ –±—É—É–Ω–≥—É—É—Ç –Ω—å –±—É—Ä—É—É –±–∞–π—Å–∞–Ω –≥—ç–∂ —à“Ø“Ø–º–∂–ª—ç—ç–¥ –±–∞–π–¥–∞–≥. –≠–Ω—Ö–±–æ–ª–¥—ã–≥ –º–∞–≥—Ç–∞–∂ –±–∞–π—Å–Ω–∞–∞ –±—É—É–Ω–≥—É—É—Ç –Ω—å —à“Ø“Ø–º–∂–ª—ç—ç–¥ –•“Ø—Ä—ç–ª—Å“Ø—Ö –ë–∞—Ç—Ç—É–ª–≥–∞ —Ö–æ—ë—Ä—ã–≥ –º–∞–≥—Ç–∞—Ö –∂–∏—à—ç—ç–Ω–∏–π.. https://t.co/TKmbIG3EaS",4,2021-05-12 11:46:28,"If D.Enkhbat becomes president, it will not benefit them. Buyan Jagaa guai praised Enkhbayar, Bayar, Enkhbold and Elbegdorj when they were in power and criticized them for being wrong. An example of praising Enkhbold and praising Khurelsukh and Battulga as soon as he landed .. https://t.co/TKmbIG3EaS",-0.5
ODELelectronics,@bolorurtnasan –ò–Ω—Ç–µ—Ä–Ω–µ—Ç–∏–π–≥ –≠–Ω—Ö–±–∞—Ç —Ö–∏–π–≥—ç—ç–≥“Ø–π –±–æ–ª —Ö—ç–Ω –Ω—ç–≥—ç–Ω —Ö–∏–π–Ω—ç –≥—ç–¥—ç–≥—Ç —Ö–∞—Ä–∏—É –±–∏—á—Å—ç–Ω —é–º–∞–∞üòÄüòÄüòõüòõ,3,2021-05-17 13:06:26,"@bolorurtnasan If Enkhbat didn&#39;t make the internet, someone will do itüòÄüòÄüòõüòõ",-1.0
myagmardorj_,"@110Orgio @enkhbat –ë–∏ –±–æ–ª —è–º–∞—Ä —á –±–∏—á–ª—ç–≥ –≥–∞—Ä—á –∏—Ä—Å—ç–Ω –î.–≠–Ω—Ö–±–∞—Ç –±–æ–ª —è–≥ —ç–Ω—ç —É–¥–∞–∞–≥–∏–π–Ω ‚Äú–∏–π–º‚Äù –Ω”©—Ö—Ü”©–ª –±–∞–π–¥–∞–ª–¥ –±–æ–ª–∂ –±—É–π —Å–æ–Ω–≥—É—É–ª—å–¥ –°.–≠—Ä–¥—ç–Ω—ç, –£.–•“Ø—Ä—ç–ª—Å“Ø—Ö –Ω–∞—Ä–∞–∞—Å ‚Äú–¥—ç—ç—Ä‚Äù —Å–æ–Ω–≥–æ–ª—Ç –±–Ω–∞ –≥—ç–∂ —Ö—É–≤—å–¥–∞–∞ –±–æ–¥–æ–∂ –±–≥–∞–∞. –¢–∏–π–º –±–æ–ª–æ—Ö–æ–æ—Ä –ª –∏–π–º —ç—Ä—Ç –∏–π–º –∏—Ç–≥—ç–ª—Ç—ç–π–≥—ç—ç—Ä —Å–æ–Ω–≥–æ–ª—Ç–æ–æ –∑–∞—Ä–ª–∞–∞–¥ –±–≥–∞–∞ :)",3,2021-05-15 03:30:09,"@ 110Orgio @enkhbat I personally think that D.Enkhbat, who came up with any video, will have a ‚Äúbetter‚Äù choice than S.Erdene and U.Khurelsukh in the current election. That&#39;s why I announced my choice so early and so confidently :)",1.0
ebaatar56,–•“Æ–ù-–∞–∞—Å –µ—Ä”©–Ω—Ö–∏–π–ª”©–≥—á–∏–¥ –Ω—ç—Ä –¥—ç–≤—à–∏–∂ –±–∞–π–≥–∞–∞ –≠–Ω—Ö–±–∞—Ç: –®–£-–Ω—ã —Å–∞–ª–±–∞—Ä–∞–∞ —Ö”©–≥–∂“Ø“Ø–ª—ç—Ö –Ω—å —Ç—ç—Ä–≥“Ø“Ø–Ω –∑—ç—Ä–≥–∏–π–Ω –∑–æ—Ä–∏–ª—Ç. “Æ“Ø–Ω–∏–π —Ç—É–ª–¥ –±–∞–≥—à –Ω–∞—Ä—ã–Ω —Ü–∞–ª–∏–Ω–≥ –≥—É—Ä–∞–≤ –¥–∞—Ö–∏–Ω –Ω—ç–º—ç–≥–¥“Ø“Ø–ª—ç—Ö. –ò–Ω–≥—ç–∂ –±–∞–π–∂ –º–æ–Ω–≥–æ–ª —É–ª—Å —Ö”©–≥–∂–∏–Ω”© –≥—ç—ç–¥ –±–∞–π–Ω–∞. https://t.co/dmb706vr47,3,2021-05-17 14:56:36,"Enkhbat, a candidate for the presidency from the People&#39;s Republic of China: Developing the science sector is a priority. To do this, triple teachers&#39; salaries. This is how Mongolia will develop. https://t.co/dmb706vr47",0.6
nganbaa,–≠–Ω—Ö–±–∞—Ç –≥—É–∞–π –µ—Ä –Ω—å –µ—Ä –Ω—å –≥—ç–∂ –µ—Ä”©–Ω—Ö–∏–π–ª–∂ –∏—Ö —è—Ä—å–¥–∞–≥ —Ç—É–ª –µ—Ä”©–Ω—Ö–∏–π–ª”©–≥—á –±–æ–ª—á–∏—Ö –±–∞–π—Ö–∞–∞ü§£ https://t.co/OPYSnAR8hL,3,2021-05-15 01:32:43,"Enkhbat guai is often said to be a president, so he will probably become presidentü§£ https://t.co/OPYSnAR8hL",1.0
OilooSM,"–•—ç—Ä—ç–ª–¥–¥—ç–≥ –Ω—å –°.–≠—Ä–¥—ç–Ω—ç
–•–∏–π–¥—ç–≥ –Ω—å –ù.–ê–ª—Ç–∞–Ω—Ö—É—è–≥
–•—ç–ª–¥—ç–≥ –Ω—å –î.–≠–Ω—Ö–±–∞—Ç.

–î–∞–∞–Ω—á —ç–Ω–¥ –ù.–ê–ª—Ç–∞–Ω—Ö—É—è–≥–∏–π–Ω –∑—É—Ä–∞–≥ —ç–Ω–¥ –∞–ª–≥–∞. https://t.co/0Xf49CAaZe",3,2021-05-16 12:05:34,S.Erdene who quarrels N.Altankhuyag who does what D.Enkhbat says. But N.Altankhuyag&#39;s picture is not here. https://t.co/0Xf49CAaZe,-0.1
bileedmn,–≠–Ω—Ö–±–∞—Ç –≥—É–∞–π–≥ –¥—ç–º–∂–∏–∂ –±–∞–π–≥–∞–∞ –±–æ–ª —Ö”©–¥”©”© –±–∞–π–¥–∞–≥ 2 —Ö“Ø–Ω—Ä“Ø“Ø –∑–∞–ª–≥–∞–∂ —è—Ä–∏–∞–¥ —è–∞–≥–∞–∞–¥ –≥—ç–¥–≥–∏–π–≥—ç—ç –æ–π–ª–≥—É—É–ª—á–∏—Ö —Ö—ç—Ä—ç–≥—Ç—ç–π —à“Ø“Ø —Ö“Ø–º“Ø“Ø—Å—ç—ç!,3,2021-05-17 20:57:34,"If you support Enkhbat guai, you need to call two people in the countryside and explain why!",-1.0
Munkhbat_,@GGanErdene –≠–Ω—Ö–±–∞—Ç-—Ä –¥–∞–ª–∏–º–¥—É—É–ª–∞–∞–¥ –ò–¥—Ä—ç—ç–¥ –∂–∞–∞—Ö–∞–Ω –±—É—Ä—É—É –∑”©—Ä“Ø“Ø –±–æ–¥–æ–∂ —è–≤–¥–∞–≥–∞–∞ —Ö—ç–ª—ç—ç–¥ –±–∞–π–≥–∞–∞–º–∞–∞–¥–∞–∞ —è–Ω–∑ –Ω—å ..,3,2021-05-16 04:28:53,@GGanErdene I took advantage of Enkhbat and told Idree that I was thinking a little wrong ..,-1.0
erdene457,"–ñ–∏–Ω —Ç–æ–Ω–∏–∫ –≥—ç–¥—ç–≥ —ç–º—ç–≥—Ç—ç–π –∞–∫–∫-–≥ —Ö—É–¥–∞–ª–¥–∞–∂ –∞–≤—Å–∞–Ω –Ω”©—Ö”©—Ä –∏—Ö —É–ª—Å—Ç”©—Ä–∂–∏–∂ –≠–ª–±—ç–≥—ç—ç–≥ —Ö–∞—Ä–∞–∞–∂ –∑“Ø—Ö—ç–∂, –≠—Ä–¥—ç–Ω—ç –≠–Ω—Ö–±–∞—Ç —Ö–æ—ë—Ä —Ä—É—É –¥–∞–π—Ä—á —Ö–∞—Ä–∞–≥–¥–∞—Ö —é–º",3,2021-05-18 11:19:59,"A woman named Jin Tonik, the husband who bought the ACK, became very politicized, cursed Elbeg and attacked Erdene Enkhbat.",-1.0
Mongol_huu,–ú–ù25-–∏–π–Ω –ê–ª—Ç–∞–π –ë–∞–≥–∞–±–∞–Ω–¥–∏–π–Ω—Ö–∞–∞ –∑–∞—Ä–∞–∞–ª–∞–∞—Ä –•“Ø“Ø–∫–∏–π–≥ –¥—ç–º–∂–∏—Ö —ë—Å—Ç–æ–π —É—á—Ä–∞–∞—Å –≥–æ–Ω—à–∏–≥–æ–Ω–æ—Å–æ–Ω –ë—É—è–Ω –ñ–∞–≥–∞–∞–≥ –∑–æ—Ä–∏—É–¥ –î.–≠–Ω—Ö–±–∞—Ç –≥—É–∞–π–Ω –∞—Ä–∞–∞—Å –≥–∞—Ä–≥–∞–∂ –±–∞–π–≥–∞–∞ —é–º. https://t.co/UlMTNEPc6m,3,2021-05-19 00:03:14,"Buyan Jagaa, who murmured that he should support Hook at the behest of MN25&#39;s Altai Bagabandi, is being deliberately pursued by D.Enkhbat. https://t.co/UlMTNEPc6m",-0.1
soyolmaa_g,@bambgar19 –ò—Ö —Å–∞–π—Ö–∞–Ω –º—ç–¥—ç—ç –¥—É—É–ª–≥–∞–¥–∞–≥ —Å–∞–π–Ω —Ö“Ø“Ø—Ö—ç–¥ –±–∞–π–Ω–∞. –ó–∞ —Ö—É—Ä–¥–∞–Ω —ç–¥–≥—ç—Ä—ç—Ö –±–æ–ª—Ç—É–≥–∞–π –≠–Ω—Ö–±–∞—Ç –Ω–∞—á–∏–Ω.,3,2021-05-19 04:14:12,"@ bambgar19 There is a good boy who tells great news. Well, let&#39;s get well soon, Enkhbat.",1.0
GanbatWB,"@Tamir61 @khulan9009 –≠–Ω—Ö–±–∞—Ç –≥—É–∞–π–¥ —Å–∞–Ω–∞–ª–∞–∞ ”©–≥”©—Ö–∏–π–≥ —É—Ä–∏–∞–ª–∂ –±–Ω. –£—á–∏—Ä –Ω—å —Ç—ç—Ä —è–º–∞—Ä –Ω—ç–≥ –±“Ø–ª—ç–≥–ª—ç–ª–∏–π–≥ —Ç”©–ª”©”©–ª”©”©–≥“Ø–π –±”©–≥”©”©–¥ –Ω–∞–º, –±“Ø–ª–≥–∏–π–Ω —Ç”©–ª”©”©–ª”©–≥—á –±—É—Å –∂–∏–Ω—Ö—ç–Ω—ç –∞—Ä–¥ –∏—Ä–≥—ç–¥–∏–π–Ω —Ç”©–ª”©”©–ª”©–ª –±–æ–ª–∂ —á–∞–¥–Ω–∞.",3,2021-05-13 12:11:07,"@ Tamir61 @ khulan9009 Mr. Enkhbat is invited to vote. Because he does not represent any group, he can represent the real people, not the party or group.",-1.0
TaliinMongolHun,"@artanyan –≠–Ω—Ö–±–∞—Ç –≥—É–∞–π–≥ —Å–æ–Ω–≥–æ—Ö–≥“Ø–π –±–∞–π—Ö —à–∞–ª—Ç–≥–∞–∞–Ω:
1. –ü–æ–ª–∏—Ç–∏–∫–∞–ª –ª–∏–¥–µ—Ä –±–∏—à
2. –ë—ç—ç–∂–∏–Ω, –ú–æ—Å–∫–≤–∞—Ç–∞–π –≤–∞–π–± —Ç–∞–∞—Ä–∞—Ö–≥“Ø–π 
3. –¢–µ—Ö–Ω–æ–∫—Ä–∞—Ç —É–ª—Å —Ç”©—Ä—á –Ω—å —Ç”©—Ä–∏–π–Ω —Ç—ç—Ä–≥“Ø“Ø–Ω –≥—ç—Ö—ç—ç—Å—ç—ç, —Å–∞–ª–±–∞—Ä —Ö–∞—Ä–∏—É—Ü–∞–Ω –ó–ì—Ç —Å–∞–π–¥ —Ö–∏–π—Ö –Ω—å —Ç–æ—Ö–∏—Ä–æ–º–∂—Ç–æ–π",2,2021-05-15 14:46:17,@artanyan Reasons not to choose Enkhbat: 1. Not a political leader 2. Not compatible with Beijing and Moscow 3. A technocratic politician should be a minister in charge of a sector rather than a head of state,-1.0
Hangai,"@Mandukhai_ –≠–Ω—Ö–±–∞—Ç –≥—É–∞–π–≥ –¥—ç–º–∂–∏–∂ –±–∞–π–≥–∞–∞. –≥—ç—Ö–¥—ç—ç –∞—Ä–∞–π –∏–Ω–≥—ç–∂ —Ç—É–π–ª—à—Ä—É—É–ª–∂ –±–æ–ª–æ—Ö–≥“Ø–π. –¢–∞ —è–≥ –¥—ç–º–∂—ç—ç–¥ –±–∞–π–Ω–∞ —É—É —ç—Å–≤—ç–ª —ç—Å—Ä—ç–≥ –∞–∂–∏–ª–ª–∞–∞–¥ –±–∞–π–Ω–∞ —É—É —Å–æ–Ω–≥—É—É–ª—å–¥ –±–∏–¥ —Ç—É–π–ª—à–∏—Ä—Å–∞–Ω –±–∏—à “Ø–∑–ª—ç—ç—Ä –¥—ç–º–∂–∏—Ö —Ö—ç—Ä—ç–≥—Ç—ç–π —à“Ø“Ø. –ñ–∏—à—ç—ç, —Ç—É—Ö–∞–π–Ω “Ø–µ–¥ –∏–Ω—Ç–µ—Ä–Ω–µ—Ç–∏–π–≥ —Ö–æ–ª–±–æ—Å–æ–Ω –Ω—å –º–∞—à —Ç–æ–º –∞—Ö–∏—Ü –±–∞–π—Å–∞–Ω –≥–¥–≥ —á —é–º —É—É",2,2021-05-17 06:36:30,"@Mandukhai_ I support Enkhbat guai. but don&#39;t overdo it. Whether you support it or oppose it, we need to support the election from a non-extremist point of view. For example, connecting to the Internet at that time was a big step forward",0.2
Ovgonhuu,@BatsaihanBSU –≠–Ω—Ö–±–∞—Ç —Å–∏—Å—Ç–µ–º–∏–π–Ω –∞—Å—É—É–¥–∞–ª —è—Ä—å–∂ –±–Ω. –¢–∞ –∑“Ø–≥—ç—ç—Ä –ª —Ö“Ø–Ω —è—Ä—å–∂!!!  –ò—Ö—ç–Ω—Ö —Ö“Ø–º“Ø“Ø—Å —ç–Ω–∏–π–≥ –Ω–∞—Å–∞–∞—Ä–∞–∞ –æ–π–ª–≥–æ—Ö–≥“Ø–π –±—Å–∞–∞—Ä –¥—É—É—Å–¥–∞–≥ –±—Ö,2,2021-05-17 06:27:31,@BatsaihanBSU Enkhbat talks about system issues. You&#39;re just talking man !!! Most people don&#39;t understand this for the rest of their lives,-1.0
myagmardorj_,"–î.–≠–Ω—Ö–±–∞—Ç –Ω—ç—Ä –¥—ç–≤—à–∏—Ö—ç—ç—Ä —è—Ä–∏–≥–¥–∞–∂ –±–∞–π—Ö–∞–¥ —Ç“Ø“Ø–Ω–∏–π–≥ —à“Ø“Ø–º–∂–∏–ª–∂ –±–∞–π—Å–∞–Ω ”©—Ä—Å”©–ª–¥”©–≥—á –Ω–∞–º—ã–Ω –∑–∞—Ä–∏–º —Ö“Ø–º“Ø“Ø—Å ‚Äú—ç–Ω—Ö–±–∞—Ç —á–∞–¥–∞—Ö–≥“Ø–π—ç, —Ö”©–¥”©”©–¥ —Ö“Ø–Ω —Ç–∞–Ω–∏—Ö–≥“Ø–π‚Äù –±–ª–∞3 –≥—ç–∂ –±–≤. –û–¥–æ–æ —Ç—ç–≥—Å—ç–Ω –Ω”©–≥”©”©–¥“Ø“Ø–ª —á–∏–Ω—å —ç–Ω—Ö–±–∞—Ç—ã–Ω –¥—ç–º–∂–∏–≥—á–∏–¥ ”©”©—Ä—Å–¥–∏–π–≥”©”© —ç–ª–∏—Ç –≥—ç–ª—ç—ç –≥—à. ”®”©—Ä”©”© ”©”©—Ä—Å”©–Ω—Ç—ç–π–≥”©”© –ª —Ö—ç—Ä—ç–ª–¥—ç—ç–¥ —è–≤–∞—Ö—ã–Ω —á–∞–∞–≤–∞–∞—Å. –ê—Ä–≥—É–º–µ–Ω—Ç —á –±–æ–ª–¥–æ.",2,2021-05-15 14:01:34,"When D. Enkhbat was being talked about as a candidate, some people from the rival party who criticized him said, ‚ÄúEnkhbat can&#39;t, nobody knows him in the countryside‚Äù b3. Now the supporters of Enkhbat call themselves elite. It&#39;s better to quarrel with yourself. There was no argument.",-0.6
GGanErdene,"@batengineer –≠–Ω—Ö–±–∞—Ç —Ö–∞–∞–Ω–∞ —à–∞—Ç–∞–∞–¥ —é—É —Ö–∏–π–≥—ç—ç–¥, —é—É–≥ –≥–∏–π–≥“Ø“Ø–ª—á–∏—Ö—Å—ç–Ω —é–º –±—ç, —Ö—ç–ª—ç—ç–¥ ”©–≥”©”©—á. –ú–æ–Ω–≥–æ–ª–¥ —à—É–¥–∞—Ä–≥–∞ –±—É—Å —é–º —Ö—ç–¥—ç–Ω –º—è–Ω–≥–∞–∞—Ä–∞–∞ –±–æ–ª–∂ –±–∞–π—Ö–∞–¥ –º–∏–Ω–∏–π –º—ç–¥—ç—Ö–∏–π–Ω –ê–º–µ—Ä–∏–∫–∞–∞—Å –ª –∏–Ω–≥—ç—Ö —Ö—ç—Ä—ç–≥—Ç—ç–π, —Ç—ç–Ω–¥ —Ö—ç—Ä—ç–≥—Ç—ç–π –≥—ç—ç–¥ —Å—É—É–∂ –±–∞–π—Å–∞–Ω.",2,2021-05-15 14:09:04,"@batengineer Please tell me where Enkhbat burned down, what he did and what made him shine. When there were thousands of unfair things happening in Mongolia, as far as I know, it was necessary to do it in America, it was necessary there.",-1.0
BattulgaPurvee,"–î–∞—Ç–∞–∫–æ–º–¥ –¥–æ–º–∞–π–Ω –Ω—ç—Ä, –∏–º—ç–π–ª —Ö–∞—è–≥ –∞—à–∏–≥–ª–∞—Å–Ω—ã —Ç”©–ª–±”©—Ä —Ç”©–ª–∂ –±–∞–π–≥–∞–∞–≥–∞–∞ —á –º—ç–¥—ç—Ö–≥“Ø–π –≠–Ω—Ö–±–∞—Ç —é—É —Ö–∏–π—Å—ç–Ω —è—Ä—å–∂, –±–∏—á–∏–∂ –±–∞–π–≥–∞–∞ —Ö“Ø–º“Ø“Ø—Å –±–∞–π–≥–∞–∞ –±–æ–ª–æ–≤ —É—É ü§™",2,2021-05-16 09:04:06,I don&#39;t even know that Datacom pays for the use of domain names and e-mail addresses.,-1.0
toimch,"–ú–ê–ù-—ã–Ω —Å–∏—Å—Ç–µ–º –¥–æ—Ç–æ—Ä—Ö —Ö“Ø–º“Ø“Ø—Å–∏–π–≥ –æ–π–ª–≥–æ–∂ –±–∞–π–Ω–∞, –•“Ø—Ä—ç–ª—Å“Ø—Ö–∏–π–≥—ç—ç –∏–ª –¥—ç–º–∂–∏—Ö—ç—ç—Å –∞—Ä–≥–∞–≥“Ø–π –±–∞–π–¥–∞–≥ —é–º –±–∞–π–≥–∞–∞ –±–∏–∑.. –ì—ç—Ö–¥—ç—ç –ú–ê–ù-—ã–Ω –æ–ª–æ–Ω –∑–∞–ª—É—É—Å —ç—Ä–≥—ç–ª–∑—ç—ç–≥“Ø–π–≥—ç—ç—Ä –≠–Ω—Ö–±–∞—Ç –≥—É–∞–π–≥ —Å–æ–Ω–≥–æ–∂ —Ç–∞–∞—Ä–Ω–∞.",2,2021-05-16 10:02:58,"I understand the people in the MPP system, I have to openly support Khurelsukhii. But many young people in the MPP will undoubtedly choose Enkhbat guai.",-1.0
TaliinMongolHun,"–≠–Ω—Ö–±–∞—Ç –≥—É–∞–π–≥ —Å–æ–Ω–≥–æ—Ö–≥“Ø–π –±–∞–π—Ö —à–∞–ª—Ç–≥–∞–∞–Ω:
1. –ü–æ–ª–∏—Ç–∏–∫–∞–ª –ª–∏–¥–µ—Ä –±–∏—à
2. –ë—ç—ç–∂–∏–Ω, –ú–æ—Å–∫–≤–∞—Ç–∞–π –≤–∞–π–± —Ç–∞–∞—Ä–∞—Ö–≥“Ø–π 
3. –¢–µ—Ö–Ω–æ–∫—Ä–∞—Ç —É–ª—Å —Ç”©—Ä—á –Ω—å —Ç”©—Ä–∏–π–Ω —Ç—ç—Ä–≥“Ø“Ø–Ω –≥—ç—Ö—ç—ç—Å—ç—ç, —Å–∞–ª–±–∞—Ä —Ö–∞—Ä–∏—É—Ü–∞–Ω –ó–ì—Ç —Å–∞–π–¥ —Ö–∏–π—Ö –Ω—å —Ç–æ—Ö–∏—Ä–æ–º–∂—Ç–æ–π https://t.co/f9AzynNa1a",2,2021-05-15 14:14:45,Reasons not to elect Enkhbat: 1. Not a political leader 2. Not compatible with Beijing and Moscow 3. A technocratic politician should be a minister in charge of a sector rather than a head of state https://t.co/f9AzynNa1a,-1.0
boldsaikhan,"@artanyan @muujig77 –•–∞–∞–Ω–∞ —Ç—ç–≥—ç–∂ —ç–ª–∏—Ç –≥—ç—ç–¥ –±–∏—á—ç—ç–¥ –±–∞–π–≥–∞–∞ —é–º –±–æ–ª, –æ–ª–∂ —Ö–∞—Ä–∞—Ö–≥“Ø–π —é–º. –î—ç–º–∂–∏–≥—á–∏–¥ –Ω—å –≠–Ω—Ö–±–∞—Ç –≥—É–∞–π–≥ —ç–ª–∏—Ç –≥—ç–∂ –Ω—ç—Ä –æ–Ω–æ–æ—Ö –≥—ç–∂ –±–∞–π–∂ –±–∞–ª–ª–∞–∞–¥ –æ—Ä—Ö–∏—Ö –≤–∏–π.",2,2021-05-16 02:57:54,@artanyan @ muujig77 I don&#39;t see where it says elite. Supporters may have ruined Enkhbat guai by calling him an elite.,-1.0
zamtradeco,"“Æ–•–¶, –®“Ø“Ø—Ö, –≠—Ä–¥—ç–Ω—ç-–≥ —Ö—É–¥–∞–ª–¥–∞–∂ –∞–≤–∞–∞–¥ –ê–ù-—ã —Ö—É—É—Ä–∞–º—á —Ç–∞–º–≥–∞ —Ö–∏–π–∂ ”©–≥”©”©–¥ –≥–æ–ª ”©—Ä—Å”©–ª–¥”©–≥—á”©”©—Ä –∑–∞—Ö–∏–∞–ª–∞–∞–¥ –∞–≤—á–∏—Ö–ª–∞–∞.
–≠–Ω—Ö–±–∞—Ç –∑–∞—Ö–∏–∞–ª–≥–∞–∞—Ä –¥—ç–≤—à—Å—ç–Ω—ç—ç –º—ç–¥—ç—Ö–≥“Ø–π –±”©”©–Ω –≥–æ—Ä—å–¥–ª–æ–≥–æ —Ç—ç—ç–≥—ç—ç–¥ —é–º —è—Ä–∏—Ö –≥—ç–∂ “Ø–∑—ç—ç–¥ –±–∞–π—Ö —à–∏–≥!
–≠–Ω—ç –∞—Ä–¥—á–∏–ª—Å–∞–Ω —É–ª—Å—ã–Ω —à–∏–Ω–∂ –±–∏—à!
–ê–≤–∏–ª–≥–∞–¥ –∏–¥—ç–≥–¥—Å—ç–Ω —Å”©–Ω”©—Å”©–Ω —É–ª—Å—ã–Ω —à–∏–Ω–∂! https://t.co/szSAlwpqVM",2,2021-05-19 16:33:41,"We bought NDC, Court, and Erdene, made a fake DP stamp, and ordered it as our main competitor. It seems that Enkhbat is trying to talk with a lot of hopes, not knowing that he has been promoted by order! This is not a sign of a democracy! A sign of a corrupt state! https://t.co/szSAlwpqVM",-0.7
mubu0126,"@110Orgio –ú–ê–ù –∞–ª–±–∞–∞—Ä –≠–Ω—Ö–±–∞—Ç –≥—É–∞–π–≥ –∑–∞–ª—Ö—Ç–∞–ª, –æ–π –≥—É—Ç—Ç–∞–ª –¥–æ–ª–æ–æ–ª–≥–æ—Ö —Ç–∞–∫—á–∏–∫ —Ö—ç—Ä—ç–≥–ª—ç—ç–¥ –±–≥–∞–∞–Ω –±–∏—à“Ø“Ø
–•“Ø“Ø–∫—ç—ç –±–æ–ª–æ—Ö–æ–æ—Ä –∏—Ä–≥—ç–¥ ”©—Ä”©–≤–¥—Ç”©–ª –Ω—å —Ö—ç—Ç –¥–æ—Ä–æ–º–∂–ª–æ–ª—ã–Ω —Ö–∞—Ä –ü–†-–∞–∞—Ä  –º—É—É–ª–∂ –∏—Ä–≥—ç–¥–∏–π–Ω —Å—ç—Ç–≥—ç–ª–¥ –Ω—å –æ–π—Ä—Ç—É—É–ª–∞—Ö –≥—ç—ç–¥ –±–≥–∞–∞–Ω –±–∏—à“Ø“Ø üòÇüòÇüòÇ",2,2021-05-19 18:25:43,110,1.0
pureve,@khotgoid81 –•“Ø—Ä—ç–ª—ç—ç —à—É—É–¥ –Ω–∞–∞–¥ —Ç–∞–ª–∞–∞—Å –Ω—å –∞–º–∞—Ä—Ö–∞–Ω –∞–º–∞—Ä—Ö–∞–Ω —é–º —è—Ä–∏–∞–¥ –≠–Ω—Ö–±–∞—Ç –±“Ø“Ø—Ä —Ü–∞–∞–¥  —Ñ–∏–ª–æ—Å–æ—Ñ–∏ —Ç–∞–ª–∞–∞—Å –Ω—å —ç–Ω–≥–∏–π–Ω —Ö“Ø–Ω –æ–π–ª–≥–æ—Ö–≥“Ø–π —Ö—ç–ª—ç—ç—Ä —è—Ä–∏–∞–¥ –º”©–Ω “Ø“Ø,2,2021-05-19 02:50:15,"@ khotgoid81 Is Enkhbat speaking in a language that ordinary people don&#39;t understand, even from a philosophical point of view?",-1.0
TUgsgerel,–•“Ø“Ø–µ –æ—á–æ–æ–¥ 100–ö-–Ω –∞–≤–∞–∞–¥ –≠–Ω—Ö–±–∞—Ç –≥—É–∞–π–¥–∞–∞ —Å–æ–Ω–≥—É—É–ª—å–¥–∞–∞ –∞—à–∏–≥–ª–∞–∞—Ä–∞–π –≥—ç—ç–¥ ”©–≥—á–∏—Ö —é–º—Å–∞–Ω üòé https://t.co/D7Ft5hyOx7,2,2021-05-13 16:47:40,"Hey, I wanted to go and get 100K and give it to Enkhbat to use in my election üòé https://t.co/D7Ft5hyOx7",-1.0
BayarsaihanG,"@Bachkaa01 –≠—Ä–≥—ç–∂ –¥–∞–≥–∞–∞–≥“Ø–π –∂–∏—Ä–≥—ç—ç—á–∏–π–Ω –∂–∏—Ä–≥—ç—ç —Ö–∞—Ä–∞–≥–¥–∞—Ö–≥“Ø–π, –¥–∞–≥–∞—Å–∞–Ω —Ü”©”©–Ω —Ö—ç–¥—ç–Ω —Ç–æ–º—á—É—É–¥ –Ω—å –±–∞—Ä–∞–≥ –∂–∏—Ä–≥—ç–¥—ç–≥–≥“Ø–π. –ò–Ω–≥—ç—ç–¥ –ª –æ–ª–æ–Ω —Ç“Ø–º–Ω—ç—ç—Å—ç—ç —Ç–∞—Å–∞—Ä—á –±–∞–π–≥–∞–∞ –Ω—å —Ç—ç—Ä. –î.–≠–Ω—Ö–±–∞—Ç –ú–ù–ù-—ã–Ω –¥–∞—Ä–≥–∞ –±–∞–π—Ö–¥–∞–∞ —á –∂–∏—Ä–∏–π–Ω –≥–∏—à“Ø“Ø–¥—ç—ç—Å—ç—ç —Ö—ç—Ç —Ç–∞—Å–∞—Ä—Å–∞–Ω —Ö“Ø–Ω –±–∞–π—Å–∞–Ω, —Ç—ç–≥—ç—ç–¥ –ª –Ω–∞–º—ã–Ω –≥–∏—à“Ø“Ø–¥ –Ω—å —Ç“Ø“Ø–Ω–∏–π–≥ –Ω–∞–º–∞–∞—Å–∞–∞ —Ö”©”©–∂ —Ç—É—É—Ö–¥–∞–∞ —Ç—É–ª—Å–∞–Ω.",2,2021-05-13 10:10:48,"@ Bachkaa01 The tweets of those who didn&#39;t follow will not be visible, and the few adults who follow will hardly tweet. That&#39;s how they cut themselves off from the crowd. Even when D. Enkhbat was the chairman of the MNP, he was too isolated from ordinary members, and the party members tried to oust him from the party.",-1.0
b_osohbayar,–≠–Ω—Ö–±–∞—Ç –≥—É–∞–π –ª—É—Ç —Ö“Ø–Ω. –ì—ç—Ö–¥—ç—ç –æ–¥–æ–æ —É–¥–∞—Ö–≥“Ø–π –∞–¥–≥–∏–π–Ω —à–∞–∞—Ä –±–æ–ª–Ω–æ. –≠–Ω—ç –±“Ø—Ö—ç–Ω–¥—ç—ç —Ö–∞—Ä–∞–º—Å–∞–∂ –¥–∞—Ä–∞–ª—Ç–∞–∞ –∏—Ö—ç—Å–≥—ç–∂ –±–∞–ª—Ä–∞—Ö –≤–∏–π –≥—ç–∂ –∞–π–∂ –±–Ω–∞. –¶—ç–≤—ç—Ä ”©—Ä—Å”©–ª–¥”©”©–Ω—Ç—ç–π –≥–∞–∑–∞—Ä –Ω–æ–≥–æ–æ–Ω –≥—ç—Ä–ª—ç—ç—Ä –≥–∞—Ä–∞—Ö —Ö“Ø–Ω. –ú–∞–Ω–∞–π–¥ —Ö–∞—Ä–∏–Ω —Å”©—Ä”©–≥ –ø–∏ –∞—Ä –ª—É—Ç —Ö”©–≥–∂—Å”©–Ω –≥–∞–∑–∞—Ä —à“Ø“Ø. –ë–∏ ”©–º–Ω”©”©—Å –Ω—å –∞–π–∂ —Ö–∞—Ä–∞–º—Å–∞–∂ –±–Ω–∞ –∞–∞. –ê–º–∞—Ä —Ç–∞–π–≤–∞–Ω —Å–∞–π–Ω –Ω—ç—Ä...,2,2021-05-17 14:39:15,"Enkhbat guai is a great man. But soon it will be a scum. I&#39;m sorry for all this, I&#39;m afraid it will increase my blood pressure. Someone who gets the green light in a place of pure competition. In our country, negative PR is very developed. I&#39;m scared and sorry for him. Peace and good name ...",-0.1
BayarsaihanG,"@puujee_lamjav @chukad2 ""–ë.–ù–∞—Ä–∞–Ω—Ü—ç—Ü—ç–≥—Ç—ç–π –ù–æ–≤–æ—Å–∏–±–∏—Ä—Å–∫–∏–π –≠–ª–µ–∫—Ç—Ä–æ—Ç–µ—Ö–Ω–∏—á–µ—Å–∫–∏–π –∏–Ω—Å—Ç–∏—Ç—É—Ç—ç–¥ —Ö–∞–º—Ç —Å—É—Ä—á –±–∞–π—Å–∞–Ω"" –≥—ç–∂ –®–∏—Ä—á–∏–Ω –ë–∞–∞—Ç–∞—Ä –¥—É—Ä—Å–¥–∞–≥. –¢—ç—Ä —ç–º—ç–≥—Ç—ç–π —Ç–æ–æ—Ü–æ–æ–ª–æ–Ω –±–æ–¥–æ—Ö (–∫–æ–º–ø—å—é—Ç–µ—Ä) –º—ç—Ä–≥—ç–∂–∏–ª—Ç—ç–π, –î–∞—Ç–∞–∫–æ–º—ã–≥ –±–æ—Å–≥–æ—Å–æ–Ω —á—É—Ö–∞–ª —Ö“Ø–Ω. –£–ª—Å —Ç”©—Ä–∏–π–Ω –∏–¥—ç–≤—Ö—Ç—ç–π, –≠–Ω—Ö–±–∞—Ç–∞–¥ —Ç—ç—Ä —Ç–∞–ª–¥ —á –Ω”©–ª”©”©–ª—Å”©–Ω. –ó–∞–ª—É—É—Ö–∞–Ω ”©–Ω–≥”©—Ä—á—ç—ç. –≠–Ω—Ö–±–∞—Ç –¥—É—Ä—Å–¥–∞–≥–≥“Ø–π.",2,2021-05-17 15:25:08,"@puujee_lamjav @ chukad2 &quot;I studied with B.Narantsetseg at the Novosibirsk Electrotechnical Institute,&quot; recalls Shirchin Baatar. She specializes in computing and is an important figure in building Datacom. He was politically active and influenced Enkhbat. He passed away young. Enkhbat does not remember.",-0.7
altantulga_b,"–î—É—É—á–∏–Ω –ë–æ–ª–¥, –ß–æ–π–º–∞–∞ –±–∞–≥—à, –®.–ë–∞–∞—Ç–∞—Ä, –ë–æ–ª–¥—Å–∞–π—Ö–∞–Ω —ç–º—á, –î.–≠–Ω—Ö–±–∞—Ç... –¥–∞–Ω–¥–∞–∞ —Å–∞–π—Ö–∞–Ω —Ö“Ø–º“Ø“Ø—Å –±–∞–π–∂—ç—ç https://t.co/4C8f2nOCiu",2,2021-05-17 15:27:58,"Singer Bold, teacher Choimaa, Sh.Baatar, doctor Boldsaikhan, D.Enkhbat ... there were always good people https://t.co/4C8f2nOCiu",1.0
duuren12,@Tsogoo7380 @Temuujin_Kh @batdorj911 @mk_jsq –≠–Ω—Ö–±–∞—Ç –≥—É–∞–π–¥ ”©–≥–Ω”© “Ø“Ø. –≠–Ω—ç 2 –Ω–∞–º–¥ –Ω—ç–≥ —É—Ö–∞–∞—Ä–∞–ª ”©–≥–Ω”© “Ø“Ø,2,2021-05-17 15:54:46,@ Tsogoo7380 @Temuujin_Kh @ batdorj911 @mk_jsq Please give to Enkhbat. Please give an understanding to these two parties,-1.0
altantulga_b,"–≠–Ω—Ö–±–∞—Ç –≥—É–∞–π —Ç—ç—Ä —Ü–∞–≥–∞–∞—Å —Ö–æ–π—à –º–æ–Ω–≥–æ–ª—á—É—É–¥—ã–≥ –∑”©–≤ –±—É—Ä—É—É–≥ —è–ª–≥–∞–¥–∞–≥ —Ö—ç—Ä—Å“Ø“Ø –±–æ–ª–≥–æ—Ö—ã–Ω —Ç”©–ª”©”© —É–π–≥–∞–≥“Ø–π –∞–∂–∏–ª–ª–∞–∂ –∏—Ä—Å—ç–Ω. –ë–∞—Ç–∑–∞–Ω–¥–∞–Ω, –ñ–∞–≥–∞–∞ –≥—É–∞–π —Ç—ç—Ä–≥“Ø“Ø—Ç—ç–π —Ö“Ø–º“Ø“Ø—Å —Ö–∞—Ä–∏–Ω —ç—ç–ª–∂–ª—ç–Ω —Ö–æ—ë—Ä –Ω–∞–º—ã–≥ –¥–∞–≥–∞–∂ –∞–º—å–∂–∏—Ä–≥–∞–∞ –∞–ª–¥–∞–∞–≥“Ø–π ”©–¥–∏–π —Ö“Ø—Ä–ª—ç—ç –¥—ç—ç. https://t.co/S1yn5yd6FD",2,2021-05-19 08:32:54,"Since then, Enkhbat has worked tirelessly to make Mongolians discern right from wrong. People led by Batzandan and Jagaa guai have not lost their livelihoods following the two parties in turn. https://t.co/S1yn5yd6FD",1.0
baldanjaw,"“Æ–¥—à–∏–π–Ω –º—ç–Ω–¥, –ñ–∏—Ä–≥—ç—ç—à–¥—ç—ç. –ù–∏–ª—ç—ç–¥ –æ–ª–æ–Ω —Ö“Ø–Ω–∏–π —Å–æ–Ω–≥—É—É–ª–∏–π —Ç—É—Ö–∞–π –±–æ–¥–ª—ã–≥ —É–Ω—à–ª–∞–∞. –•“Ø“Ø–∫–≥“Ø–π —Å–æ–Ω–≥–æ–ª—Ç—ã–≥ –¥—ç–º–∂–∏–≥—á–∏–¥ –≠–Ω—Ö–±–∞—Ç, –≠—Ä–¥—ç–Ω—ç 2 —Ö—É–≤–∞–∞–≥–¥–∞–∂ ”©–≥–Ω”©.2 –¥–∞—Ö—å —à–∞—Ç–Ω—ã —Å–æ–Ω–≥—É—É–ª—å–¥ —ç–Ω—ç 2-—ã–≥ –Ω—ç–≥ –Ω—å –•“Ø“Ø–∫—Ç—ç–π “Ø–∑–Ω—ç –±–∏–∑. –°–∞–π–Ω —Å–æ–Ω–≥–æ–≥—á–¥–æ–¥ —Ö“Ø—Ä—á –∞–∂–∏–ª–ª–∞–≤–∞–ª –•“Ø“Ø–∫–≥“Ø–π 2 –¥–∞—Ö—å —à–∞—Ç –±–æ–ª–æ—Ö –º–∞–≥–∞–¥–ª–∞–ª—Ç–∞–π. –ë“Ø–≥–¥—ç–¥ –∞–º–∂–∏–ª—Ç —Ö“Ø—Å—å–µ.",2,2021-05-19 13:34:50,"Good evening, Tweet. I read a lot of people&#39;s opinions about the election. Supporters of the no-fee option will be divided between Enkhbat and Erdene. Reaching good voters is likely to be the second step without interest. Good luck to all.",0.6
