index,name,screen_name,statuses_count,followers_count,average_tweets_per_day,account_age_year,description
0,AsashoryuÁ¨¨68‰ª£Ê®™Á∂±ÊúùÈùíÈæçüáØüáµüá≤üá≥,Asashoryu,61281,345471,14.8,11.5,"Á¨¨68‰ª£Ê®™Á∂± ÊúùÈùíÈæç ÊòéÂæ≥ –ê—Å–∞—à—ë–æ—Ä—é“Ø–ê–∫–∏–Ω–æ—Ä–∏ Asash≈çry≈´ Akinori,68th Grand Yokozuna Âú®Êó•Êú¨‰∫∫„Éû„Éç„Éº„Ç∏„É£„Éº„ÅÑ„Åæ„Åõ„Çì‚ÄºÔ∏è instagram asashoryu68 Ë∂£Âë≥~„Çµ„Ç¶„Éäüßñ‚Äç‚ôÇÔ∏è"
1,Battulga Khaltmaa,BattulgaKh,14181,304112,3.3,12.1,–ú–æ–Ω–≥–æ–ª –£–ª—Å—ã–Ω –ï—Ä”©–Ω—Ö–∏–π–ª”©–≥—á | President of Mongolia üá≤üá≥
2,Oyungerel –¶—ç–¥—ç–≤–¥–∞–º–±–∞,oyunlt,68376,299634,13.7,13.9,Human rights activist & author of The Green Eyed Lama
3,Jargal Dambadarjaa,jargal_defacto,25280,279832,5.4,13.1,"ED Defacto Institute, Editor The Defacto Gazette. TV host. Bachelor Moscow State Univ. MBA Univ of Denver USA. Email: info@jargaldefacto.com App: Jargal Defacto"
4,Mongol Tsakhia ELBEGDORJ,elbegdorj,4842,265756,1.1,12.3,"President 2009-2017, PM 1998,2004 of Mongolia, The Elders, Commissioner of ICDP, Patron of WSDF, Member of CdM, President of WMF, Vice Chair of IDU."
5,Baabar,Baabarniitlelch,36049,264775,9.0,11.1,Vitam impendere vero
6,Enkhbat Dangaasuren,enkhbat,34832,255389,6.8,14.3,"System Engineer/PhD, Mongolian Internet Pioneer, #Entrepreneur, #DatacomMN, #KarakorumAcademy, #BusinessMN  --- RTs not endorsements."
7,Zandaakhuu Enkhbold,enkhboldz,31233,238296,6.2,14.1,https://t.co/dQUeKWmfCt
8,Temuujin Kh,Temuujin_Kh,38229,237012,7.6,13.9,
9,Ganhuyag Ch. Hutagt,ganhuyag,105679,228843,21.6,13.6,"CEO, Ard Holdings. Co-Founder: Investor Nation, Crypto Nation, CEO Club, UBCC, XacBank, TenGer, Mongolia Economic Forum. YGL 2009. Host: The Apprentice MGL."
10,–ë—É–Ω–¥–∞–Ω –ë–æ–ª–¥—Å–∞–π—Ö–∞–Ω,Boldsaikhan_dr,24035,222680,5.5,12.0,"cardiac surgeon, Songdo_Bumrungrad hospital"
12,–ù–æ—Ä–æ–≤—ã–Ω –ê–õ–¢–ê–ù–•–£–Ø–ì,altankhuyag_mn,2325,214675,0.5,12.3,–ú–æ–Ω–≥–æ–ª —É–ª—Å—ã–Ω 27 –¥–∞—Ö—å –ï—Ä”©–Ω—Ö–∏–π —Å–∞–π–¥. –£–ò–• –≥–∏—à“Ø“Ø–Ω
13,Amarjargal,AmarjargalR,9284,194930,1.8,14.1,Former PM of Mongolia.
19,–Å. –û—Ç–≥–æ–Ω–±–∞—è—Ä,OtgonbayarY,84167,164070,18.1,12.9,"–¢“Ø“Ø—Ö–∏–π–Ω —Å—ç–¥–≤—ç—ç—Ä –±“Ø—Ç—ç—ç–ª —Ç—É—É—Ä–≤–∏—Ö –¥—É—Ä—Ç–∞–π –Ω—ç–≥—ç–Ω - Former Mongolian Ambassador to the USA, history lover"
21,–õ.–≠–Ω—Ö-–ê–º–≥–∞–ª–∞–Ω,enkhamgalanmp,19858,160460,5.2,10.6,"–£–ª—Å—ã–Ω –ò—Ö –•—É—Ä–ª—ã–Ω –≥–∏—à“Ø“Ø–Ω, –ë–æ–ª–æ–≤—Å—Ä–æ–ª,–®–£-–Ω—ã —Å–∞–π–¥, Member of the Parliament,
Minister of Education and Science"
23,Odontuya Saldan,OdontuyaS,29321,155634,6.6,12.3,Vice-Chair of the State Great Hural(Parliament)of MONGOLIA .Chair of the Democratic Women‚Äôs Union@DCWU_Mongolia |
24,Luvsanvandan BOLD,boldlu,15614,152552,3.2,13.5,"Ambassador Extraordinary and Plenipotentiary of Mongolia, Former MP(5 terms), Former Foreign & Defence Minister"
26,ùì£ùìº.ùìëùì™ùìΩ-ùìîùìªùì≠ùìÆùì∑ùìÆ üïâ,tsbat_IT,612810,151171,148.5,11.5,"–ê–ª–¥–∞–∞—Ç–∞–π, –æ–Ω–æ–æ—Ç–æ–π –∂–∏—Ä–∏–π–Ω –Ω—ç–≥—ç–Ω, –ò–Ω–∂–µ–Ω–µ—Ä, –§–æ—Ç–æ —Å–æ–Ω–∏—Ä—Ö–æ–≥—á, –ò–Ω—Ç–µ—Ä–Ω–µ—Ç–∏–π–Ω –º–∞–Ω–∞–∞—á"
28,–¶–∞–≥–∞–∞–Ω—ã –û–Æ–£–ù–î–ê–†–¨,tvdaria,69413,132765,13.9,13.8,"Mother, Wife, Friend, Specialist in content development, Social Activist...
#–≠–∫–æ“Æ–Ω–¥—ç—Å—Ç—ç–Ω–ë–æ–ª—Ü–≥–æ–æ—ë!"
30,–¢.–ê—é—É—Ä—Å–∞–π—Ö–∞–Ω,ayursaikhan,4431,130998,1.0,12.1,"–≠–¥–∏–π–Ω –∑–∞—Å–∞–≥—á, –î–æ–∫—Ç–æ—Ä /Ph.D/
–£–ò–•–ì, –•–ù–•-—ã–Ω —Å–∞–π–¥
#–•”©–≥–∂–ª–∏–π–Ω–¢”©–ª”©”©—Ö–≠—Ä–¥—ç–º—Ç—ç–¥

MP, Minister of Labour and Social Protection
#MongolianScientistsForDevelopment"
31,ShapeShift ü¶ä,ShapeShift,19410,130334,6.1,8.8,"Our vision: All Chains, All Protocols, All Wallets üëâ  https://t.co/9vWl25w9bg

Join us ü¶ä
https://t.co/JR3P3gqI5k
https://t.co/wK0cMNk2Z1
https://t.co/iPrgu0vOca"
32,Bobby Lee - Ballet: World's EASIEST wallet!,bobbyclee,4543,128470,1.1,11.9,"Founder & CEO of @BalletCrypto; Board Member of @BTCFoundation. Author of ‚ÄúThe Promise of Bitcoin‚Äù- available in hard copy, e-book & audio at https://t.co/yBFKvqVbcL"
33,–ë–ê–¢–ö–êÓ®Ä,Batka_,91362,127190,19.7,12.9,–ö–æ–Ω—Ç–µ–Ω—Ç –±“Ø—Ç—ç—ç–≥—á üé•üé¨ @MongolTV #–•–∞—Ä–•–∞–π—Ä—Ü–∞–≥ #SharkTankMongolia #VoiceMongolia #–ê–≤—å—è–∞—Å–ª–∞–≥–ú–æ–Ω–≥–æ–ª—á—É—É–¥ #–ê—Ä–¥—ã–Ω–ë—É–π–¥–∞–Ω #ApprenticeMongolia #–û–¥–æ–¥—Ç–æ–π–ë“Ø–∂–∏–≥–ª—ç–µ #BigBrother
34,Magnai Otgonjargal,omagnai,19399,126942,4.3,12.6,Secretary of Demparty /Dum spiro spero/
35,Peaceful mind,Peace_mi_1,2938,121128,5.8,1.4,Insights on personal growth and mastering your mind
36,Uyanga Tsoggerel,Uyanga_ts,485392,119888,97.3,13.9,"‚ô£üè† Clubhousehttps://clubhousedb.com/user/uyanga_tsQU üá≤üá≥ Mongolian, üï¥Entrepreneur, üí™ Social activist, üïä Human Rights Advocate and üë®‚Äçüë©‚Äçüëß‚Äçüëß Mother of 2."
37,Eagle News,Eaglenewssocial,117148,118150,27.7,11.8,"–ú–æ–Ω–≥–æ–ª—ã–Ω –º–µ–¥–∏–∞ –∫–æ—Ä–ø–æ—Ä–∞—Ü–∏–π–Ω –ò–π–≥–ª –ù—å—é—Å —Ç–µ–ª–µ–≤–∏–∑–∏–π–Ω –∞–ª–±–∞–Ω —ë—Å–Ω—ã —Ç–≤–∏—Ç—Ç–µ—Ä —Ö—É—É–¥–∞—Å
Official account for EAGLE NEWS, the mongolian language news channel of Mongolia"
38,Rumail Abbas,Stakof,217704,116421,44.2,13.7,"Part of @PamitnyaNgantor, Contributing Author at @islamidotco | hadir dalam kata yang tidak akan kamu temukan dalam kamus mana pun"
39,WGNTV,WGNTV,21054,115770,3.8,15.6,Chicago's Very Own Channel 9.  Looking for our news account? Check out @WGNNews...or the non-Emmy Award winning @WGNMorningNews.
40,Vitto Rivabella | 0xvitto.eth | vitto.lens,VittoStack,31535,109522,34.1,2.6,Lead Dev Rel @AlchemyPlatform | üß™ Creating @AlchemyLearn |üîÆ Founder: @blockendnation | Helping devs break into web3
41,Aragon ü¶Ö,AragonProject,4196,104236,1.9,6.1,"Govern better, together. Learn about DAOs and launch your organization in minutes.

Subscribe to our weekly newsletter:  https://t.co/qGqfuUQgiZ"
42,iderodcomedian,Iderodcomedian,23562,99829,5.8,11.2,"Comedian, Tech Entrepreneur"
43,–ì–æ–Ω—á–∏–≥–∏–π–Ω –£–Ω–¥–∞—Ä–º–∞–∞,ilbenkh,45415,98190,12.6,10.0,–ù”©—Ö”©—Ä—Ç”©”© –º–∞—à —ç—Ä—Ö. ‚ù§Ô∏è–ù—ç—Ä–≥“Ø–π –Ω“Ø“Ø—Ä–≥“Ø–π –∑—É—Ä–∞–≥–≥“Ø–π –∂–∏—Ä–≥—ç—ç—á–∏–¥—Ç—ç–π —Ö–∞—Ä—å—Ü–∞—Ö–≥“Ø–π.–ú”©–Ω–≥”© –∞–≤—á –±—É—Å–∞–¥ —Ä—É—É –¥–∞–π—Ä–¥–∞–≥ –∂–∏—Ä–≥—ç—ç—á–¥–∏–π–≥ –≥–∞–π—Ö–¥–∞–≥.üò≥ –ò–Ω—ç—ç–º—Å—ç–≥–ª—ç–ª–¥ –¥—É—Ä—Ç–∞–πüòçü•∞üôèüèª‚ô•Ô∏èüôãüèª‚Äç‚ôÄÔ∏è
44,Ser Jeff Garzik,jgarzik,50184,97208,10.4,13.4,"#StandWithUkraine üá∫üá¶

Prev: early #Linux kernel, #Bitcoin Core
Now: Humanist, permaphilocryptoculturalist, startup CxO
Like: @BloqInc @SpaceChain @VesperFi"
45,Mike Driscoll,driscollis,33309,96616,6.5,14.3,"I tweet about everything #Python

Writing about Python @mousevspython @realpython

Teaching at @TeachMePy

Author of multiple books including Python 101"
46,–ë—è–º–±–∞—Ü–æ–≥—Ç –°–∞–Ω–¥–∞–≥,BYAMBATSOGT_S,5823,95881,1.3,12.6,"Member of the Parliament Mongolia üá≤üá≥Minister of Road and Transport Development, Mongolia"
47,Streamr Network,streamr,4372,95491,1.4,8.5,The decentralized real-time data network. $DATA. Build with Streamr and join the community: https://t.co/0j9kNBgu5O
48,–≠—Ä–¥—ç–Ω–∏–π–Ω –õ–•–ê–ì–í–ê,Lkhagva,95003,94981,18.1,14.6,"–ò–¥—ç–≤—Ö–∏—Ç—ç–π, –æ—Ä–æ–ª—Ü–æ–æ—Ç–æ–π –∏—Ä–≥—ç–Ω, —Ö—É–≤–∏–π–Ω —Ö—ç–≤—à–ª–∏–π–Ω –¥—É—É —Ö–æ–æ–ª–æ–π üì¢ —ç—Ä–¥—ç—Å –±–∞—è–ª–≥–∏–π–Ω —Å–∞–ª–±–∞—Ä—ã–Ω —Å—É—Ä–∞–ª—Ü–∞–≥—á 

""–•—ç–Ω —á –±–∏–¥–Ω–∏–π–≥ –æ—Ä—à–∏–Ω —Ç–æ–≥—Ç–Ω—É—É–ª–∞—Ö ”©—Ä–≥“Ø–π"""
49,Metromix Chicago,MetromixCHI,36658,94651,7.5,13.6,We always know what's going on in Chicago tonight! ‚Ä¢ Submit your event to our calendar https://t.co/q8Ri3PIvjC
50,BATENGINEER,batengineer,164296,94431,47.6,9.6,Aircraft Engineer/Aviation Lawyer/Author educated in üá∫üá¶üá®üá¶üá¶üá∫
51,–õ. –¶–ê–ù–î–≠–õ–≠–ì,Tsandeleg_L,304891,91330,81.0,10.5,–ú–æ–Ω–≥–æ–ª –£–ª—Å—ã–Ω –¢–æ–¥ –ú–∞–Ω–ª–∞–π –£—è–∞—á –ê–¥—É—É –¢–∞—Ä–∏–∞ —Ö–æ—ë—Ä—Ç–æ–π –∞–º—å–¥–∞—Ä—Å–∞–Ω
52,Archangelus,_archangelus,620,89937,0.7,2.5,"Anarcho-Capitalist, Opportunist, Utilitarist, Nihilist"
53,Lambaa,S_Lambaa,13745,88794,3.2,12.0,"/1996,2004,2008 –æ–Ω–¥ –£–ò–•-—ã–Ω –≥–∏—àvv–Ω—ç—ç—Ä —Å–æ–Ω–≥–æ–≥–¥–æ–∂,2008-2016 –æ–Ω–¥ –≠–ú-–∏–π–Ω —Å–∞–π–¥, –£–ò–•-—ã–Ω –¥–∞—Ä–≥—ã–Ω –∑”©–≤–ª”©—Ö, –≠–ú–°–Ø-–Ω—ã –¢–ù–ë–î,—Å–∞–π–¥–∞–∞—Ä –∞–∂–∏–ª–ª–∞–∂ –±–∞–π—Å–∞–Ω,—ç–¥–∏–π–Ω –∑–∞—Å–∞–≥—á/"
54,–ë–∞—Ç—Ç”©–º”©—Ä–∏–π–Ω –≠–ù–•–ë–ê–Ø–†,Enkhbayar_bat,78690,84366,21.1,10.3,–£–ª—Å—ã–Ω –ò—Ö –•—É—Ä–ª—ã–Ω –≥–∏—à“Ø“Ø–Ω(Member of the parliament Mongolia)
55,Shen Shiwei Ê≤àËØó‰ºü,shen_shiwei,13272,83827,3.4,10.9,"BRI Programs & Projects Journalist;
China-Africa Scholar in Univ.;
Years in Africa & Middle East for business. N.K Korea; China overseas stake analyst. My view."
56,BTCC,YourBTCC,6681,83529,2.0,9.2,BTCC makes crypto trading reliable & accessible to everyone. We offer perpetual futures on the hottest cryptos. Trade #Bitcoin & more with us!
57,Blake - BNB Profits Program¬Æ,MrFourToEight,12238,82538,12.5,2.7,1 million+ on TikTok | Airbnb | Investor | MBA. Free Airbnb workshop this week üëáüëáüëá
58,–ê–∞–Ω—Ö–∞–∞,Aanxaa,158646,77337,33.5,13.2,–ú–∏–Ω–∏–π —Ä–æ–º–∞–Ω—Ç–∏–∑–º –¥—É—É—Å—Å–∞–Ω
59,–®–∏–ª—ç–Ω –¶–æ–≥–æ–æ,TsogtgerelB,216819,76276,48.1,12.5,MPP / ViceMinister RoadTransport / UBTZ Railway / Husband & Dad of 3 Wonders / Adviser to the Standing Committee on Budget of Parl.Mongolia
60,–¶—ç–Ω–¥–¥–æ–æ,Tsenddoo1,14403,75515,3.6,11.1,—Å—ç—Ç–≥“Ø“Ø–ª—á...
61,–≠—Ä–¥—ç–Ω–∏–π–Ω –ë–∞—Ç-“Æ“Ø–ª,E_BatUul,1987,73936,0.5,12.0,‚Äú–ì—ç—Ä —Ö–æ—Ä–æ–æ–ª–æ–ª‚Äù —Ö”©–¥”©–ª–≥”©”©–Ω–∏–π —Ç—ç—Ä–≥“Ø“Ø–Ω
62,Nomin Chinbat,NominChinbat,7786,73357,1.6,13.8,–ú–æ–Ω–≥–æ–ª –£–ª—Å—ã–Ω –ó–∞—Å–≥–∏–π–Ω –≥–∞–∑—Ä—ã–Ω –≥–∏—à“Ø“Ø–Ω - –°–æ—ë–ª—ã–Ω —Å–∞–π–¥ | Minister of Culture - Government of Mongolia üá≤üá≥
63,Batbold Sukhbaatar,BatboldSukh,1408,72892,0.3,12.4,"Former Prime Minister of Mongolia, Member of Parliament"
64,–ú—ç–Ω–¥—Å–∞–π—Ö–∞–Ω –≠–ù–•–°–ê–ô–•–ê–ù,Enkhsaikhan_PM,16472,72757,4.1,11.1,
65,–õ.–û—é—É–Ω-–≠—Ä–¥—ç–Ω—ç,OyunerdeneMN,8775,71415,2.0,12.0,"üá≤üá≥ Prime Minister of Mongolia, Chairman of the Mongolian People's Party"
66,BBaatar,hero_bbaatar,20322,66697,5.3,10.7,@heromng director #heroentertainment
67,–ù.–ù.–ù–æ–º—Ç–æ–π–±–∞—è—Ä,Nomt7,1263,66559,0.3,10.0,
68,MASS,MASSOfficialMN,71800,65822,19.5,10.2,"–®–£–£–†–•–ê–ô –ú–≠–î–≠–≠–õ–õ–ò–ô–ù TWITTER , https://t.co/Q6HcDr5xMJ , MASS Official page 472k, MASS Official youtube channel, Masstv —Ç–µ–ª–µ–≤–∏–∑, –ú–ê–†–ö–ï–¢–ò–ù–ì–ò–ô–ù –ê–õ–ë–ê 99100976, 99089722"
69,Khurelbaatar Chimed,KhurelbaatarCh,7496,63919,1.9,11.2,"Minister of Economy and Development, Member of the State Great Khural (The Parliament), Mongolia https://t.co/zYGKD8z9w2"
70,–ß.–õ–æ–¥–æ–π—Å–∞–º–±—É—É,Lodoisambuu,30474,63027,7.5,11.3,¬©Ô∏è–£–ª–∞–∞–Ω –±–∞–ª
71,LAMJAV,LamjavTs,15026,62644,4.0,10.5,"–¶–∞–≥ —Ö—É–≥–∞—Ü–∞–∞ –±–æ–ª –º”©–Ω–≥”©, “Æ—Ä –¥“Ø–Ω –±–æ–ª –±–∏–¥–Ω–∏–π –∞–º—å–¥—Ä–∞–ª —é–º."
72,Siraj Raval,sirajraval,3673,61250,1.1,8.9,"AI Educator, Rapper, & Entertainer. Helping beginners learn AI & start AI companies."
73,–ê–∂–∏–≥–ª–∞–≥—á,huuramchtsangis,49008,61248,12.6,10.8,"–±–∏ —Å–æ–Ω–∏–Ω–≥ —É—Ä–∞–∞–¥, “Ø—Ä—á–∏–π–ª–≥—ç–∂ –±–∞–∑–∞—Ö —é—É–Ω–¥ —Ö—ç—Ä—ç–≥—Ç—ç–π–≥ –º—ç–¥–¥—ç–≥ —Ç—ç—Ä “Ø–µ–¥ —Ç”©—Ä—Å”©–Ω —Ö“Ø–Ω :-p"
74,–ë–∞—è—Ä—Å–∞–π—Ö–∞–Ω –ì–∞–ª–∏–≥–∞–∞,BayarsaihanG,137173,61164,33.5,11.4,–®—É–¥–∞—Ä–≥–∞ —ë—Å –±“Ø–ª–≥—ç–º–∏–π–Ω —Ç—ç—Ä–≥“Ø“Ø–Ω
75,Dapp.com,dapp_com,5289,61116,3.0,4.9,"Leading analytics platform for over 5,000 #dapps and 2,000 #tokens on 22+ blockchains including #BNBChain, #Ethereum &#Polygon. Web3 profile https://t.co/R60KresLgL"
76,Fastic,fastic,691,60475,0.7,2.8,"üß° Find your #JoyofLife, join the #FasticFamily
üåé The world‚Äôs largest fasting community
üì± 26M+ Downloads
üëá Download for free today!"
77,–¢”©—Ä–±–∞—Ç,turbatn,82340,60230,27.6,8.3,"MBA. Economist. Interest in Digital marketing, Finance, Stock exchange"
78,Travel Bucket List,TravelAndLove,626,59702,2.3,0.8,Thank you for following my journey| Photographer| All copyrights belong to their respective owners! DM for Credits/Removal/Submission| Only 1 account| COEXIST‚ù§Ô∏è
79,–≠–±–æ,MNNtweet,73680,59556,19.2,10.7,–ó”©–≤–ª”©—Ö –∏–Ω–∂–µ–Ω–µ—Ä
80,Ganchimeg Badamdorj,ganchimeg6163,76809,59485,21.8,9.8,Journalist; Advisor at @interviewmongol
81,S.Bayar,SBayar12,5337,59138,4.0,3.7,"former PM, life observer"
82,Logan | Landing Pages,LoftedLearning,25677,58952,17.0,4.2,"I'll teach you how to craft converting landing pages and write appetizing copy. Increasing conversions, sales, and smiles for 13+ industries."
83,–õ“Ø–Ω–¥—ç–≥–∏–π–Ω –ù–∞—Ä–∞–Ω–±–∞–∞—Ç–∞—Ä,Naranbaatarl,105845,58698,28.0,10.5,"–£—É–ª —É—É—Ä—Ö–∞–π–Ω –∏–Ω–∂–µ–Ω–µ—Ä-—ç–¥–∏–π–Ω –∑–∞—Å–∞–≥—á, –ê–≤—Å—Ç—Ä–∞–ª–∏-–ê–∑–∏–π–Ω —É—É–ª —É—É—Ä—Ö–∞–π, –º–µ—Ç–∞–ª–ª—É—Ä–≥–∏–π–Ω –∏–Ω—Å—Ç–∏—Ç—É—Ç (AusIMM)-—ã–Ω –≥–∏—à“Ø“Ø–Ω. 3—Ö3 —Å–∞–≥—Å–∞–Ω –±”©–º–±”©–≥–∏–π–Ω –£–ª–∞–∞–Ω–±–∞–∞—Ç–∞—Ä –ê–º–∞–∑–æ–Ω—Å –±–∞–≥–∏–π–Ω —ç–∑—ç–Ω"
84,Samandar Tsogtbayar,satso999,19714,57643,4.7,11.6,–•“Ø–Ω –∏–¥—ç—Ö–∏–π–Ω —Ç—É–ª–¥ –±—É—Å –∏–Ω—ç—ç—Ö–∏–π–Ω —Ç”©–ª”©”© –∞–º—å–¥–∞—Ä–¥–∞–≥ –≥—ç–¥—ç–≥—Ç –∏—Ç–≥—ç–∂ —è–≤–¥–∞–≥ –Ω—ç–≥—ç–Ω.
85,CryptoKitties,CryptoKitties,4523,56810,2.3,5.5,Collect and breed digital cats with CryptoKitties - the world's first ever ERC-721 token. Join our Discord family: https://t.co/moqHyD1czY
86,–î–æ–Ω–¥–æ–≥–¥–æ—Ä–∂ –≠—Ä–¥—ç–Ω—ç–±–∞—Ç,erdenebatd,4057,56398,1.0,11.8,–ú–æ–Ω–≥–æ–ª —É–ª—Å—ã–Ω  –∏—Ä–≥—ç–Ω
87,New York Times Games,NYTGames,15641,55592,3.6,12.1,"Games you‚Äôll feel good about. No, we‚Äôre not putting an ‚ÄúS‚Äù in Spelling Bee today."
88,orgilnews.mn üá≤üá≥,Orgil31,67189,54916,16.6,11.2,BE A HUMAN...
89,–ì–æ–Ω–≥–æ—Ä–∂–∞–≤ –ì–ê–ù–ë–ê–¢ üß¢,g_ganbat,64667,54343,14.4,12.5,üá≤üá≥ –ú–æ–Ω–≥–æ–ª –£–ª—Å—ã–Ω –∏—Ä–≥—ç–Ω
90,Bulgantuya.Kh,KhBulgan,5085,53691,1.3,10.5,"–£–ò–•-—ã–Ω –≥–∏—à“Ø“Ø–Ω, –±—è—Ü—Ö–∞–Ω “Ø—Ä—Å–∏–π–Ω —ç—ç–∂, Yale alumni, –º”©—Ä”©”©–¥”©–≥—á, —Ç—ç–º—Ü—ç–≥—á, —ç–¥–∏–π–Ω –∑–∞—Å–∞–≥—á"
91,–ñ.–°“Ø—Ö–±–∞–∞—Ç–∞—Ä,Sukhbaatar_J,76804,53358,17.8,12.0,–ú–û–ù–ì–û–õ –ú–ê–ù–î–ê–ù–êüî•–û–ª–æ–Ω —Ç“Ø–º–Ω–∏–π –¢”©–ª”©”©–ª”©–≥—á #MPüá≤üá≥ #lawyer #–¢—ç–≥—à–ë–æ–ª–æ–º–∂‚òòÔ∏è
92,Robin Baumgarten,WGNRobin,5863,53270,1.6,10.5,WGN Morning News
93,–ë.–ë–ê–¢-–≠–†–î–≠–ù–≠,bbat_erdene,13386,53023,3.2,11.5,"–ú–æ–Ω–≥–æ–ª –£–ª—Å—ã–Ω –î–∞—Ä—Ö–∞–Ω –ê–≤–∞—Ä–≥–∞, –•”©–¥”©–ª–º”©—Ä–∏–π–Ω –ë–∞–∞—Ç–∞—Ä, –£–ò–•-—ã–Ω –ì–∏—à“Ø“Ø–Ω https://t.co/yDpMw3DIKq"
94,Bolortuya Chuluunbaatar,Bolort,31444,52786,6.4,13.7,"–ú–æ–Ω–≥–æ–ª –£–ª—Å—ã–Ω –ï—Ä”©–Ω—Ö–∏–π —Å–∞–π–¥—ã–Ω —Ö—ç–≤–ª—ç–ª–∏–π–Ω —Ç”©–ª”©”©–ª”©–≥—á, Spokeswoman for the Prime Minister of Mongolia üá≤üá≥"
95,008,TomokoIbukuro,65949,52180,14.9,12.3,–ú—ç—Ä–≥—ç–∂–ª–∏–π–Ω –≥–∞–¥–∞–∞–¥ —Ö“Ø–Ω https://t.co/kj4XCgO9YV –¢–û–ú–û–ö–û–ì–ò–ô–ù –ó”®–ì–ò–ô–ù –ë–ê–õ
96,–ò—Ö —Ç—ç–Ω–≥—ç—Ä,Daambii,14456,52040,3.3,12.2,–ë“Ø—Ö —Ö“Ø–Ω–¥ —Ç—ç–≥—à “Ø–π–ª—á–∏–ª–¥—ç–≥ —Ö—É—É–ª—å—Ç–∞–π –Ω–∏–π–≥—ç–º —Ö–∞–º–≥–∏–π–Ω —Ç–æ–≥—Ç–≤–æ—Ä—Ç–æ–π –±–∞–π–¥–∞–≥. –Ø–¥—É—É—Ä–∞–ª –±–æ–ª —Ö—É–≤—å—Å–≥–∞–ª –±–∞ –≥—ç–º—Ç —Ö—ç—Ä–≥–∏–π–Ω —ç—Ü—ç–≥ —é–º. –î–∞–≥–∞—Å–Ω—ã–≥ –¥–∞–≥–∞–¥–∞–≥. –•—ç–Ω–∏–π–≥ —á –∞–Ω—Ñ–æ–ª–æ—É —Ö–∏–π–¥—ç–≥–≥“Ø–π.
97,Tumurbaatar.JS,JapanSudlaach,6892,50913,2.6,7.4,"–Ø–ø–æ–Ω —Å—É–¥–ª–∞–∞—á, –æ—Ä—á—É—É–ª–∞–≥—á –î—ç–ª—ç–≥–∏–π–Ω –¢”©–º”©—Ä–±–∞–∞—Ç–∞—Ä. –Ø–ø–æ–Ω —Ö“Ø–Ω —Ç—ç—Ä —á–∏–≥—ç—ç—Ä—ç—ç –æ–Ω—å—Å–æ–≥–æ. –Ø–ø–æ–Ω —Ö“Ø–Ω–∏–π–≥ –æ–π–ª–≥–æ—Ö —Ç—É—Å–∞–º –æ–ª–æ–Ω –æ–Ω—å—Å–æ–≥–æ —Ç–∞–π–ª–∞–≥–¥–∞–Ω–∞"
98,–ë–∞–∑–∞—Ä—Å“Ø—Ä—ç–Ω–≥–∏–π–Ω –ë–æ–ª–æ—Ä-–≠—Ä–¥—ç–Ω—ç,bbolorerdenemn,72283,50789,14.7,13.7,–•“Ø—Å—ç—Ö—ç—ç—Å –±—É—Å–∞–¥ –Ω—å –∞–º–∞—Ä—Ö–∞–Ω.  #NUM #UT #trendsmn #monnichitoday #writing #politics #humanity #philosophy #art #MongoliaJapan #MA
99,Ganzorig Ulziibayar,GanzorigU,10598,50293,2.7,11.1,"@YGL, –ë–æ–ª–æ–≤—Å—Ä–æ–ª—ã–Ω –†–µ—Ñ–æ—Ä–º, –¢—ç—Ç–≥—ç–≤—ç—Ä–∏–π–Ω –†–µ—Ñ–æ—Ä–º, –ó—ç—ç–ª–∏–π–Ω —Ö“Ø“Ø–≥ –±—É—É—Ä—É—É–ª–∞—Ö —Å–∞–Ω—Ö“Ø“Ø–≥–∏–π–Ω –†–µ—Ñ–æ—Ä–º–∏–π–Ω —Ç”©–ª”©”© –∑“Ø—Ç–≥—ç–≥—á. –ú”©–Ω–≥”© —Ç–∞—Ä–∞–∞–∂ –±–∏—à –ú”©–Ω–≥”© —Ö—É—Ä–∞–∞–∂ —Ö”©–≥–∂–∏–µ."
100,Chinbat Lkhagva,lchinbat,1076,49797,0.3,10.6,"Founder and chairman of Gatsuurt Group, Investor on Shark Tank Mongolia."
101,–£—Ö–Ω–∞–∞–≥–∏–π–Ω –•“Æ–†–≠–õ–°“Æ–•,UKhurelsukh,476,49552,0.1,11.1,
102,–ú”©–Ω—Ö–±–∞—Ç.–ê Munkhbat Ayush,munkhbat_a,70271,48226,14.5,13.4,#–¶–∞—Ö–∏–º–ú–æ–Ω–≥–æ–ª –æ–æ—Å #–ò—Ö–ú–æ–Ω–≥–æ–ª —É—Ä—É—É #–∑–æ—Ä–∏–≥–¥–æ–≥—á
103,Cover Mongolia,CoverMongolia,59831,47939,14.8,11.2,market intelligence firm covering #Mongolia | info(a)covermongolia(.)com | FB/IG/LI: @CoverMongolia | RT‚â†Endorsement
104,Gansukh. A,ganaa_gts,2789,47069,0.6,13.4,
105,liveTV.mn,livetvmn,114164,46474,26.0,12.2,–ú–æ–Ω–≥–æ–ª—ã–Ω –∞–Ω—Ö–Ω—ã –û–ù–õ–ê–ô–ù –¢–ï–õ–ï–í–ò–ó
106,Neo,NEO_council,18,46006,0.0,5.8,"The Twitter feed for NEO's core team based in Shanghai.  || For news and updates on NEO, follow the official NEO feed @NEO_Blockchain"
107,–°–∞–º–¥–∞–Ω–Ω—è–º—ã–Ω –ú”©–Ω—Ö—á—É–ª—É—É–Ω,MunkhchuluunS,86843,45420,22.0,11.0,"–®–∞–∞—Ä–¥–ª–∞–≥–∞–≥“Ø–π, –∞—á —Ö–æ–ª–±–æ–≥–¥–æ–ª–≥“Ø–π, —Ö“Ø—Ä—ç—Ö “Ø—Ä –¥“Ø–Ω–≥“Ø–π –º—ç—Ç–≥—ç–ª—Ü—ç—ç–Ω–¥ –∑–∞—Ä—Ü—É—É–ª–∞—Ö –∑–∞–≤ –±–∞–π—Ö–≥“Ø–π, —Å–æ—Ä—Ä–∏."
108,–¶.–≠—Ä–¥—ç–Ω—ç–±–∞—Ç,Erdenebatts,65341,44738,15.0,12.1,...–ë–∞—Ä–∏–ª–≥—ã–Ω –∏–Ω–∂–µ–Ω–µ—Ä...
109,Sumiyabazar MNG,SumiyabazarD,6793,44718,1.9,10.0,Mayor of Ulaanbaatar and Governor of the Capital city
110,Baasankhuu Oktyabri,baasankhuu_o,11010,44632,3.0,10.1,MP
111,üòç Saruul üåéüôã‚Äç‚ôÄÔ∏è,AminaMongolia,131374,44271,35.2,10.4,"@Revenue_Management Every positive thought propels you in the right direction., LIFE is JOURNEY."
112,Jobs With Justice,jwjnational,46988,44133,9.0,14.5,Fighting for workers' rights and an economy that works for everyone.
113,–ë–∞–¥—Ä–∞—Ö—ã–Ω –ù–ê–ô–î–ê–õ–ê–ê,Naidalaa,22582,43643,4.8,13.2,"–•”©–≥–∂–ª–∏–π–Ω —ç–¥–∏–π–Ω –∑–∞—Å–∞–≥—á, —Å–∞–Ω—Ö“Ø“Ø—á. 
UFE | Kobe University, 
@Hunnam_mn | Board member
https://t.co/U9jAeQwz8Q"
114,–ß.–õ–æ–¥–æ–π—Ä–∞–≤—Å–∞–ª,Lodoiravsal,8068,43544,1.8,12.5,"(–•—É–≤–∏–π–Ω v–∑—ç–ª, –±–æ–¥–ª—ã–Ω —Ç–∞–ª–±–∞—Ä)
–ú–£–ò–°-–∏–π–Ω –¥—ç–¥ –ø—Ä–æ—Ñ–µ—Å—Å–æ—Ä,
–≠–ú–û–° –∫–ª—É–±, –¶–∞—Ö–∏–º ”®—Ä—Ç”©”© —Ö–æ–ª–±–æ–æ, –ú–∞–π–Ω–¥ –∫–ª—É–±—ã–Ω –≥–∏—à“Ø“Ø–Ω
–ó–ó–ë –Ω—ç–≤—Ç—Ä“Ø“Ø–ª–≥–∏–π–Ω –µ—Ä”©–Ω—Ö–∏–π —à“Ø“Ø–≥—á"
115,–î. –ê–º–∞—Ä–±–∞—è—Å–≥–∞–ª–∞–Ω,AmaraaDshzvg,6560,43075,1.6,11.7,–ú–û–ù–ì–û–õ –ê–†–î–´–ù –ù–ê–ú–´–ù –ï–†”®–ù–•–ò–ô –ù–ê–†–ò–ô–ù –ë–ò–ß–ì–ò–ô–ù –î–ê–†–ì–ê
116,Paul Konrad,PaulKonrad,15767,41100,3.0,14.5,Weather Bunny for WGN Morning News.
117,Ayuush Bat-Erdene,AyushBate,8102,40538,2.2,10.1,"#Right2Development @UNHumanRights #StandUp4HumanRights #OHCHR #Equality
Opinions are my own
–•—É–≤–∏–π–Ω “Ø–∑—ç–ª –±–æ–¥–æ–ª"
118,–ë–∞—Ç—Ö“Ø“Ø–≥–∏–π–Ω –ì–ê–ù–•”®–õ”®–ì,tolin555,3841,40461,0.8,13.3,"–ê–ñ–ò–õ–¢–ê–ô, –û–†–õ–û–ì–û–¢–û–ô –ò–†–ì–≠–î–ò–ô–ù –¢”®–õ”®”®

#–ê—Ä–¥—á–∏–ª–∞–ª #–ß”©–ª”©”©—Ç–ó–∞—Ö–ó—ç—ç–ª #–•—É–≤–∏–π–Ω–•—ç–≤—à–∏–ª #–®—É–Ω—Ö–ª–∞–π"
119,–Å—Å —Å—É—Ä—Ç–∞—Ö—É—É–Ω—ã–≥ —ç—Ä—Ö—ç–º–ª—ç–≥—á,munkhbld,42201,40306,9.8,11.9,–Å—Å —Å—É—Ä—Ç–∞—Ö—É—É–Ω –±–æ–ª —Ö“Ø–º“Ø“Ø–∂–ª–∏–π–Ω –¥—ç—ç–¥ —Ö—ç–ª–±—ç—Ä
120,40k –ú–∞–∞–≥–∏–π,mongolhumvvn,31759,40171,8.1,10.9,–∞–ª—Ç —à–∏–≥ —Å–∞–π—Ö–∞–Ω –∞–∫–∫ –∞–∞ –∑–∞—Ä—Å–∞–Ω —á —è–∞—Ö–∞–≤
121,–ë–æ–ª–¥—ã–Ω ”®–õ–ó–ò–ô–ë–ê–Ø–†,ulziibayar_b,87722,39816,20.6,11.8,"–Ø–º–∞—Ä–≤–∞–∞ –∞—Å—É—É–¥–ª—ã–≥ —Ç–æ–æ—Ç–æ–π, –±–∞—Ä–∏–º—Ç—Ç–∞–π, —Å—É–¥–∞–ª–≥–∞–∞–Ω–¥ —Çv—à–∏–≥–ª—ç–∂ —à–∏–π–¥—ç—Ö–∏–π–≥ —Öv—Å—ç–≥—á. 
CEO ”®–ª–∑–∏–π & –ö–æ –ö–∞–ø–∏—Ç–∞–ª –•–•–ö #—Ü–∞—Ö–∏–º_–∞—Ä–∏–ª–∂–∞–∞ #–∞–ø–ø #–•–ó–ó #—Ö—É–≤—å—Ü–∞–∞ #–±–æ–Ω–¥  —É—Ç–∞—Å:77776377"
122,–ñ.–≠–Ω—Ö–±–∞—è—Ä,Enkhbayar_MP,9612,39764,3.0,8.9,–ú–£-—ã–Ω –∏—Ä–≥—ç–Ω
123,–ê–†–ò,Ariunq,70895,39536,50.9,3.9,–ñ–∏—Ä–≥—ç—ç–≥—ç—ç —É—Å—Ç–≥–∞–∞–¥ ”©–≥ –≥—ç–∂ –±–∏—Ç–≥–∏–π –≥—É–π–≥–∞–∞–¥ –±–∞–π–≥–∞–∞—Ä–∞–πüòí. –£–Ω—à–∏–≥—áüòéü§üüèª. @num_edu | #attorney | GenZ | legal researcher
124,Cygnus‚ò∫Ô∏è,Cygnus_mgl,153200,39077,40.2,10.6,Per Aspera Ad Astra‚ú®
125,–ê–ª–¥–∞—Ä,Aldar51,176734,38996,45.3,10.8,"500K Followers
Sukhbaatar Province Ambassador Extraordinary and Plenipotentiary to the Twitter, Inc.¬©
–ê—è–∞, –º–∞—à–∏–¥ –Ω–∏–≥“Ø“Ø–ª—Å—ç–≥—á, –Ω—ç–Ω ”©—Ä—à”©”©–ª—Ç –ê–ª–ª–∞—Ö—ã–Ω –∞–ª–¥—Ä—ã–≥ –±–∞—Ä—å—é—É!"
126,–°—ç—Ç–≥“Ø“Ø–ª—á –ì.–û—Ç–≥–æ–Ω–±–∞—è—Ä,OtgooGo,25682,38940,6.5,11.0,"–ù–∏–π—Ç–ª—ç–ª—á, https://t.co/GG0edEWRfB"
127,üá≤üá≥–ë.–ë–∞–∞—Ç–∞—Ä—Ö“Ø“Øüá≤üá≥,BuBaatarkhuu,13628,38478,3.2,11.8,"–¢—É—Å–≥–∞–∞—Ä –ú–æ–Ω–≥–æ–ª –£–ª—Å—ã–Ω #–ñ–ò–†–ì–≠–≠–ß –£–ª—Å —Ç”©—Ä–∏–π–Ω –Ω–∞–º, —ç–≤—Å–ª—ç—ç—Å –∞–Ω–≥–∏–¥ —Ö–∞–∞–ª—Ç—ã–Ω –≥—ç—Ä—ç—ç–≥“Ø–π, —Ö—É–≤—å —Ö—É–≤—å—Å–≥–∞–ª–∞–∞ —Ç—ç–Ω—Ü“Ø“Ø –∂–∏—Ä–≥—ç–Ω—ç. #Moto #–¶–∞–≥–¥–∞–∞ #–¶–ï–ì"
128,BUYAN OnchUg,OnchUgBuyan,9632,38264,2.5,10.8,"–≠–≤–¥—Ä—ç–ª —Ö—ç–º—Ö—Ä—ç–ª–≥“Ø–π –±“Ø—Ä—ç–Ω –±“Ø—Ç—ç–Ω “Ø–ª –æ—Ä—à–∏—Ö—á –≠–≤–ª“Ø“Ø–ª—ç—Ö–≥“Ø–π –±–æ–ª –º”©–Ω “Ø–ª –æ—Ä—à–∏–Ω–æ. 
”®”©—Ä–∏–π–Ω—Ö”©”© —Ç–∞—Ä—Ö–∏–Ω–∞–∞—Å —É–Ω–¥–∞—Ä—Å–∞–Ω #–æ–Ω—á“Ø–≥-–∏–π–≥ –±–∏—á–Ω—ç. #quote #onchug #—Ü—ç—Ü—ç–Ω #aphorism @buyan30"
129,–¢–æ–≥–º–∏–¥—ã–Ω –î–û–†–ñ–•–ê–ù–î,dorjkhand_t,9128,37662,2.1,12.2,"Member of Parliament, former IMF staff and advisor to the ED, dept head at Ministry of Finance, Mongolia, pursuing public finance, development and politics."
130,–î.–¢“Ø–º—ç–Ω-”®–ª–∑–∏–π,artanyan,56217,37576,18.8,8.3,–ê–ª—Ö–¥–∞–≥–≥“Ø–π —Ö“Ø–º“Ø“Ø—Å –£–ë-—Ç –∞–ª—Ö–∞—Ö –Ω”©—Ö—Ü”©–ª –∞–ª–≥–∞ –≥—ç–∂ —Ö–∞–º–≥–∏–π–Ω –∏—Ö —è—Ä–∏—Ö —é–º. –ë–∏–¥ –∑“Ø–≥—ç—ç—Ä –ª –∞–ª—Ö–¥–∞–≥ –±–∞–π–≥–∞–∞ —à“Ø“Ø :)
131,–ß.”®–Ω”©—Ä–±–∞—è—Ä (PhD),ch_unurbayar,111040,36722,32.3,9.5,"–õ–∏–±–µ—Ä–∏–∞–ª “Ø–∑—ç–ª—Ç—ç–π, —Ö—É—É–ª–∏–π–Ω –ø—Ä–æ—Ñ–µ—Å—Å–æ—Ä. Liberal, professor of law."
132,Life is Good!,rulesolife,41942,35317,9.1,12.9,Rules for life. Motivation. Inspiration. Life. Love. Success. Happiness. The best tweets on Twitter. Enjoy.
133,Turo,turo,11016,34928,2.2,13.7,"Find your drive on Turo, the world‚Äôs largest car sharing marketplace.

Need help? https://t.co/X2H6FUCFzl"
134,–ß”©–ª”©”©—Ç —Ö“Ø–Ω,Ganzorig1,186836,34750,43.4,11.9,"Freeman of Mongolia. –°“Ø“Ø–≥—ç—ç—Ä –±–æ–π–∂–∏–≥—á, –•–æ–º–æ—Å–∞–ø–∏–µ–Ω—Å. –†–¢-—á–∏–Ω"
135,–•–∞—Ä—Å—É–≤–¥,Kharsuvd,77556,34604,18.0,12.0,
136,Miigaa,GuysMiigaa,43437,34227,10.6,11.4,"–ó–∞–¥ –Ω–∞–π—Ä–ª–∞—Ö –≥—ç–∂ –±–∏—à, –ë–∞—Ç —Ö–∞–π—Ä–ª–∞—Ö –≥—ç–∂ –±–∏–¥ –ú–æ–Ω–≥–æ–ª —É–ª—Å–∞–¥ —ç–∑—ç–Ω —Å—É—É—Å–∞–Ω... –ú.–ú—è–≥–º–∞—Ä"
137,–ë.–¢“Æ–í–®–ò–ù–¢”®–ì–°,tuvshintugst,109778,34001,28.9,10.6,–≠–Ω—ç –¥—ç–ª—Ö–∏–π–Ω –±“Ø—Ö –º–æ–Ω–≥–æ–ª “Ø–Ω–¥—ç—Å—Ç—ç–Ω –∞–ª—å —á –∑“Ø–≥—Ç –∞–∂ —Ç”©—Ä–¥”©–≥ –±–∞–π–ª–∞–∞ —á —ç–º—ç—ç–ª–∏–π–Ω –±“Ø“Ø—Ä–≥—ç—ç –£–ª–∞–∞–Ω–±–∞–∞—Ç–∞—Ä—ã–Ω –∑“Ø–≥ —Ö–∞—Ä—É—É–ª–∂ —Ç–∞–≤—å–¥–∞–≥ –ù.–ù–∞–≥–∞–∞–Ω–±—É—É
138,Batbayar Nyamjav,NBatbayar,4008,33805,0.8,13.6,
139,davŒû ‚ú® Liquid Lands,liquid_lands,995,33796,0.6,5.0,"Building https://t.co/46zVHnmATI (formerly CryptoCities)
https://t.co/nsaDrmhkLO
https://t.co/rKtWUlEWjU"
140,–ú–û–ù–ì–û–õ–´–ù –•”®–ì–ñ–ò–õ #–ñ–î“Æ,exclusive_maya,87602,33486,20.6,11.8,"V–π–ª–¥–≤—ç—Ä–ª—ç–ª–∏–π–Ω —Ç–µ–ª–µ–µ –ß–µ–¢–ì–µ–† –±–∞–π—Å–∞–Ω —á –Ω—ç–≥–¥—ç–∂ —á–∞–¥–Ω–∞...... —à–∞—à–∏–Ω —àv—Ç–ª—ç–≥, –Ω–∞—Å —Öv–π—Å, —É–¥–∞–º —É–≥—Å–∞–∞, –≥–∞—Ä–∞–ª vvc—ç–ª, –Ω–∞–º –º–∞–º —Ö–∞—Ä–≥–∞–ª–∑–∞—Ö–≥v–π......."
141,–ù.–°—É–≥–∞—Ä,Sugar_n11,36077,33484,9.3,10.8,
142,Oyun,jj_oyun,59104,33375,18.9,8.7,"Study nature, love nature, stay close to nature. It will never fail you #hiker #birdwatching #flowerwatching #naturelover"
143,Batlai Chuluunhuu,Chuluunhuu,52501,33333,11.9,12.2,–ß–æ–Ω–æ —à–∏–≥ –ê–ú–¨–î–ê–†–ß –ß–ê–î –ß–æ–Ω–æ —à–∏–≥ –±–∞—Å “Æ–•–≠–ñ –ß–ê–î! FAVs & RTs ‚â† endorsement
144,terunofuji,ganerdene91,202,33304,0.1,8.5,
145,Gerege Systems,Gerege_Systems,13186,33244,3.2,11.4,“Æ–Ω–¥—ç—Å–Ω–∏–π —Ç–µ—Ö–Ω–æ–ª–æ–≥–∏–π–Ω –∫–æ–º–ø–∞–Ω–∏ üá≤üá≥
146,Buyantsogtoo,buyantsogtoo,25189,32763,4.9,14.3,"Conservatism, Realism, Geopolitics, Strategic Studies, Educational reform, Reading, ... & Photography"
147,Uber Chicago,Uber_CHI,21972,32726,5.1,12.1,We've updated our location. For the latest updates follow @uber. Have a question? Tweet us at @uber_support.
148,MNB –ú–æ–Ω–≥–æ–ª—ã–Ω –ú—ç–¥—ç—ç,mmagency_mnb,15383,32294,5.3,8.1,–ú–æ–Ω–≥–æ–ª—ã–Ω –º—ç–¥—ç—ç —Å—É–≤–∞–≥
149,–•”©–¥”©”©–Ω–∏–π_—Ö”©”©–Ω,huduunii_huun,27450,32002,7.4,10.3,–ú–æ–Ω–≥–æ–ª –£–ª—Å
150,Ganbold Tordai,ganboldtordai,10457,31905,7.0,4.2,"Businessman 
/Corporate hotels,ADM https://t.co/O1CT1QgeJX /
Trying to be independent responsible active citizen.
The truth will win!"
151,–®.–¢—ç–≥—à–±–∞—è—Ä,TegshbayarShara,122022,31818,33.5,10.1,"–¢”©—Ä, —Ç“Ø–º—ç–Ω —Ö–æ—ë—Ä—Ç–æ–æ ”©—Ä–≥”©—Å”©–Ω —Ö–æ—ë—Ä —Ç–∞–Ω–≥–∞—Ä–∞–≥—Ç–∞–∞ “Ø–Ω—ç–Ω—á —è–≤–∞–∞, –±–∏"
152,Potash,LarryPotash,6293,31661,1.2,14.4,"Anchor, WGN-TV"
153,Cargomall.mn,Cargomall,69767,31581,17.9,10.8,–ê–ù–£-—Å —Ö“Ø—Å—Å—ç–Ω –±–∞—Ä–∞–∞ –±“Ø—Ç—ç—ç–≥–¥—Ö“Ø“Ø–Ω—ç—ç Sales Tax-–≥“Ø–π –∑–∞—Ö–∏–∞–ª.
154,–•“Ø—Ä—ç–ª,hvrlee85,15649,31566,3.7,11.8,"Every closed eye is not sleeping, and every open eye is not seeing."
155,–ö–æ—Ä–æ–ª—è–∞,margad1204,64821,31455,17.4,10.3,
156,Batnice,batnice,39353,30898,8.4,13.0,"–≠—Ä—Ç–Ω–∏–π –∂–∏—Ä–≥—ç—ç—á, –ó”©–≤ –∑“Ø–π–ª–∏–π–Ω —Ç”©–ª”©”© –∂–∏—Ä–≥—ç–µ! #Education Specialist, #UB @FISUnetwork @Mongolshapers #WEF #–ú—ç–¥–ª—ç–≥ –±–æ–ª –≠–†–• –ß”®–õ”®”® https://t.co/jTJ2zP5fQH"
157,–¢.–î“Ø“Ø—Ä—ç–Ω,TDuuren,56814,30711,13.3,11.8,"#–≥—ç–Ω—ç—ç –≥—ç—Å—ç–Ω –æ—Ä—á—É—É–ª–≥—ã–Ω –æ–Ω–∏–≥–æ–æ–Ω–¥ —Ç—É—Å–≥–∞–≥–¥—Å–∞–Ω —Å–∞–Ω–∞–∞, –∏–ª—ç—Ä—Ö–∏–π–ª—ç–ª –Ω—å —Ç—ç—Ä –±–æ–ª–≥–æ–Ω –º–∏–Ω–∏–π —Ö—É–≤–∏–π–Ω “Ø–∑—ç–ª –±–æ–¥–æ–ª—Ç–æ–π —Ç–∞–∞—Ä–∞–∞–¥ –±–∞–π–¥–∞–≥–≥“Ø–π –±–æ–ª–Ω–æ."
158,Nuclear Ganaa,ganaa23mn,256913,30661,68.3,10.4,"”®–Ω–≥–∏–π–≥ –±–∏—à–∏—Ä—á –±–∏—Ç–≥–∏–π —Ö–∞—Ä, –≥—ç—Ä—ç–ª –≥—ç–∂ –±–æ–¥–æ–æ–¥ —Å—É—Ä—á–∏—Ö –ù.–ì–∞–Ω–∑–æ—Ä–∏–≥"
159,–¢–∞–Ω—Ö–∞–π —ç–º—ç—ç,tankhai_emgen,21964,30422,7.2,8.5,"–≠–º—ç—ç –Ω—å –∑–∞–ª—É—É–¥–∞–∞ –∂–æ–º–±–æ–≥–æ —è–≤–ª–∞–∞.–ó–∞—Å–∞—Ä—Å–∞–Ω –∂–æ–º–±–æ–≥–æ –∑–∞—è–∞–Ω—ã —Ö–∞–Ω—å. *–≠–º–≥—ç–Ω —Ç–∞ –±–∞—è–ª–∞–≥ —Å–∞–Ω, *3-–Ω –≠–º—ç—ç* —Ö–∞–º—Ç–ª–∞–≥—ã–Ω –¥—É—É—á–∏–Ω -–ù—É—É—Ü —ç–º–≥—ç–Ω—Ç—ç–Ω- –ú–æ–Ω–≥–æ–ª —Ç—É–ª–≥–∞—Ç–Ω—ã 100–Ω —ç–º–≥—ç–Ω–∏–π –Ω—ç–≥"
160,Shirchin Baatar,shbaatar,42510,30383,8.9,13.3,"–•—ç–Ω –Ω–∞–º–∞–π–≥ “Ø–≥—ç—ç—Ä –¥–æ—Ä–æ–º–∂–∏–ª–Ω–æ, —Ö—ç–Ω –Ω–∞–º–∞–π–≥ “Ø–π–ª—ç—ç—Ä –≥—É—Ç–∞–∞–Ω–∞, —Ç—ç—Ä –±“Ø–≥–¥ —Å—ç—Ç–≥—ç–ª—ç—ç—Ä –≥—ç–≥—ç—ç—Ä—ç—Ö –±–æ–ª—Ç—É–≥–∞–π/–®–∞–Ω—Ç–∏–¥—ç–≤–∞/ ”®–≤”©–≥ –º–æ–Ω–≥–æ–ª –•—è—Ç–∞–Ω —Å—É–¥–ª–∞–∞—á –Ω—ç–≥—ç–Ω"
161,Altantuya Tumur,altantuya_t,161534,30279,41.2,10.9,–ë–∏ —Å–∞–π—Ö–∞–Ω –≥—ç—Ä –±“Ø–ª—Ç—ç–π –∞–∑ –∂–∞—Ä–≥–∞–ª—Ç–∞–π —ç–º—ç–≥—Ç—ç–π
162,–ù—è–º—Å–∞–º–±—É—É,NyamsambuuD,21933,30064,5.9,10.4,–≥–∞–≤–∂
163,–ê–º—å–¥—Ä–∞–ª—ã–Ω –°–∞–Ω—Ö“Ø“Ø,FinlifeMN,219181,30058,59.4,10.2,–°–∞–Ω—Ö“Ø“Ø–≥–∏–π–Ω –±–æ–ª–æ–≤—Å—Ä–æ–ª —Ç“Ø–≥—ç—ç–∂ –•“Ø—Ä—Ç—ç—ç–º–∂—Ç—ç–π —Ö”©–≥–∂–ª–∏–π–≥ –¥—ç–º–∂–∏–Ω—ç.
164,–≠.–•–∏—à–∏–≥–¥–æ—Ä–∂ kish,khishigdorj89,1163,29949,0.3,10.5,radiologist
165,Julia La Roche,JuliaLaRoche,18203,29586,4.0,12.6,Host of The Julia La Roche Show üéôüì∫ Previously: @YahooFinance @UNCHussman @BusinessInsider @CNBC
166,–≠'–ë–æ–ª–¥,A_Enkhbold,12033,29545,3.0,11.1,
167,Welcome2Mongolia,welcome2mongoli,23183,28289,8.1,8.0,
168,Tsetseg.S,Tsetseg01,92778,28252,25.7,10.0,"–£–π–≥–∞–≥“Ø–π –æ—Ä–æ–ª–¥–ª–æ–≥–æ, —Å–∞–π—Ö–∞–Ω —Å—ç—Ç–≥—ç–ª, –∑”©–≤ —Ö–∞–Ω–¥–ª–∞–≥–∞ –ª —Ö“Ø–Ω–∏–π–≥ –∑”©–≤ –∞–≤—á —è–≤–Ω–∞."
169,–¢–£–ì–ù–´ –ù–û–Å–ù,Noyontug,53460,28067,13.4,11.1,"–ú–æ–Ω–≥–æ–ª –£–ª—Å—ã–Ω —Ç”©–ª”©”© –∂–∏—Ä–≥—ç–Ω—ç –±–∞—Å –∏—Ç–≥—ç–Ω—ç –±–∏. 
                                                  –¢—É–≥–Ω—ã –ù–æ—ë–Ω"
170,–≠–Ω—Ö“Ø“Ø—à,enkhwsh,51895,27992,11.9,12.2,"–Æ—É –±–∏—á–∏—Ö –Ω—å –º–∏–Ω–∏–π —Ö—ç—Ä—ç–≥, –¥–∞–≥–∞—Ö –¥–∞–≥–∞—Ö–≥“Ø–π –Ω—å —Ç–∞–Ω—ã —Ö—ç—Ä—ç–≥ üòá"
171,–ì–∞—Ä—å–¥—Ö“Ø“Ø –ë–∞—è—Ä—Å–∞–π—Ö–∞–Ω,g_bsaikhan,6717,27836,1.8,10.1,–ê–†–î–ß–ò–õ–°–ê–ù –ù–ê–ú–´–ù –ì–ò–®“Æ“Æ–ù
172,Tuvshinbayar Naidan,NTuvshinbayar,548,27765,0.1,10.4,
173,–û—é—É–Ω–≥—ç—Ä—ç–ª,Mirmishk,155132,27544,35.8,12.1,Opera and Ballet pianist | Piano tutor | Online piano classes
174,Zorig.U,u_zorig,138805,27398,38.2,10.1,#–•–∞–π—Ä #–ü–æ–ø—Ö–æ–Ω #–ë–∞—Ä–∏–∞–Ω—Ç #–ú–æ–Ω–≥–æ–ª–ú”©—Ä”©”©–¥”©–ª–ö–ª—É–±
175,EduCa,z_tuya,126785,27296,38.6,9.1,–ú–∞—Ä–≥–∞–∞—à –≥—ç–∂ —Ö–æ–π—à–ª—É—É–ª—Å–∞–Ω “Ø–π–ª—Å –±“Ø—Ö—ç–Ω –º”©—Ö–¥”©–≥.
176,Reuven M. Lerner,reuvenmlerner,5872,26570,1.2,14.1,"Teaching Python around the world since 1995. Corporate training, online courses, and books.

I tweet my students' most interesting Python questions!"
177,Batsugar,Batsugar1,193627,26273,48.0,11.2,"""”®”©—Ä”©”© —á –∞–º—å–¥–∞—Ä—á, ”©—Ä”©”©–ª –±—É—Å–¥–∞–¥ —á –∞–º—å–¥—Ä–∞—Ö –±–æ–ª–æ–º–∂ –æ–ª–≥–æ"" -The Shawshank Redemption-"
178,Munkhbaatar,gmunkhbaatarmn,11290,26048,2.2,14.0,Web developer
179,NFTfi.com,NFTfi,2411,25859,2.2,3.1,The most trusted NFT lending protocol. Use your NFTs to take out DAI/USDC/ETH loans. Join our community: https://t.co/q0TaVXO8Wp
180,–ù.–û—é—É–Ω–¥–∞—Ä—å,Oyundari_MP,19883,25721,4.3,12.7,–£–ª—Å—ã–Ω –ò—Ö —Ö—É—Ä–ª—ã–Ω –≥–∏—à“Ø“Ø–Ω.
181,Braintree,braintree,6361,25718,1.2,15.3,"We provide the global commerce tools people need to build businesses, accept payments, and enable beautiful commerce experiences for their users."
182,–ë–∏–¥ –Ω—ç–≥ –ú–æ–Ω–≥–æ–ª,BGursoronzon,35918,25441,9.6,10.4,–ë–∏–¥ –Ω—ç–≥ –ú–æ–Ω–≥–æ–ª –ë–∏–¥ —Ü”©”©—Ö“Ø“Ø–ª—ç—ç –±–∏–µ –±–∏–µ—ç—ç –¥—ç–º–∂–∏—Ü–≥—ç—ç .–ú–æ–Ω–≥–æ–ª –£–ª—Å “Ø“Ø—Ä–¥ –º–∞–Ω–¥–∞–Ω –±–∞–¥—Ä–∞–≥
183,IDEO CoLab Ventures,IDEOVC,1506,25270,0.5,8.8,Where venture capital meets design. We invest in big ideas and good humans. Backed by @ideo
184,·†™·††·†≤·†§·†∞·†¶·†ã·†¨·†°,BBatsukh,42414,25071,11.0,10.8,–û–∫
185,–ì–∞–Ω–∞–∞,bganaa2000,45665,25017,12.4,10.3,–≠—Ä–¥–º–∏–π–Ω –¥—ç—ç–¥ —ç–≤ –≠—Ä—Ö–º–∏–π–Ω –¥—ç—ç–¥ —ç—Ö...
186,–ù—É–≥–∞—Å–Ω—ã –º—É—É—Ö–∞–π –¥—ç–≥–¥—ç—ç—Ö—ç–π üòáüê£,Mongolia_oyu,11893,24800,3.1,10.7,–ù–∞—Ä –Ω–∞–¥–∞–∞—Å –º–∞–Ω–¥–¥–∞–≥ üåù‚ù§Ô∏è
187,Battsetseg Shagdar,BShagdar,27196,24708,7.1,10.7,Mongolian Ambassador Extraordinarily & Plenipotentiary to the Republic of Cuba
188,Chin Han,TheChinHan,471,24664,0.1,14.1,"MORTAL KOMBAT opening worldwide April 23, 2021"
189,–ë–£–Ø–ù–ê–ê.–ú–ù,erdene457,244476,24603,64.4,10.5,"—Ö“Ø–Ω–∏–π —ç—Ä—Ö, —ç—Ä—Ö —á”©–ª”©”©, –∞—Ä–¥—á–∏–ª–∞–ª, —à—É–¥–∞—Ä–≥–∞ —ë—Å, –ø–∞—Ä–ª–∞–º–µ–Ω—Ç—ã–Ω –∑–∞—Å–∞–≥–ª–∞–ª"
190,–ú–æ–Ω–≥–æ–ª–±–æ–¥–æ–ª,hurganbantan,58778,24258,18.9,8.6,"lex naturalis - –•–æ—Ä–≤–æ–æ–¥ —Ö—ç–Ω–∏–π–≥ —á —é—É–≥ —á —è–ª–≥–∞–ª–≥“Ø–π —Ç—ç–≥—à “Ø–π–ª—á–∏–ª–¥—ç–≥ –≥–∞–Ω—Ü –ª —Ö—É—É–ª—å –±–∏–π - –±–∞–π–≥–∞–ª–∏–π–Ω —Ö—É—É–ª—å
sapiophil"
191,Dashnyam Ganzorig,DashnyamMT,7229,24217,2.0,10.0,Entrepreneur
192,–®.–°–∞–π—Ö–∞–Ω—Å–∞–º–±—É—É,Saihansambuu_SH,25561,24205,6.2,11.4,g
193,Naranbayar –ù–∞—Ä–∞–Ω–±–∞—è—Ä,naranbayarp,2702,24095,0.7,10.6,"–•“Æ–ù –Ω–∞–º—ã–Ω –ù–∏–π—Å–ª—ç–ª–∏–π–Ω –Ω–∞–º—ã–Ω —Ö–æ—Ä–æ–æ–Ω—ã –¥–∞—Ä–≥–∞, ‚Äú–°–∞–π–Ω —Å—É—Ä–≥—É—É–ª–∏–π–≥ —Ç–∞–Ω—ã –¥—ç—Ä–≥—ç–¥‚Äù–ù“Æ–¢–ë–ë-—ã–Ω —Ç—ç—Ä–≥“Ø“Ø–Ω, –ù–ò–¢–•-—ã–Ω —Ç”©–ª”©”©–ª”©–≥—á"
194,Ambassador Richard Buangan,USAmbMongolia,9265,24006,3.4,7.5,The official account of the U.S. Ambassador to Mongolia Richard L. Buangan. Follow @USEmbMongolia for the latest updates of the U.S. Embassy in Ulaanbaatar.
195,–ù—è–º—Ç–∞–π—à–∏—Ä—ã–Ω –¶—ç–ª–º“Ø“Ø–Ω,tselmuunnn,864,23969,0.2,12.0,"President/CEO, Mongolyn Alt MAK LLC, Board Member of Xac Bank and TFG, Board Member of Hunnu Air."
196,Khashchuluun,hash_chuluun,10705,23742,3.2,9.4,"”®–Ω–¥”©—Ä —É—É–ª—ã–Ω —Ö”©—Ç”©–ª –∑–æ—Ä—å
”®—Ä–≥”©–Ω –¥–∞–ª–∞–π ”©—Ä–≥”©–Ω –∑–æ—Ä—å
–•–æ–ª —Ö—ç–º—ç—ç–Ω –±“Ø“Ø —Ü”©—Ö
–Ø–≤–±–∞–∞—Å —Ö“Ø—Ä—å—é—É
****Economics&Chelsea&rock&technology***"
197,Erdenebaatar Eba,ErdenebaatarErk,2761,23707,0.6,12.9,“Æ–∑“Ø“Ø—Ä—Ç—ç–π –º–æ–¥–¥—ã–Ω –¥—ç—ç—Ö–Ω“Ø“Ø—Ä üå≤ üå≥ üå≤‚¨ÜÔ∏è “Æ“Ø–ª—Ç—ç–π —Ç—ç–Ω–≥—ç—Ä–∏–π–Ω –¥–æ–æ—Ö–Ω—É—É—Ä ‚òÅÔ∏è ‚õÖÔ∏è ‚òÅÔ∏è‚¨áÔ∏è –∂–∏—Ä–≥—ç–Ω—ç
198,NarantuyaZ,NarantuyaZ,4396,23661,1.1,11.5,Lawyer
199,–ú–æ–Ω–≥–æ–ª—ã–Ω –∏—Ä–≥—ç–Ω,sumbee_su,11634,23552,2.7,11.8,–ë–ù–ú–ê–£–ª—Å—ã–Ω –∏—Ä–≥—ç–Ω
200,–î.–¢—É–ª–≥–∞,tubu4,12793,23426,3.0,11.8,
201,serdaram,serdaram,5539,23335,1.2,13.1,–¶–∞—Ö–∏–º ”®—Ä—Ç”©”© –•–æ–ª–±–æ–æ–Ω—ã –ø–∏–æ–Ω–µ—Ä
202,–°–æ–¥–æ–æ,SodooMongolia,9591,23216,2.4,10.9,–ë–∏–æ–≥“Ø–π –ª —Ö“Ø–Ω –±–∞–π–Ω–∞. –ï—Ä –Ω—å –±–∏–æ–≥–æ–æ—Ä —è–∞–¥–≥–∏–π–Ω?
203,BB,batt1972,27920,23134,7.6,10.2,–ú–æ–Ω–≥–æ–ª –£–ª—Å—ã–Ω –∏—Ä–≥—ç–Ω üá≤üá≥ –í–µ–Ω–µ—Å—É—ç–ª —Å—É–¥–ª–∞–∞—á ü§¶üèª‚Äç‚ôÇÔ∏è –°–æ–ª–≥–æ–π üëç üèÄ –¥—ç–º–∂–∏–≥—á üôå
204,–ê.–°–æ–¥–±–∏–ª—ç–≥,Sodbileg86,24229,23111,6.5,10.3,–ê–º—å–¥—Ä–∞–ª –±–æ–≥–∏–Ω–æ—Ö–æ–Ω
205,–ê—Ä–¥—ã–Ω —ç–ª—á–∏–π–Ω –ê—Ä–∏—É–Ω–∞–∞,OyOhO,6,23109,0.0,12.6,"–ë–∞—Ä—É—É–Ω 4 –∑–∞–º–∞–∞—Å –∑“Ø“Ø–Ω 4 –∑–∞–º —Ö“Ø—Ä—Ç—ç–ª –∞–ª—Ö–∞–∞–¥, –±—É—Ü–∞–∂ —ç—Ä–≥—ç—ç–¥ –ß“Ø“Ø-—á“Ø“Ø–¥ –æ—á–∏–∂ —Ö–æ–Ω–∏–Ω—ã —Ç–æ–ª–≥–æ–π –∏–¥–º—ç—ç—Ä –±–∞–π–Ω–∞"
206,–õ–æ–º–±—ã–Ω –≠—Ä—Ö—ç–º–±–∞—è—Ä,Lombo_erkhem,16044,22829,3.8,11.8,–ê–ñ–õ–´–ì –•“Æ–ù–ò–ô –¢”®–õ”®”® –ß–ò–ù –°–≠–¢–ì–≠–õ–≠–≠–°–≠–≠ –•–ò–ô. –ê–ú–ñ–ò–õ–¢ –ò–†–ù–≠. –¢“Æ“Æ–ù–≠–≠–°–≠–≠ –°–≠–¢–ì–≠–õ–ò–ô–ù –¢–ê–ê–®–ê–ê–õ –≠–î–≠–õ. –ú”®–ù–ì”® –ë–û–õ –ß–ò–ù –°–≠–¢–ì–≠–õ –ë–û–õ–û–û–î –ê–ú–ñ–ò–õ–¢–´–ù –î–ê–ì–£–£–õ –ù–¨ –Æ–ú.
207,Kizuna üá≤üá≥,KizunaJpp,59818,22669,14.7,11.3,A nomad in search of the perfect place. . .
208,Natsagdulam,Natsagdulam_t,32397,22372,9.7,9.2,—Ö–∏–π—Ö —Ö“Ø–Ω–¥ –∞—Ä–≥–∞ –æ–ª–¥–æ–Ω–æ —Ö–∏–π—Ö–≥“Ø–π —Ö“Ø–Ω–¥ —à–∞–ª—Ç–∞–≥ –æ–ª–¥–æ–Ω–æ
209,Ganjavkhlan,zrameon,3343,22199,0.8,11.8,–ú–∞—Å–ª–æ—Ç–æ–π —Ç–∞–ª—Ö
210,–ë—è—Ü—Ö–∞–Ω –ß”©—Ç–≥”©—Ä,JirgeechMyagaa,3632,22025,0.9,10.9,"”®”©—Ä–∏–π–≥”©”© —è–º–∞—Ä —Ö“Ø–Ω –≥—ç–¥–≥—ç—ç —Ö—ç–∑—ç—ç —á –±“Ø“Ø –º–∞—Ä—Ç.–°—É–ª —Ç–∞–ª–∞–∞ —Ö—É—è–≥ –¥—É—É–ª–≥–∞ —à–∏–≥ ”©–º—Å, —Ç—ç–≥–≤—ç–ª —Ö—ç–∑—ç—ç —á —á–∞–º–∞–π–≥ –≥—ç–º—Ç—ç—ç—Ö–≥“Ø–π."
211,Crypto Life,_Crypto_Life,13201,21985,6.8,5.4,"All about Crypto changing the world! Restoring Financial Freedom.  Nothing I say is Financial Advice. 

$MRX: MN9qdiZoYMWbvRcM7R6fsP8Gp8BsjhBVWU"
212,Fat hand Nyamkana,suzannaNyam,366,21355,0.1,10.2,–î–æ—Ç–æ—Ä —Ö“Ø–Ω—ç—ç —Å–∞–ª—Ö–∏–ª—É—É–ª–∞–Ω–≥–∞–∞..
213,Ganzorig,GanzoTg,5128,21257,1.4,10.0,
214,OOGII,OOGIIHEELS,17034,21227,4.3,11.1,An International Journalist - PR Director - Business Owner - Model - Mum - Fianc√©e - Foodü•ÇWine Loverüç∑ - Comfortable üë† shoe maker - Human being - Positive ü•∞
215,streamlit,streamlit,2387,21088,1.4,4.7,A faster way to build and share data apps.
216,Ó®Ä –ê–ª–∞–≥–®–∞–≥–∞–π,alagshagai,110998,20904,30.0,10.3,–Æ“Ø —á –º—ç–¥–∫“Ø“Ø–≥—ç—ç –º—ç–¥–¥—ç–≥ —Ö“Ø–Ω. üòè –•“Ø–Ω–¥ —Ö—ç—Ä—ç–≥—Ç—ç–π —é–º —é“Ø —á –∂–∏—Ä–≥—ç—Ö–≥“Ø–π. –ó”©–≤—Ö”©–Ω –º–∞–∞–∑—Ä–∞—Ö –≥—ç–∂ –∂–∏—Ä–≥—ç–¥—ç–≥!
217,–ú.–û—é—É–Ω—á–∏–º—ç–≥,M_Oyunchimeg,14468,20585,3.1,12.9,"Member of the Mongolian Parliament,"
218,–¢”©–≤—à”©”©—Ö”©–Ω,Tuvshuuhun,20845,20362,5.7,10.2,
219,–°–æ–∫–æ,soronzonboldl,3966,19977,0.9,11.9,if I am dependant on anything...what will happen when that thing is no longer available
220,Five Up restaurant,5up_Fusion_Food,34301,19920,8.6,11.1,"#ExecutiveChef, #SwissProfiChef #BoyanDori üóûMany Hands One Mindüóû #Fusionfood, #FusionDiet, #MongolianTaste, ‚òéÔ∏è88104826, 88104829"
221,Noyon pizza brand,Chefmongolia,27570,19874,7.3,10.4,"üåê –í–µ–± —Å–∞–π—Ç:http://noyonpizza.mnG ‚òéÔ∏è –ó–∞—Ö–∏–∞–ª–≥—ã–Ω —É—Ç–∞—Å: 11-332277, 1900-1950 ‚òéÔ∏è –≠—Ä–¥—ç–Ω—ç—Ç: 7035400, 94352277 ‚òéÔ∏è –î–∞—Ä—Ö–∞–Ω: 95372277 ‚òéÔ∏è ”®–≤”©—Ä—Ö–∞–Ω–≥–∞–π: 70328000, 80328000"
222,–≠–ó-—á & –≠—Ä—Ö –ó“Ø–π—á –ë—è–º–±–∞—Å–∞–π—Ö–∞–Ω.–î,d_bmb,108236,19812,27.0,11.1,”®”©—Ä ”©–Ω—Ü–≥”©”©—Å –∂–∏—Ä–≥—ç–Ω—ç
223,–•–∞—Å—Å—É—É—Ä–∏–π–Ω –ì–ê–ù–•–£–Ø–ì,KhGankhuyagMN,18060,19635,4.1,12.2,"–ê—è–ª–∞–≥—á, –£–ë –∞–º–∞–∑–æ–Ω—Å 3—Ö3, –•–µ—Ä–∞, –£–ò–•–ì"
224,Batbayar Ochirbat,0Baagii,220636,19583,54.6,11.2,"Think Globally Work Locally , Alumni of London School Hygiene and Tropical Medicine"
225,D. Indra,DIndra87,10555,19319,2.5,11.8,"–°–æ—ë–ª —Å—É–¥–ª–∞–∞—á, –£–ë —Ö–æ—Ç—ã–Ω —Ç”©–≤ –Ω–æ–º—ã–Ω —Å–∞–Ω–≥–∏–π–Ω –∑–∞—Ö–∏—Ä–∞–ª, —Ü–∞–≥–∏–π–Ω üßë‚Äçüè´@num_edu"
226,–¶–∞—Ö–∏–ª–∂ —è–≤–∞–∞ –≥”©—Ä”©”©—Å,oyungerel_dr,39157,19275,10.3,10.6,Sapiosexual | Music and book lover | –ë”®”®–ù”®”®–†”®”® –£–†–ê–ì–®–ò–õ–™–Ø!
227,tulga.eth,iTulga,53483,19101,10.6,14.0,"Tech Entrepreneur. Co-Founder of @CallProMN, Founder/CEO of OnLIME Network (@limeappofficial)"
228,Tsogt Byambatserenüá∫üá¶,tsogt_tsogt,117580,19009,31.4,10.4,”©”©—Ä–∏–π–Ω—Ö”©”©—Ä”©”© –ª –∞–º—å–¥–∞—Ä–∏–π
229,bayarsaikhan,vbayarsaikhan,13438,19005,2.8,13.2,"Founder https://t.co/xVI0GfMCNt, COO @ANDGlobalpte, @LendMN, Product @DellEMC, @Amazon, MBA @UWFosterSchool, Founder @BizNetworkMN, @SingletonLLC, BSc in @UniversiteEge"
230,–õ—É.–ì–∞–Ω—Ç”©–º”©—Ä,gantumurLU,684,18659,0.2,12.0,–ê—Ä–¥—á–∏–ª—Å–∞–Ω –Ω–∞–º—ã–Ω –≥–∏—à“Ø“Ø–Ω
231,ND Dashdorj üá∫üá¶üá≤üá≥üá∫üá∏,ndashdorj,16987,18611,5.9,8.0,Entrepreneur and Scientist
232,–≠–∫–æ –ë–∞–∫–æ,Bayanmunkh3166,14626,18443,3.8,10.6,–ó”©–≤ –ª –¥”©”©
233,face.mn,face__mn,22927,18368,6.1,10.4,https://t.co/34oJSR5Mto –ë–∞–≥–∏–π–≥ –Ω—å —Ö—É—É–ª–Ω–∞‚ùï‚òéÔ∏è 800-33-333
234,Marco Polo,MarcoPoloMP,3038,18334,0.9,9.0,Streaming on Netflix.
235,–•.–ù—è–º–±–∞–∞—Ç–∞—Ä,KhNyambaatar,795,18317,0.9,2.6,Member of Parliament üá≤üá≥ Minister of Justice and Home Affairs of Mongolia
236,enkhbatu,enkhbatu1,63524,18315,15.3,11.5,"–ù–∏–π–≥—ç–º —Å—É–¥–ª–∞–∞—á, —Ç“Ø“Ø—Ö—á Ph.D"
237,–ú“Æ–•–ê“Æ–¢,mongol_chamber,1256,18132,0.3,11.4,Mongolian National Chamber of Commerce and Industry
238,–ê—é—É—à–∏–π–Ω –ê—Ä–∏—É–Ω–∑–∞—è–∞ / Ariunzaya Ayush,ariunzaya_a,17085,18122,4.8,9.8,"üá≤üá≥Secretary of Mongolian People's Party,üë©üèª‚ÄçüíºMajor in Political Science, Sociology, History, üë©‚Äç‚ù§Ô∏è‚Äçüíã‚Äçüë®Wife and Mother of 3ü§±üèª"
239,World Of Tech,WrldTch,30313,18092,6.5,12.9,Scientific and technological reviews.
240,–û—Ç–≥–æ–Ω–¥–∞–≤–∞–∞–≥–∏–π–Ω –ê–º–∞—Ä—Ç“Ø–≤—à–∏–Ω,oamartuvshin,20646,17954,4.7,12.3,President of Mongolian National Chamber of Commerce and Industry
241,Oyungerel Janchiv,OyungerelJ,2525,17948,1.4,5.1,"Chairperson of Petrovis group companies, President of Ulaanbaatar Chamber of Commerce, Entrepreneur, Start up investor, Shark Tank Mongolia investor."
242,–¢–∞–Ω—Ö–∞–π –≠–º—ç—ç,Tanhai_ernee,48838,17367,17.1,7.9,–ë–∏—á—Ö—ç—ç—Å—ç—ç —É–Ω—à–∏—Ö –Ω—å –∏—Ö. –£–Ω—à–∏—Ö–∞–∞—Å–∞–∞ –±–æ–¥–æ—Ö –Ω—å –∏—Ö.
243,Khulan Davaadorj,hulancka,8632,17340,2.1,11.4,"LHAMOUR “Ø–Ω–¥—ç—Å–Ω–∏–π –æ—Ä–≥–∞–Ω–∏–∫ –≥–æ–æ —Å–∞–π—Ö–Ω—ã “Ø–π–ª–¥–≤—ç—Ä–∏–π–Ω “Ø“Ø—Å–≥—ç–Ω –±–∞–π–≥—É—É–ª–∞–≥—á/–ï—Ä”©–Ω—Ö–∏–π —Ç–µ—Ö–Ω–æ–ª–æ–≥–∏—á, MPP Columbia University, Formula Botanica First Mongolian Graduate"
244,–ì“Ø–Ω,GunbilegBldbtr,7437,17200,1.8,11.7,"Lawyer, PhD.
”®”©—Ä–∏–π–Ω—Ö”©”©—Ä”©”© –±–∞–π—Ö –¥—É—Ä—Ç–∞–π, ”©”©—Ä–∏–π–Ω—Ö”©”©—Ä”©”© –ª. –•–∞—Ä–∏–Ω —Ç”©—Ä–∏–π–Ω –∞–∂–∏–ª–¥ ”©”©—Ä–∏–π–Ω—Ö”©”©—Ä”©”© –±–∞–π—Ö –¥—É—Ä–≥“Ø–π."
245,–¶—ç–≤–ª—ç—çüíØü§ó,Tsevlee55,30639,17051,12.4,6.9,"#–î—É—É_—Ö”©–≥–∂–∏–º üéºüéµüé∂, #–Ø—Ä—É—É_–Ω–∞–π—Ä–∞–≥ ‚úçüèª -—Ç –¥—É—Ä—Ç–∞–π"
246,khaliunaa,enjisq,37516,17006,7.9,13.2,
247,ariuntsetseg,ariuntsetsegAri,101156,16849,24.9,11.3,–ë–æ—Ö–∏—Ä —Ö–æ—Ç–æ–¥ –≥–∞–Ω–≥–∞–Ω —Ö“Ø–º“Ø“Ø—Å –∑–æ—Ö–∏–º–∂–≥“Ø–π —Ö–∞—Ä–∞–≥–¥–¥–∞–≥. –¢.–ê—é—É—Ä–∑–∞–Ω–∞
248,–£–ò–• –ú–ê–ù-—ã–Ω –±“Ø–ª—ç–≥,MAN_Buleg,16491,16690,4.9,9.4,–£–ò–• –¥–∞—Ö—å –ú–ê–ù-—ã–Ω –±“Ø–ª—ç–≥. Caucus of Mongolian Peoples Party in Mongolian Parliament. https://t.co/wpBCFn7Vg3
249,–ö”©–∑,aynur_111,73106,16526,16.4,12.4,—Å–∞–π–Ω —É—É
250,–ú–æ–Ω–≥–æ–ª –ë–∞–∑–∞–ª—å—Ç,Mongol_Basalt,14013,16434,3.9,10.0,"–î–£–õ–ê–ê–ù, –≠–†–ß–ò–ú –•“Æ–ß–ù–ò–ô –ê–õ–î–ê–ì–î–õ–´–ì –ë–£–£–†–£–£–õ–ê–ù –•“Æ–õ–≠–ú–ñ–ò–ô–ù –•–ò–ô–ì –ë–ê–ì–ê–°–ì–ê–ì–ß –≠–ö–û “Æ–ô–õ–î–í–≠–†–õ–≠–ì–ß 7511 4444"
251,–∞–º—Ä–∞–∞,m_amaraa_,69888,16334,16.4,11.8,–ë–∏ ”©”©—Ä—Ç—ç–π–≥—ç—ç —è—Ä—å–¥–∞–≥ —à–∏–≥—ç—ç —è–¥–∞–∂ –Ω—ç–≥ —Ö“Ø–Ω—Ç—ç–π –±“Ø—Ö –∑“Ø–π–ª—Å–∏–π–Ω —Ç–∞–ª–∞–∞—Ä —è—Ä–∏–ª—Ü–∞–∂ “Ø–∑–º—ç—ç—Ä –±–∞–π–Ω–∞. –§.–ú.–î–æ—Å—Ç–æ–µ–≤—Å–∫–∏–π
252,Bilguun Ankhbayar,bilguun_a,12331,16247,3.3,10.5,"–°–∞–Ω—Ö“Ø“Ø—á, —à–∏–Ω–∂—ç—ç—á, —Ö—≥—Ä—≥–Ω–≥–∏–π–Ω –∑–∞—Ö, —ç–¥–∏–π–Ω –∑–∞—Å–∞–≥, CFA Charterholder"
253,GANZORIG BORüá≤üá≥üá≤üá≥üá≤üá≥–ë–æ—Ä—ã–Ω –ì–ê–ù–ó–û–†–ò–ì,GanzorigBor,23031,16237,7.0,9.1,"Board member #United association of capital journalists, Board member #SDY MONGOLIA, Board member #Press Institute of Mongolia üá≤üá≥üá≤üá≥üá≤üá≥"
254,JR Estrada üéØ,jrestrada239,5580,16216,1.1,14.3,I show people how to start and scale affiliate marketing businesses. Visit my website for details.
255,–ñ–∞–º–±–∞–∞,jambalsurents,2202,16176,0.5,11.6,–ë–∞–π–≥–∞–ª—å–¥ —Ö–∞–π—Ä—Ç–∞–π —Ö“Ø–Ω. –†–¢-–≥ –±–æ–ª —Ö–∞—Ä–∞–º–≥“Ø–π —Ö–∏–π–Ω—ç.
256,–ë.–ì–∞–ª–±–∞–¥—Ä–∞—Ö üá≤üá≥,bbolovsrol,13850,16101,3.7,10.4,–ú—ç–¥–ª—ç–≥ –±–æ–ª –∞–≥—É—É —Ö“Ø—á! –°—É–¥–ª–∞–∞—á. UC –±–æ–ª–æ–≤—Å—Ä–æ–ª—ã–Ω –≥—Ä—É–ø–ø—ã–≥ “Ø“Ø—Å–≥—ç–Ω –±–∞–π–≥—É—É–ª–∞–≥—á #BarcaFan #ItalySoccer üáÆüáπ. –ú–æ–Ω–≥–æ–ª–∏–∞ –î–∏–∂–∏—Ç–∞–ª —Å–∫“Ø“Ø–ª-–∏–π–≥ –ê–ª—å—Ñ–∞—á—É—É–¥–∞–¥ –∑–æ—Ä–∏—É–ª–∞–Ω –Ω—ç—ç–∂ –±–∞–π–Ω–∞.
257,–•–û–ô–ú–û–†–¢ üá≤üá≥·†¨·†£·†¢·†¢·†Æ·†£·†∑ ·†≤·†£,ochirkhuyagm,16581,15895,4.5,10.3,–¢—ç–Ω–≥—ç—Ä —à–∏–≥
258,r_javkhlant,jav_zolbayar,46162,15760,12.2,10.5,–î–∞–≥–∞—Å–∞–Ω—ã–≥ –Ω—å –¥–∞–≥–∞—á–∏—Ö–¥–∞–≥ –±–∞–π–≥–∞–∞.
259,–•—É–≤–∏–π–Ω–•—ç–≤—à–ª–∏–π–≥–•–∞–π—Ä–ª–∞,B_Munkhtselmeg,22035,15695,5.9,10.3,"–ó–∞–ª—Ö—É—É—Ä–∞–ª–≥“Ø–π –¥–æ–æ—Ä—Ö 2 –ª–∏–Ω–∫–∏–π–≥ –¥–∞—Ä–∞–∞–¥ “Ø–∑—á–∏—Ö. –ë–∏–¥ —É—É—á–ª–∞—Ö–≥“Ø–π —Ö”©–¥”©–ª–≥”©”©–Ω –£–ò–• –ó–ì-—Å —é—É —Ö“Ø—Å—ç—ç–¥ –±–≥–∞ –Ω—å –æ–π–ª–≥–æ–≥–¥–æ–Ω–æ. 

https://t.co/qHGwg0o2IK

http://petition.parl"
260,–î–∞–≤–∞–∞,DavaabaatarG,12207,15504,3.0,11.4,"#—Å—ç—Ç–≥“Ø“Ø–ª—á, #–∞–∞–≤"
261,Altai Khangai,AltaiKh,9712,15380,2.4,11.1,CEO of Mongolian Stock Exchange
262,–ë–æ–ª–∂—É—É–∫,BoljmorB,171070,15353,47.3,10.0,PADI Advanced Open Water Diver üßúüèΩ‚Äç‚ôÄÔ∏èü§ø
263,–ë—É–¥–¥–∏–∑–º –°—É–¥–ª–∞–∞—á,Bolod_P,56650,15329,15.3,10.3,"–¢“Ø—Ä –Ω—ç—ç—Å—ç–Ω –±–∞–Ω–∫–Ω—ã –¥–∞–Ω—Å–∞–Ω–¥–∞–∞ –∏—Ö –º”©–Ω–≥”© —Ö—É—Ä–∞–∞—Ö–∞–∞—Å –∏–ª“Ø“Ø,
–±“Ø—Ä —ç—Ö–Ω—ç—ç—Å—ç—ç –ª –±—Å–∞–Ω “Ø–π–ª–∏–π–Ω “Ø—Ä–∏–π–Ω –¥–∞–Ω—Å–∞–Ω–¥–∞–∞ –±–∞–≥–∞ –±–æ–ª–æ–≤—á –±—É—è–Ω —Ö—É—Ä–∞–∞—Ö—ã–≥ –∏–ª“Ø“Ø–¥ “Ø–∑—ç–≥—á –Ω—ç–≥—ç–Ω.."
264,–¢.–ë“Ø–¥—ç—ç—Ö“Ø“Ø,Budeekhuu,57113,15327,15.6,10.2,"#–ò–π–º–°–∞–π—Ö–∞–Ω–≠—Ö–û—Ä–æ–Ωüá≤üá≥ #hashtag-–∞–∞—Ä –∂–∏—Ä–≥—ç–Ω—ç. #–ë—É—Å–¥—ã–Ω —ç—Ä—Ö–∏–π–≥ –∑”©—Ä—á–∏—Ö–≥“Ø–π,#”©”©—Ä–∏–π–Ω—Ö”©”© —ç—Ä—Ö–∏–π–≥ –∑”©—Ä—á“Ø“Ø–ª—ç—Ö–≥“Ø–π–Ω –¥—É–Ω–¥ #—ç—Ä—Ö —á”©–ª”©”© –æ—Ä—à–∏–Ω–æüòä"
265,–•–ê–õ–ì–ê–ôÓ®Ä,HALGAI8,42638,15274,27.6,4.3,–ë“Ø—Å–≥“Ø–π —Ö“Ø–Ω –±“Ø—Ä–∏–π–Ω –¥–æ—Ç–æ—Ä –±—É—Å–∞–¥—Ç–∞–π —Ç—ç—Ä –±“Ø—Ä —Ç–∞–Ω–∏–ª—Ü—É—É–ª–∞–∞–¥ –±–∞–π–¥–∞–≥–≥“Ø–π –•—ç–Ω –Ω—ç–≥—ç–Ω –æ—Ä—à–∏–Ω –±–∞–π–¥–∞–≥..
266,Badraa,tbadraa,11511,15206,2.4,13.4,"IT consultant, ""Treat a man as he is and he will remain as he is. Treat a man as he can and should be and he will become as he can and should be."""
267,‚ú®–ê–ª—Å–∞–∞ —Ö–∞—Ä—Ü–≥–∞–∞—è,Gerel,107272,15191,18.7,15.9,"Founder @EastMavenPR, former @BloombergTVM, #Mongolia comms staff. Generalist, trendspotter, change agent, truth seeker. #CAMCAFellow | Forbes üá≤üá≥ #30Under30."
268,Tegshjargal,toimch,16478,14976,3.3,13.7,"Thinkreprenuer :D

#—Å–∞–Ω–∞–∞ #—Ä—Ö—á–ª”© #—Å—ç—Ç–≥—ç–ª #—ç—Ä—ç–ª—Ö–∞–π–≥—É—É–ª"
269,Munkh-Erdene Dembereltseren,MunkhErdene81,19620,14970,4.6,11.8,"Senior Advisor to the Mayor of #UB City
#CITI University"
270,Tsahiur.mn,tsahiurmn,34734,14835,7.4,13.1,News & media website
271,–ü. –¶—ç–Ω–≥“Ø“Ø–Ω,p_tsenguun,13547,14778,5.6,6.7,"""The issue is always the same: the government or the market. There is no third solution.""
Ludwig von Mises"
272,–ë–∞–ª–∂–∏–Ω–Ω—è–º –ê,Baljinnyam_A,44511,14686,14.8,8.3,
273,–ù. –°—É–≥–∞—Ä—Ö–∞–Ω–¥,sugarkhandn,7639,14662,1.9,11.3,"–•”©”©—Ä—Ö”©–Ω, –º—É—É—Ö–∞–π–Ω –Ω—å —Ö–∞–º–∞–∞–≥“Ø–π –•–∞–π—Ä–ª–∞—Å–∞–Ω –ª –±–æ–ª —Ö”©”©—Ä—Ö”©–Ω —Ö–∞—Ä–∞–≥–¥–¥–∞–≥ –•—É–¥–∞–ª, “Ø–Ω—ç–Ω –Ω—å —è–ª–≥–∞–∞–≥“Ø–π –ò—Ç–≥—ç—Å—ç–Ω –ª –±–æ–ª –±“Ø–≥–¥ “Ø–Ω—ç–Ω —Å–∞–Ω–∞–≥–¥–¥–∞–≥"
274,–°–∞–π—Ö–∞–Ω–∞–∞,saikhanaabee,24927,14651,9.0,7.7,"–õ—é–±–∏—Ç–µ –∏ –±—É–¥—å—Ç–µ –ª—é–±–∏–º—ã–º–∏ - —ç—Ç–æ —Å–∞–º–æ–µ –±–æ–ª—å—à–æ–µ —Å—á–∞—Å—Ç—å–µ.

Strong in spirit
Strong in body
Strong in mind"
275,–•–∞—Ä—Ö“Ø“Ø,XAPXYY,80011,14615,22.3,10.0,
276,–ê.–û—Ç–≥–æ–Ω–±–∞–∞—Ç–∞—Ä,AOtgonbaatar,10262,14560,4.0,7.2,“Æ–ù–≠–ù –ë–ê –ó”®–í –ù–ê–ú-—ã–Ω –¥–∞—Ä–≥–∞
277,@Galbadrakh Gombosuren,GalbadrakhG12,2138,14559,1.7,3.5,"–ë–∏ –ú–æ–Ω–≥–æ–ª–¥ –∞–º—å–¥–∞—Ä–¥–∞–≥ —ç–≥—ç–ª –±–∞—Å –∑–æ—Ä–≥–æ–æ—Ä–æ–æ –Ω—ç–≥—ç–Ω. –ù–∏–π—Ç–ª—ç–ª –±–∏—á–∏–∂, –¢–í –∫–æ–Ω—Ç–µ–Ω—Ç –±—ç–ª—Ç–≥—ç–Ω ”©”©—Ä–∏–π–Ω —Å–∞–Ω–∞–∞ –±–æ–¥–ª–æ–æ –±—É—Å–∞–¥—Ç–∞–π —Ö—É–≤–∞–∞–ª—Ü–¥–∞–≥."
278,–•. –ê–ú–ê–†–ë–ê–Ø–† üá≤üá≥,Amarbayar_Kh,38541,14387,10.0,10.7,"–•“Ø–Ω–∏–π —à—É–Ω–∞–ª —Ö—è–∑–≥–∞–∞—Ä–≥“Ø–π —á –•–ê–ó–ê–ê–†–õ–ê–• –±–æ–ª–æ–º–∂ –±–∏–π. –ù“Ø–¥ “Ø–Ω—ç–Ω—á, –ß–∏—Ö —Ö—É–¥–∞–ª—á. –Ø—Ä—å—Å–Ω–∞–∞ —Ö–∏–π —ç—Å–≤—ç–ª —Ö–∏–π—Å–Ω—ç—ç —è—Ä—å! –•—É—É–ª–∏–π–Ω –∑–∞–∞–ª—Ç —Ç–æ–º—ä—ë–æ –º—ç—Ç –≥–∞–Ω—Ü—Ö–∞–Ω –∑”©–≤ —É—Ç–≥–∞—Ç–∞–π –±–∞–π—Ö —É—á–∏—Ä—Ç–∞–π!"
279,–¢. –¶—ç–Ω–¥-–ê—é—É—àüá≤üá≥,NmgTseegii,33864,14378,9.4,10.0,–≠—ç–∂–∏–π–Ω—Ö—ç—ç –∞—á–∏–π–≥ —Ö–∞—Ä–∏—É–ª—ä—è –≥—ç–≤—ç–ª –±“Ø—Ç—ç–Ω –Ω–æ–π—Ä—Ç–æ–π —Ö–æ–Ω—É—É–ª. –≠—Ü–≥–∏–π–Ω—Ö—ç—ç –∞—á–∏–π–≥ —Ö–∞—Ä–∏—É–ª—ä—è –≥—ç–≤—ç–ª –±“Ø—Ç—ç–Ω –Ω—ç—Ä—Ç—ç–π —è–≤—É—É–ª...
280,–ë.–¶–æ–≥—Ç–≥—ç—Ä—ç–ª,B_Tsogtgerel888,30073,14277,7.7,10.9,"–ù–ò–ô–ì–ú–ò–ô–ù –î–û–ú–ß,  –•”®–ì–ñ–õ–ò–ô–ù –•”®–¢”®–ß"
281,Ganbayar Liberty,khotgoid81,17565,14194,11.0,4.4,Tell the other side of the story
282,–ê–ª—Ç–∞–Ω—Ü–∞—Ü—Ä–∞–ª—Ç,altantsatsralt,13614,14103,4.7,8.1,–£—Ä–≥–∞–¥–∞–≥ —É—É—Ä—Ö–∞–π–Ω —à–∏–º–∏–π–≥ ”©–¥”©—Ä –±“Ø—Ä –ú–æ–≥–æ–ª—á—É—É–¥–¥–∞–∞ —Ö“Ø—Ä–≥—ç–Ω—ç—ç.
283,J.Enkhsaikhan,JEnkhsaikhan1,3129,13965,0.7,11.7,
284,Bank of Mongolia,Mongolbank_mn,4714,13835,1.2,11.3,The official account of the Bank of Mongolia. –ú–æ–Ω–≥–æ–ª–±–∞–Ω–∫–Ω—ã “Ø–Ω–¥—Å—ç–Ω –∑–æ—Ä–∏–ª—Ç –Ω—å “Ø–Ω–¥—ç—Å–Ω–∏–π –º”©–Ω–≥”©–Ω —Ç—ç–º–¥—ç–≥—Ç-—Ç”©–≥—Ä”©–≥–∏–π–Ω —Ç–æ–≥—Ç–≤–æ—Ä—Ç–æ–π –±–∞–π–¥–ª—ã–≥ —Ö–∞–Ω–≥–∞—Ö–∞–¥ –æ—Ä—à–∏–Ω–æ.
285,–ü–∞—Å—Å–∏–≤ –ì–∞–Ω–±–∞–∞,nganbaa,30739,13773,6.4,13.2,–î—ç–ª—Ö–∏–π–Ω —Ö–∞–º–≥–∏–π–Ω —Ö“Ø–π—Ç—ç–Ω –Ω–∏–π—Å–ª—ç–ª–∏–π–Ω –∏—Ä–≥—ç–Ω. –ú–æ–Ω–≥–æ–ª—ã–Ω –∞–Ω—Ö–Ω—ã –ø–∞—Å—Å–∏–≤ —Ö–∞—É—Å –¥–∏–∑–∞–π–Ω–µ—Ä. Certified Passive House Consultant and Designer  clubhouse: nganbaa
286,–ù–∞–º–±–æ–Ωü¶å,nambon__,90784,13723,21.3,11.8,–ë–∏ –∑“Ø–≥—ç—ç—Ä –∞–ª–Ω–∞ —à“Ø“Ø
287,–ú—ç–Ω–¥–±–∞—è—Ä –ú”®–ù–•–î”®–õ,M_Munkhdul,22009,13677,4.7,13.0,"–£—è–Ω–≥—ã–Ω —Ö–∞–ª–∏–ª–∞–∞—Å —Ö–∞—Ä—à–∏–ª—Ç–∞–π‚Ä¶ —Ö—ç—Ç —É—è–Ω–≥–∞–ª–∞—Ö, —Ö—ç—Ç—Ä“Ø“Ø–ª–∂ –±–æ–¥–æ—Ö –æ—Å–æ–ª—Ç–æ–π. –≠–Ω–≥–∏–π–Ω –±–æ–¥–æ–∂, –∞—Ä–≥–∞—Ü–∞–∞—Ö–≥“Ø–π —Ö–∏–π–Ω—ç. ”®”©—Ä —á –∑“Ø–π–ª–≥“Ø–π –¥—ç—ç."
288,URBAN JEANS,UrbanMongolia,3767,13567,1.1,9.2,
289,–ë–æ–Ω–Ω—ã–Ω –¢.–ê–ª—Ç–∞–Ω–≥—ç—Ä—ç–ª,bonnie_altai,8226,13508,2.2,10.6,"law/international arbitration, author, Chairwoman @legaldata_mn and #–û—é—É–Ω—ã–ò–Ω–Ω–æ–≤–∞—Ü–∏_–¢–ë–ë"
290,Munkhsaikhan O.,munkhsaikhan_o,25311,13496,5.4,13.1,"Professor, School of Law, National University of Mongolia
Director, Constitutional Law Institute, National University of Mongolia
LL.D. from Nagoya University"
291,"–ë–∞–∞—Å–∞–Ω–¥–∞–≤–∞–∞–≥–∏–π–Ω –î”®–õ–ì”®”®–ù, Economist",dulguunbd,7832,13448,2.0,10.8,"–•”©–≥–∂–ª–∏–π–Ω —ç–¥–∏–π–Ω –∑–∞—Å–∞–≥—á; –•–æ—ë—Ä –≥“Ø–Ω–∂–∏–π–Ω –∞–∞–≤; Head of PM‚Äôs Delivery Unit; Forbes30 under 30; Harvard MPA/ID, LSE,Conncoll alumnus #Rower #Economist #Mongol #–≠—Ä“Ø“Ø–ª–•–æ—Ç"
292,–ë–æ–ª–æ—Ä,BoCrys,5204,13427,1.4,10.1,twitter
293,Bolor,Bolor3l,851,13416,0.2,10.5,–ê–º—å–¥—Ä–∞–ª –±–æ–ª –∞—è–ª–∞–ª
294,Altaa,Alta_mn,49152,13369,13.8,9.9,Tweets are in Mongolian/English languageüìöüîó @AltA_coding; üë©‚ÄçüíªAI/ML/IT/Computing/Robotics **–ë–ª–æ–≥ —É–Ω—à: https://t.co/3JNpCXDRG8üìù Reading:üìñ ‚ÄúThe Future Mind‚Äù
295,REPORT.mn,report_mn,8,13331,0.0,9.1,"–ë–ò —ç—Ö –æ—Ä–æ–Ω–¥–æ–æ —Ö“Ø–º“Ø“Ø–Ω–ª—ç–≥, –∏—Ä–≥—ç–Ω–∏–π –∞—Ä–¥—á–∏–ª—Å–∞–Ω –Ω–∏–π–≥—ç–º —Ü–æ–≥—Ü–ª—É—É–ª–∞–Ω —Ö”©–≥–∂“Ø“Ø–ª—ç—Ö–∏–π–≥ —ç—Ä—Ö—ç–º –∑–æ—Ä–∏–ª–≥–æ –±–æ–ª–≥–æ–Ω–æ."
296,–ú”©–Ω—Ö—Å“Ø—Ö üá≤üá≥,Munkhsukh_,111840,13270,28.2,11.0,—Ü—É–π–≤–∞–Ω–≥–∏–π–Ω –∑–æ—Ö–∏–æ–≥—á–∏–π–Ω —ç—Ä—Ö–∏–π–≥ –∞–≤—á—É—É–ª —è–≥ –±–∞—è–∂–∏—Ö –≥—ç—ç–¥ –±–∞–π–Ω–∞
297,–¶–µ–Ω–∑—É—Ä—á–∏–Ω,Censorist,42535,13262,15.2,7.8,–¶–µ–Ω–∑—É—Ä–¥–∞–∞–¥ –ª .....
298,–ë–æ—Ä–æ–æ–¥–æ–π,boroodoikhuu,45054,13025,11.0,11.4,Bio
299,A–ª—Ç–∞–Ω. –ê–ª–∏–º,altanalim,217898,12928,44.0,13.8,Ipsa Scientia Potestas Est. RT is not endorsement
300,Kulanda,chkulanda,11358,12927,2.8,11.3,–≠–º—Ö —Ü—ç–≥—Ü–∏–π–≥ —ç—Ä—Ö—ç–º–ª—ç–Ω—ç. –ú–∞—Ä–≥–∞–ª–¥–∞—Ö –¥—É—Ä–≥“Ø–π. –ë–∏–µ –±–∏–µ–Ω—ç—ç —Ö“Ø–Ω–¥—ç—Ç–≥—ç–µ.
301,Battushig Batbold,battushb,4077,12888,0.9,12.2,"IOC Member, President of Mongolian National Olympic Committee, Chairman of Altai Holding, Founder of Mongolia Needs You ngo"
302,Dosmaa P. Ó®Ä,Dosmaa1,20002,12874,4.9,11.2,"–î–∞–≥–∞–∂, –¥–∞–≥–∞–ª—Ü–∞–∞–¥ —Ö”©–Ω–≥”©–Ω –∂–∏—Ä–≥—ç–≤—ç–ª –∂–∏—Ä–≥—ç—á—Ö—ç—ç–¥, –∞–∑ –∂–∞—Ä–≥–∞–ª—Ç–∞–π –∞–º—å–¥–∞—Ä–Ω–∞ –∞–∞. –¢—ç–≥–∂ —Ç—ç–¥—ç–Ω –º—è–Ω–≥–∞ –¥–∞—Ö—å –¥–∞–≥–∞–≥—á–¥–∞–∞ —é–º –∞–≤—á ”©–≥–Ω”© —ç–Ω—ç —Ç—ç—Ä –≥—ç—Ö–≥“Ø–π üòú"
303,–°—É–¥–ª–∞–∞—á –ó–∞—è—Ö“Ø“Ø,TsZayakhuu,9264,12856,2.2,11.5,–°–æ—Ü–∏–æ–ª–æ–≥–∏—á-–ù–∏–π–≥–º–∏–π–Ω —Å—ç—Ç–≥—ç–ª –∑“Ø–π—á
304,–ì.”®–Ω”©—Ä–±–∞—è—Ä,UnurbayarG,28836,12845,6.6,12.1,"–•”©–¥”©–ª–º”©—Ä, –Ω–∏–π–≥–º–∏–π–Ω —Ö–∞–º–≥–∞–∞–ª–ª—ã–Ω —è–∞–º–Ω—ã –¢–ù–ë–î    State Secretary Ministry of Labour and Social Protection of Mongolia"
305,–ñ–∏–≥–∂–∏–¥–∏–π–Ω –ì–ê–ù-–≠–†–î–≠–ù–≠,ganerdenej,5022,12810,1.3,10.5,–•“Ø–Ω –±–æ–ª–∂ —Ç”©—Ä—Å–Ω–∏–π –º–∏–Ω—å –¥—ç—ç–¥ –∑—ç—Ä–≥–∏–π–Ω —ç—Ä—Ö—ç–º —ç—Ä–º—ç–ª–∑—ç–ª –±–æ–ª ”©”©—Ä–∏–π–Ω —ç—Ö –æ—Ä–Ω—ã —Ç—É—Å–≥–∞–∞—Ä —Ç–æ–≥—Ç–Ω–æ–ª—ã–Ω —Ç”©–ª”©”© –∞–º—å –±–∞ —Å–∞–Ω–∞–∞ —Å—ç—Ç–≥—ç–ª—ç—ç –∑–æ—Ä–∏—É–ª–∞—Ö–∞–¥ —Ö—ç–∑—ç—ç —á –±—ç–ª—Ö—ç–Ω –±–∞–π—Ö–∞–¥ –æ—Ä—à–∏–Ω–æ.
306,–ù–£–¢–ê–ì –ó–ê–ê–ì–î–°–ê–ùüá≤üá≥–ò–†–ì–≠–ùÓ®Ä,MrEldev,11201,12706,2.4,12.8,–ê–º—å–¥—Ä–∞–∞–¥ “Ø–∑—Ç—ç–ª –¥—ç–ª—Ö–∏–π–Ω –±“Ø—Ö —é–º—Å —ç–∑—ç–Ω—Ç—ç–π —é–º –±–∏–ª—ç—ç. –ó–∞—Ä–∏–º –Ω—ç–≥ –±–æ–ª–æ–º–∂ –ª —ç–∑—ç–Ω–≥“Ø–π —à–∞—Ö—É—É –±–∞–π–¥–∞–≥ —é–º –±–∞–π–Ω–∞...
307,–°–ê–ô–ù–ó–£–õ,sainzulinsburg,19729,12560,5.0,10.9,”®”®–†–ß–õ”®–õ–¢–ò–ô–ù –°–ê–õ–•–ò –ê–ô–°–£–ô
308,–•.–û—é—É–Ω-–≠—Ä–¥—ç–Ω—ç –Ø–õ–ê–ì–ß.,ArigOyu,17540,12390,4.7,10.3,–û—Ä—Ö–æ–Ω –∞–π–º–≥–∏–π–Ω –ò—Ä–≥—ç–¥–∏–π–Ω —Ö—É—Ä–ª—ã–Ω —Ç”©–ª”©”©–ª”©–≥—á.
309,Angar Davaasuren,angar_d,10182,12384,4.7,6.1,"–°–∞–Ω—Ö“Ø“Ø—á, —Ö”©—Ä”©–Ω–≥–∏–π–Ω –∑–∞—Ö –∑—ç—ç–ª–∏–π–Ω —à–∏–Ω–∂—ç—ç—á"
310,Tuya,shinetuya1115,48165,12358,12.2,10.9,–¢—ç–Ω—ç–≥ —á –≥—ç—Å—ç–Ω ”©”©—Ä–∏–π—Ö”©”© –∞—Ä–∞–Ω—à–∏–Ω–¥ —Ö–∞–π—Ä—Ç–∞–π –¢–∏–π–º –∏—Ö —Ç—ç–Ω—Ö—ç—ç–≥“Ø–π —á ”©”©—Ä–∏–π–Ω—Ö”©”© —Ö“Ø—á–∏–Ω–¥ –∏—Ç–≥—ç–¥—ç–≥ –¢–∏–π–º—ç—ç –±–∏ ”©”©—Ä—Ç”©”© —Ö–∞–π—Ä—Ç–∞–π....
311,Uki Hera üá≤üá≥,uki_0122,53269,12199,18.0,8.2,"–î–∞–∞—Ä—Å–∞–Ω –Ω—ç–≥—ç–Ω–¥ –Ω—å –Ω”©–º”©—Ä, —Ö–∞–ª—É—É—Ü—Å–∞–Ω –Ω”©–≥”©”©–¥ –Ω—å —Å“Ø“Ø–¥—ç—Ä, –≥–∞–Ω—Ü–∞–∞—Ä–¥—Å–∞–Ω –Ω—ç–≥—ç–Ω–¥ –Ω—å —Ö–∞–Ω—å, –¥–∞–≤–∞—Ä—Å–∞–Ω –Ω—ç–≥—ç–Ω–¥ –Ω—å —É—Ö–∞–∞—Ä–∞–ª –Ω—å –±–æ–ª—Å–æ–Ω –ë–∞—Ç –±”©—Ö “Ø–Ω–¥—ç—Å—Ç—ç–π, —Å–∞–≥–ª–∞–≥–∞—Ä —Ç–æ–º –ú–û–î –±–æ–ª–Ω–æ"
312,–ë.–ê–º–≥–∞–ª–∞–Ω,Amgalan_Ba,15585,12130,4.2,10.3,–ú–æ–Ω–≥–æ–ª —Ç—É–ª–≥–∞—Ç–Ω—ã 100–Ω –ø–∞—Ü–∞–∞–Ω—ã –Ω—ç–≥. –Ø—Ä–∏–≤–∞–ª —è—Ä–∏–Ω–∞ –•–∏–π–≤—ç–ª —Ö–∏–π–Ω—ç.–ë—É—Ä—É—É–¥ –±—É—Å–∞–¥—Ç–∞–π –∞–¥–∏–ª –Ωv–¥ —Ö—É—Ä—Ü.–ë–∞—Å –°–æ–∫—Ä–∞—Ç –∞—Ö—Ç–∞–π –∞–¥–∏–ª —é—É —á –º—ç–¥—ç—Ö–≥“Ø–π –≥—ç–¥–≥—ç—ç –º—ç–¥–Ω—ç #–ë—Ä–∞–±—Ä—É #TaxInspector
313,today.mn üá≤üá≥,today_mongolia,26220,12114,5.9,12.4,"üá≤üá≥
–ê—Å—É—É–ª—Ç."
314,Ataraa,Atar_aa,15364,11988,3.1,13.6,Software engineer
315,#GüÖ∞ridüÖ∞üî•üî•üî•,GaridaMunkhBat,14049,11965,3.8,10.4,"#–Ø–ª–∞–≥—á #–Ø–ª–∞—Ö #–∞—Ä–≥–∞–∞ #–æ–ª–¥–æ–≥

–≠–µ—Ä—ç–≥ –±–∞–π—è üëäüèªüëäüèªüëäüèª"
316,@miguelgrinberg@mstdn.social,miguelgrinberg,2826,11915,0.6,13.8,"I write software. And from time to time, I write or speak about writing software. Principal Software Engineer at Twilio. Mastodon: @miguelgrinberg@mstdn.social"
317,–¢–∞–Ω—Ö–∞–π ”©–≤”©”©,TankhaiUvoo,11219,11635,2.8,11.3,
318,me,yolo5533,5135,11401,1.4,10.5,–≠—Ä—Ö–∑“Ø–π—á
319,Serchmaa Official,SerchmaaS,2523,11391,0.6,10.8,–î—É—É—á–∏–Ω –°.–°—ç—Ä—á–º–∞–∞–≥–∏–π–Ω –ê–ª–±–∞–Ω —ë—Å–Ω—ã —Ç–≤–∏—Ç—Ç–µ—Ä —Ö–∞—è–≥
320,–¶—ç–≤—ç—Ä –ê–≥–∞–∞—Ä—Ç–∞–π –•–û–¢,CleanAirUb2020,6305,11344,1.3,13.8,–ê–≥–∞–∞—Ä—ã–Ω –±–æ—Ö–∏—Ä–¥–ª—ã–≥ –∂–∏–ª–∏–π–Ω –∞–ª—å —á —É–ª–∏—Ä–∞–ª–¥ –º–∞—Ä—Ç–∞—Ö —ë—Å–≥“Ø–π –±”©–≥”©”©–¥ –±–∏–¥ —Ö–∞–º—Ç–¥–∞–∞ ”©”©—Ä—á–ª”©–ª—Ç–∏–π–≥ —Ö–∏–π–∂ —á–∞–¥–Ω–∞. –ê–≥–∞–∞—Ä—ã–Ω –±–æ—Ö–∏—Ä–¥–ª—ã–Ω —ç—Å—Ä—ç–≥ —Ö“Ø–Ω –±“Ø—Ä –Ω—ç–≥ –∞–ª—Ö–∞–º —Ö–∏–π—Ü–≥—ç—ç–µ!
321,–≠–Ω—Ö–±–∞—Ç,enkhubatu,8762,11327,1.9,13.1,"–ú—ç–¥—ç—ç–ª–ª–∏–π–Ω —Ç–µ—Ö–Ω–æ–ª–æ–≥–∏–π–Ω —á–∏–≥–ª—ç–ª—ç—ç—Ä —Ç”©–≥—Å—Å”©–Ω, —Ç”©—Ä–∏–π–Ω –±–∞–π–≥—É—É–ª–ª–∞–≥–∞–¥ –∞–∂–∏–ª–ª–∞–∂ –±–∞–π—Å–∞–Ω."
322,Tumur,Tumur1,2501,11281,0.5,13.2,–î–∞–≥–∞–ª—Ü–∞–∞–¥ —è–≤—á–∏–Ω–∞. –°–∞–π–Ω —É–Ω—à–∏–Ω–∞.
323,Reconnecting Asia,ReconAsia,29102,11238,12.4,6.5,"Mapping new connections across the Eurasian supercontinent. Follows, RT ‚â† Endorsement"
324,Uuganbayar Batsaihan,uuganaa_v2,129332,11170,52.2,6.9,"‚ÄúThose who deny freedom to others, deserve it not for themselves‚Äù 
‚Äï Abraham Lincoln"
325,–ë–∏–ª–≥“Ø“Ø–Ω.–ê,beekm_mail,1595,11139,0.5,8.9,
326,–ë–∞—Ç–∞–∞,naraa66,21504,11080,4.5,13.3,üß†üí≠
327,–ó–æ—Ä–∏–≥–æ–æ –ë–∞–∑–∞—Ä—Ä–∞–≥—á–∞–∞,ZorigMrp,2599,10967,0.9,8.4,”®”©—Ä—á–ª”©–ª—Ç–∏–π–≥ ”©”©—Ä”©”©—Å”©”© —ç—Ö—ç–ª.
328,sainaa,SainZorig,25228,10876,6.0,11.7,"#lawyer
#UNSW_alumni
#Nothing_is_really_new_under_the_sun 
#Vox_populi_is_Vox_Dei
#–Ω“Ø–¥_—è—Ä—å–¥–∞–≥
#without_lawyers_there_is_no_rule_of_law
#feel_no_limits"
329,–ê–¢–ì,NOcorruptionMGL,3953,10842,1.0,10.6,–ê–í–õ–ò–ì–ê–¢–ê–ô –¢–≠–ú–¶–≠–• –ì–ê–ó–ê–†
330,updown.mn,updown_mn,43210,10827,10.6,11.3,"–•–∞—Ä–∞–∞—Ç –±—É—Å “Ø–Ω—ç–Ω –±–æ–¥–∏—Ç–æ–π, —Ç—ç–Ω—Ü–≤—ç—Ä—Ç—ç–π, “Ø–Ω—ç —Ü—ç–Ω—ç—Ç—ç–π –º—ç–¥—ç—ç –º—ç–¥—ç—ç–ª–ª–∏–π–≥ —Ö“Ø—Ä–≥—ç–Ω—ç."
331,Sarai,jinhenbi,57093,10728,12.1,13.1,3rd time
332,Lucy Wang,TechWithLucy,117,10724,0.2,2.1,"""Tech with Lucy"" on YouTube (70K+) üë©‚Äçüíª | Ex-AWS Solutions Architect ‚òÅÔ∏è"
333,codyb,codybrown,36100,10596,6.5,15.4,"mars, nuclear energy, memes @new_world_labs"
334,Ariukaa,AriukaaUB,25753,10588,9.0,8.0,
335,BitcoinAverage - Cryptocurrency Exchange Rates,BitcoinAverage,23548,10524,6.7,9.7,Leading Bitcoin and Cryptocurrency Price Data Provider
336,–ü.–ë–∞—è—Ä—Ü—ç—Ü—ç–≥,Bayartsetseg11,26152,10371,6.6,11.0,–•–∞–∞–Ω–∞ —á –æ—Ä—à–∏—Ö–≥“Ø–π–≥—ç—ç—Ä –•–∞–∞ –Ω—ç–≥—Ç—ç—ç –æ—Ä—à–∏—Ö—Å–æ–Ω
337,–õ.–ú”®–ù–•–ë–ê–Ø–°–ì–ê–õ–ê–ù,mglbayas,2795,10348,1.3,5.8,–°—ç—Ç–≥“Ø“Ø–ª—á
338,–ì.–ë–∞—è—Ä—Å–∞–π—Ö–∞–Ω,Bayarsaikhango,1889,10301,0.5,11.2,
339,Lawfirm11,Lawfirm1161,56245,10292,25.2,6.2,
340,davaapil,davaapil,17101,10224,4.9,9.7,–¢—ç–Ω—ç–≥ —Ö“Ø–º“Ø“Ø—Å —Ç—ç–Ω—ç–≥—ç—ç—Ä—ç—ç “Ø–ª–¥—ç—Ö —é–º –¥–∞–∞
341,–•–∞—Ç–∞–≥–∏–Ω –ë.–ì—ç—Ä—ç–ª—ç—ç,Od_doc,22564,10200,6.9,9.1,“Æ“Ø–ª —Ö–∞–ª—Ö–ª–∞–≤—á –Ω–∞—Ä –Ω–∞—Ä–∞–∞—Ä–∞–∞ –±–∞–π–¥–∞–≥ —à–∏–≥ “Ø–ª –±“Ø—Ç—ç—Ö –∑“Ø–π–ª–∏–π–Ω –∞—Ä–¥ —Ö“Ø–Ω —Ö“Ø–Ω—ç—ç—Ä—ç—ç “Ø–ª–¥‚òùüèº
342,B. Munkhsoyol / –ë. –ú”©–Ω—Ö—Å–æ—ë–ª,Munkhsoyol_Econ,13011,10184,2.9,12.6,"Fields: Economics, politics & public policy
Educated in the U.S., France & Thailand 
Former Mongol TV commentator on economic issues
Board member #–•“Æ–ù"
343,C. McPherrin FOX 32,coreymcpherrin,5786,9910,1.2,13.5,News anchor @Fox32News. Proud Dad of Jack & Margaret. Born and raised in Chicago's South suburbs. Lover of all things @butleru
344,Otgonbat Y,OtgonbatY,24804,9862,6.7,10.3,
345,–ë–æ–ª–¥–∫–æ,BoldkoD,67698,9787,16.6,11.4,"""–•—É–Ω —à–∏–≥ —Ü–∞–≥–∞–∞–Ω –±“Ø“Ø —è–≤, –∞–º–∏–Ω–¥ —á–∏–Ω—å —Ö–∞–ª—Ç–∞–π –•—ç—Ä—ç—ç —à–∏–≥ —Ö–∞—Ä –±“Ø“Ø —è–≤, “Ø—Ä–¥ —á–∏–Ω—å —Ö–∞–ª—Ç–∞–π –®–∞–∞–∑–≥–∞–π –º—ç—Ç –∞–ª–∞–≥ —è–≤"" –î–∞–Ω–∑–∞–Ω—Ä–∞–≤–∂–∞–∞"
346,Study89,study89mn,68,9783,0.0,10.8,"–§–ò–õ–ò–ü–ü–ò–ù–î –ê–ù–ì–õ–ò –•–≠–õ –°–£–†–¶–ì–ê–ê–Ø 
https://t.co/AC7NpyHuw9"
347,Solongo üíõüíô,soko_888,37313,9766,8.7,11.9,"‚Ä¢ YOUNG NERD ARCHITECT!
‚Ä¢Instagram: 
@SOLONGOARCH
@SOLONGOCHANNEL
@FUNWITHSOLONGO"
348,ùëµ.ùë©.ùë©ùíÇùíïùíîùíÇùíäùíåùíâùíÇùíè,NBBatsaikhan,176316,9700,50.4,9.7,‚ôè‚ò∏
349,"Bayarbaatar Bold ,MD",Bayarbaatar_MD,13045,9440,3.1,11.6,"#Radiologist @Intermed_mn F/Fellow @harvardmed, #AI F/Consultant @WHO Tweets're my own&RTs aren't endorsement,–î—ç–ª—Ö–∏–π–≥ –æ—é—É–Ω–¥–∞–∞ –±–∞–≥—Ç–∞–∞–Ω –∂–∏—Ä–≥—ç!"
350,–ë–∞—Ç—Ç—É–ª–≥–∞ –ì–ê–ù–•–£–Ø–ì,gankhuyag_mng,1829,9410,0.4,11.3,"–•—É—É–ª—å—á, —É–ª—Å —Ç”©—Ä—á, —Å—É–¥–ª–∞–∞—á"
351,–¢“Ø–≤—à–∏–Ω—Å–∞–π—Ö–∞–Ω –ë–∞—è—Ä—Ö“Ø“Ø,BayarkhuuTsn,2909,9313,2.2,3.6,
352,–°—ç—Ö—ç—ç—Ç–Ω–∏–π –Ω–∞–º,ayako_mongol,5185,9291,1.4,10.2,Mongolia
353,Khaan Insurance LLC,Khaan_Daatgal,1125,9031,0.3,10.6,–•–∞–∞–Ω –î–∞–∞—Ç–≥–∞–ª –•–•–ö-–∏–π–Ω –∞–ª–±–∞–Ω —ë—Å–Ω—ã —Ç–≤–∏—Ç—Ç–µ—Ä —Ö—É—É–¥–∞—Å
354,Bolormaa Luntan,BolormaaLuntan,8148,9009,1.9,12.1,"Founder / Editor-in-Chief, Mongolian Mining Journal, http://t.co/fzyP8bHzqf, http://t.co/BxkLssAKUS"
355,Darleneh,darlene_hill,6092,9007,1.4,12.5,Emmy and Peabody award winning journalist who loves telling stories
356,–ë“Ø–≥–¥ –Ω–∞–π—Ä–∞–º–¥–∞—Ö –Ω–∞–º,BNN_MRP,478,8951,0.2,8.3,–ê–∂–∏–ª—Ç–∞–π –æ—Ä–ª–æ–≥–æ—Ç–æ–π –∏—Ä–≥—ç–Ω
357,–ù.–û–¢–ì–û–ù–ë–ê–Ø–†,Araguud,10584,8897,2.3,12.7,"Entrepreneur, CEO @UBCabAPP"
358,–ú–∞–Ω–¥–∞—Ä–≤–∞–∞,bayaraa0410,13710,8882,5.3,7.2,–Æ—É —á –±–æ–ª–∂ –±–∞–π—Å–∞–Ω –°–∞–π–Ω —Å–∞–π—Ö–Ω—ã–≥ —Ö“Ø—Å
359,–ë–æ–Ω—Ç–æ–π –ë–∞–¥—Ä–∞–ª—ã–Ω –ú”®–ù–•–î”®–õ,MBBontoi,50826,8881,13.2,10.7,"–°–ë–î-–∏–π–Ω –ò–¢–•-—ã–Ω —Ç”©–ª”©”©–ª”©–≥—á (2-—Ä —Ö–æ—Ä–æ–æ), –ó–æ—Ö–∏—Ü—É—É–ª–∞–≥—á @Young_XYH/@hunnam_mn, CEO @CoverMongolia, MPA @LKYSch/@NUSingapore, @11alumniMN, @Uuhai, #–¶–∞—Ö–∏–º”®—Ä—Ç”©”©, #10–ö"
360,üü° E.Odbayar Dƒìmos.mn ·†µ·†£·†®,Odbayar1206,19089,8876,4.4,12.1,·†°·†ä ‚àô ·†£·†≥·†§·†™·††·†∂·††·†∑ | Chairman of @Demos1206
361,–û–æ–Ω–æ–æ,otuka_99,26684,8862,8.2,9.0,Orthodotics:–ê–Ω–∞–≥–∞–∞—Ö —É—Ö–∞–∞–Ω—ã –¥–æ–∫—Ç–æ—Ä https://t.co/LhHNn6xuzq –ë–æ–¥–æ–ª –±–∏–µ–ª–¥—ç–≥ ‚ú®–ë–æ–¥–æ–ª –º–∏–Ω—å –≥—ç–≥—ç—ç–Ω —é–º ü¶ãü¶ãü¶ãü¶ãü¶ãü¶ãü¶ãü¶ãü¶ãü¶ãü¶ãü¶ãü¶ã
362,chinzo_teacherJET,charleyjet,25685,8846,13.4,5.3,"engineer, educator, Polytechnics University, NUM Norwich Institute."
363,–ë–æ–ª–æ–¥ –ú”©–Ω—Ö–¥”©–ª,Munkhdul_bolod,26113,8756,6.5,11.2,üá≤üá≥–ú–æ–Ω–≥–æ–ª —É–ª—Å—ã–Ω –∏—Ä–≥—ç–Ω
364,Buji,b_ganjiguur,3892,8683,1.1,10.3,–ß”©–ª”©”©—Ç –Ω–∏–π–≥—ç–º –ó–∞–ª—É—É—á—É–¥—ã–Ω —Ö–æ—Ç
365,–î–∞–∞–ª—É—É—Ç–∞–π —Ö“Ø“Ø,tts_damba,9604,8579,2.4,11.0,“Æ–Ω—ç–Ω –±–∞–π...
366,Daya Gal,daya_gal,8718,8531,2.4,10.3,"–ú”©–Ω—Ö–∏–π–Ω –∏—Ç–≥—ç–ª—ç—ç—Ä –∑“Ø—Ä—Ö—ç—ç —á–∏–º.
–ú”©—Ä”©”©–¥”©—Ö —Å—ç—Ç–≥—ç–ª—ç—ç—Ä –∞–º—å–¥—Ä–∞–ª–∞–∞ —á–∏–º."
367,Good Day Chicago,GoodDayChicago,14677,8493,3.6,11.2,Good Day Chicago w/ @coreymcpherrin @darlene_hill @georgesmithtv @NatalieFox32 @richardroeper & @MelodyMendezTV . Weekdays from 4:30-10am & weekends from 7-9am.
368,–ù–∏–π—Å–ª—ç–ª,niislelmn,6693,8367,1.6,11.9,
369,–ê–º–∞—Ä–∞–∞ –±–∞–≥—à,AmarsaihanBody,16081,8281,4.1,10.9,"–ë–∞–≥—à, –¥–∞—Å–≥–∞–ª–∂—É—É–ª–∞–≥—á"
370,Joanie Lum FOX 32,JoanieLum,15008,8255,3.3,12.5,"Award winning reporter @FOX32Chicago. Married, kids. Positive outlook. Mizzou alum, Ferguson Wall of Fame, Year of the Tiger. Êûó"
371,Tushig.Kh,TushigPhoto,7246,8237,2.7,7.4,–ó—É—Ä–∞–≥—á–∏–Ω
372,–≠–†–î–≠–ù–≠–ñ–ê–ú–™–Ø–ù,EJamiyan,13781,8174,3.7,10.5,"–ê—Ö –Ω—å —Ç–∞—Ä–∏–∞–ª–∞–Ω—á –±–æ–ª—Å–æ–Ω. –§–µ—Ä–º—ç—Ä –±–æ–ª—Å–æ–Ω. –ú–∞–ª –º–∞–ª–ª–∞–∂, —Ç–∞—Ä–∏–∞ —Ç–∞—Ä—å–∂ –∞–º—å–¥–∞—Ä–Ω–∞–∞. –ì—ç—Å–Ω—ç—ç—Å –≥–ª—é—Ç—ç–Ω —Ñ—Ä–∏–π –≥—É—Ä–∏–ª —Ö–∏–π—Ö –≤–∏—à–Ω—Ç—ç–π –±–æ–ª—Å–æ–Ω –±–∞–π–≥–∞–∞ —à“Ø“Ø"
373,–û—Ç–≥–æ—á—É–ª—É—É,Otgochuluu,31106,8094,7.2,12.0,–∂–∏—Ä–≥—ç—ç–Ω –¥—ç—Ö—å —Å–∞–π–Ω –¥—É—Ä—ã–Ω —Å–æ—Ü–∏–æ–ª–æ–≥–∏—á
374,–ú–ü,monospt,26,8037,0.0,11.8,
375,–ë–∞—Ç—Å“Ø—Ö–∏–π–Ω –•–æ–≤–æ—Ä-–≠—Ä–¥—ç–Ω—ç,hovorerdene,55075,8010,14.7,10.4,–ª–µ–º–æ–Ω—Ç–æ–π —Ü–∞–π–Ω–¥ –¥—É—Ä—Ç–∞–π
376,Purevkhuu,purevkhuuuu1,30075,7985,11.1,7.5,
377,Indra,indravil,2701,7901,0.6,11.8,Graphic designer | Artist
378,–û—Ç–≥–æ–Ω—Ç—É—è–∞,Otgon_tuya,13829,7885,3.2,12.1,
379,Jag Erkhembayar,jagdagdorj,11954,7863,2.4,13.7,Proud Dad & husband. #TsahimUrtuu Pioneer. Mongolian American Communities Longtime Supporter. My tweets are my own.
380,ganzafilm,ganzafilm,41708,7854,11.6,10.0,...–£–≥ –Ω—å –ë“Ø—Ö —É—Ä–ª–∞–≥–∏–π–Ω –¥–æ—Ç—Ä–æ–æ—Å –ö–ò–ù–û –£–†–õ–ê–ì –ª —á—É—Ö–∞–ª –≥—ç–∂ —Ö—ç–ª—Å—ç–Ω –±–∞–π–¥–∞–≥...
381,Spookykid,Secret_0taKu,1171,7853,0.3,12.0,crypto
382,Katie Smith,AusAmbMongolia,4415,7731,1.8,6.9,Australia's Ambassador to Mongolia. Follow @smartraveller for travel updates. For consular assistance 24/7 ph +61 2 6261 3305.
383,–•.–•–∞—Ç–∞–Ω–±–∞–∞—Ç–∞—Ä,HatnaaMN,3130,7726,1.1,8.0,–ú–æ–Ω–≥–æ–ª—ã–Ω –û—é—É–Ω –£—Ö–∞–∞–Ω—ã –ê–∫–∞–¥–µ–º–∏
384,Bolomj,DeedHuch,914,7720,0.3,10.0,"–ë–æ–ª–æ–º–∂ –±–∞–π—Å–∞–∞—Ä –±–∞–π–¥–∞–≥...
–≠–≥—ç–ª –∂–∏—Ä–∏–π–Ω –±–∞–π—Ö–∞–¥ —Å–∞–π—Ö–∞–Ω —è–≤–¥–∞–ª—É—É–¥—ã–≥ –∏—Ä“Ø“Ø–ª–∂ –Ω–∞–º–∞–π–≥ –±–∞—è—Ä–ª—É—É–ª–¥–∞–≥ –û–†–ß–õ–û–ù —Ç–∞–Ω–¥–∞–∞ —Ç–∞–ª–∞—Ä—Ö–∞—è."
385,–≠–Ω—Ö–º”©—Ä”©–Ω,Anisjims,555,7692,0.2,8.2,–•—ç–≤–ª—ç–Ω –Ω–∏–π—Ç–ª—ç–≥—á.”®”©—Ä ”©–Ω—Ü”©–≥.
386,–°—É–Ω–¥—É–π–Ω –ë–∞—Ç–±–æ–ª–¥,Su_Batbold,338,7643,0.1,7.5,"–ù–∏–π—Å–ª—ç–ª–∏–π–Ω –ó–∞—Å–∞–≥ –¥–∞—Ä–≥–∞ –±”©–≥”©”©–¥ –£–ª–∞–∞–Ω–±–∞–∞—Ç–∞—Ä —Ö–æ—Ç—ã–Ω –∑–∞—Ö–∏—Ä–∞–≥—á. 
City Governor and Mayor of Ulaanbaatar"
387,Erdenebat,J_Erdenebat,314,7553,0.1,10.5,–£–ò–•-—ã–Ω –≥–∏—à“Ø“Ø–Ω Member of Mongolian Parliament
388,Tsogt-Ochir.Donio,TsogtOchir11,15302,7526,7.3,5.8,"history,soccer,biathlon,rock music and painting. #followback"
389,Suren Badral,Badrals,18506,7507,3.7,14.1,"MGIMO, UH-EWC * Fmr: FP Adviser to PMs; Amb.-at-L for CoD & FOC; WTO TRIMs Chair; Int'l LLDC Think Tank Founding Interim Director"
390,nasaa,nasaa01,15370,7335,3.8,11.4,
391,Jijkene,6iBuyka,2042,7289,0.5,11.8,
392,Ono ü§ñ,OnoLovesAI,33504,7285,6.7,13.8,"someone who admires ingenuity of AI, ML and DS"
393,Barhas,BarhasTs,479,7155,0.1,10.7,
394,Munkh-Erdene Davaa,DMunkherdene,757,7139,0.2,11.0,Politician
395,Navchaa,d_navchaa,10858,7135,2.5,12.2,to be
396,–ë–æ—Ä–æ–æ –æ—Ä—É—É–ª–∂ –µ–≥–Ω–µ vv,Bataa71413164,7451,7082,2.1,10.0,–ë–ò –óV–ì–≠–≠–†–õ –ë–£–°–î–´–ù –ñ–ò–†–ì–≠–≠–ì –î–≠–ú–ñ–ò–ù–≠.
397,–ù–£–£–† –û–•–ò–ù,NuurOkhin,22588,7073,5.9,10.7,–¶—ç—Ü—ç–≥ –Ω–∞—Ä —Ä—É—É —Ç—ç–º“Ø“Ø–ª—ç–Ω —Ö—ç—á–Ω—ç—ç–Ω ”©”©–¥”©”© —É—Ä–≥–∞–Ω–∞. –î—ç–º–Ω—ç–∂ —Ç—ç—Ç–≥—ç—Å—ç–Ω –≥–∞–∑–∞—Ä—Ç–∞–∞ —Ç”©—á–Ω”©”©–Ω –≥“Ø–Ω —à—É—Ä–≥–∞–ª–Ω–∞. üòçüíñüîØ
398,Gana Bayarsaikhan,ganaBK,1095,7010,0.4,7.5,Mongolian Actor
399,–•“Æ–ù –Ω–∞–º (The HUN Party),Hunnam_mn,1819,6954,0.7,7.0,"–®–∏–Ω—ç “Ø–∑—ç–ª —Å–∞–Ω–∞–∞, –º—ç–¥–ª—ç–≥, –∏—Ç–≥—ç–ª “Ø–Ω—ç–º—à–∏–ª –±“Ø—Ö–∏–π —à–∏–Ω—ç —Ü–∞–≥–∏–π–Ω —É–ª—Å —Ç”©—Ä–∏–π–Ω –Ω–∞–º. –ë“Ø—Ç—ç—ç—Ö, –±–∏–∑–Ω–µ—Å —Ö–∏–π—Ö —ç—Ä—Ö —á”©–ª”©”©–≥ —ç—Ä—Ö—ç–º–ª—ç–Ω—ç. 
#–•“Ø–º“Ø“Ø–Ω–ª—ç–≥–≠—Ä—Ö–ß”©–ª”©”©–Ω–∏–π“Æ–∑—ç–ª #–ë“Ø—Ç—ç—ç—Ö–≠—Ä—Ö–ß”©–ª”©”©"
400,üá≤üá≥  –ì–∞–Ω—Ö—É—è–≥–∏–π–Ω –ê–ß–ò–¢  üá≤üá≥,aachii_ufc,20865,6942,5.8,10.0,–û–ù–ß “Æ–ì–°–≠–≠–† –£–•–ê–ê–ñ–ò–ì–ß.
401,Stellar Doge $SDOGE,Stellar_Doge,468,6919,0.2,7.5,"The first web based PTE Metaverse built on Stellar üí´

Find $SDOGE wherever you get your Stellar tokens!"
402,Allyson Seaborn üá≤üá≥,allysonseaborn,2755,6872,0.8,10.2,When I was little I spent a lot of time looking at maps of the world. #Mongolia #Australia –ú–∏–Ω–∏–π –∑“Ø—Ä—Ö —Å—ç—Ç–≥—ç–ª –ú–æ–Ω–≥–æ–ª.
403,Bulganchimeg Bayasgalant,Bulganbay,5684,6693,1.7,9.4,"Former Deputy Chairperson at National Development agency/ Invest Mongolia.
Current SDG/impact investment specialist at UNDP Asia Pacific regional office."
404,–ë.–ú”©–Ω—Ö-–≠—Ä–¥—ç–Ω—ç,moogii_Erkhes,8463,6639,2.9,8.1,"–ú–û–ù–ë–û–õ–î –•–•–ö –±–æ–ª–æ–Ω –ì–ò–î–†–û–ë–ê–î–° –•–•–ö-–≥ “Ø“Ø—Å–≥—ç–Ω –±–∞–π–≥—É—É–ª–∞–≥—á, –£—É—Ä –∞–º—å—Å–≥–∞–ª—ã–Ω ”©”©—Ä—á–ª”©–ª—Ç”©–¥ –¥–∞—Å–∞–Ω –∑–æ—Ö–∏—Ü—Å–æ–Ω –•”©—Ä—Å–≥“Ø–π —Ç–∞—Ä–∏–∞–ª–∞–ª—Ç—ã–Ω –≥—É—Ä–≤–∞–ª—Å–∞–Ω —Ç–µ—Ö–Ω–æ–ª–æ–≥–∏ –Ω—ç–≤—Ç—Ä“Ø“Ø–ª—ç–≥—á."
405,–ì–∞–Ω–∞–∞ MF,G_Mongolia,31017,6614,8.1,10.6,"–•“Ø–Ω–∏–π —ç—Ä—Ö, —ç—Ä—Ö —á”©–ª”©”©. –ù–∏–π–≥–º–∏–π–Ω —Ç—ç–≥—à “Ø–π–ª—á–∏–ª–≥—ç—ç"
406,–ù.–ù–æ–º—É–Ω-–≠—Ä–¥—ç–Ω—ç,nnomun78,25709,6610,6.8,10.5,
407,–ú”©”©–≥–∏–π,Utgun_sakhalt,43,6495,0.0,8.9,–ù—ç–≥ —Ö–∞–∞–ª–≥–∞ —Ö–∞–∞–≥–¥–∞—Ö–∞–¥ ”©”©—Ä –Ω—ç–≥ —Ö–∞–∞–ª–≥–∞ –Ω—ç—ç–≥–¥–¥—ç–≥. –ì—ç—Ç—ç–ª –±–∏–¥ –Ω—ç—ç–≥–¥—Å—ç–Ω —Ö–∞–∞–ª–≥—ã–≥ –±–∏—à —Ö–∞–∞–≥–¥—Å–∞–Ω —Ö–∞–∞–ª–≥—ã–≥ —à–∏—Ä—Ç—Å—ç—ç—Ä —Å—É—É–¥–∞–≥
408,Indra RinnA,indra_rinna,871,6457,0.8,3.1,‚ù§Ô∏è‚Äçüî•
409,–ó–æ–ª—É—à–∫–∞,uranzuld,7316,6360,1.8,11.6,”®–¥”©—Ä –±“Ø—Ä ”©–ª–∑–∏–π. –ì–∞—Ä–∞–≥ –±“Ø—Ö—ç–Ω –≥–∞–π—Ö–∞–º—à–∏–≥ –±–∞–π—Ö –±–æ–ª—Ç—É–≥–∞–π! –•–∞—Ä–∏–ª—Ü–∞–Ω –¥–∞–≥–∞–Ω–∞!
410,JoJo Abbasi,TheMediaJoy,17136,6266,4.4,10.8,"Former NBC Chicago journalist gone to the dark side ... Media Relations & Social Media, compelling content provider & #PublicRelations."
411,Virtual Man,b_baagii,15155,6247,3.0,13.8,hakuna matata
412,–£'–ú”©–Ω—Ö–±–∞—è—Ä,UMunkhbayar,8187,6105,2.0,11.7,–≠–Ω–¥ —é—É –±–∏—á–∏—Ö—ç—ç –±–æ–¥–æ–∂ –±–∞–π–Ω–∞...
413,–ê–∞–≥–∏–π,altant_,32406,6105,8.6,10.5,"”®–Ω–¥”©—Ä –∞—á —Ö–æ–ª–±–æ–≥–¥–æ–ª—Ç–æ–π, ”©”©—Ä—Ç —Ö–∞–º–∞–∞—Ç–∞–π –≥—ç–∂ “Ø–∑—Å—ç–Ω –∞—Å—É—É–¥–∞–ª–¥–∞–∞ —Ö“Ø–Ω –æ–ª–æ–Ω “Ø–≥, ”©–≥“Ø“Ø–ª–±—ç—Ä –∑–æ—Ä–∏—É–ª–¥–∞–≥ üòä"
414,Bayaraa SB,bayarkhuu_s,7747,6092,1.6,13.6,–Ø–≥ “Ø–Ω—ç–Ω–¥—ç—ç —ç–Ω—ç —Ö–æ—Ä–≤–æ–æ–¥ —É—Ç–≥–∞ —É—á–∏—Ä—Ç–∞–π —é–º –Ω—ç–≥—á “Ø–≥“Ø–π –∑“Ø–≥—ç—ç—Ä –ª —Ç–æ—Ö–∏–æ–ª–¥–ª—ã–Ω –µ—Ä—Ç”©–Ω—Ü”©–¥ —Å–∞–Ω–∞–º—Å–∞—Ä–≥“Ø–π–Ω –¥—É–Ω–¥ —à–∞–ª—Ç–≥–∞–∞–Ω–≥“Ø–π–≥—ç—ç—Ä –æ—Ä—à–∏–Ω –±–∞–π–≥–∞–∞ —é–º —à–¥—ç—ç
415,–î–æ—Ä–∂—Å“Ø—Ä—ç–Ω,dorj9169,1835,6027,0.5,10.3,
416,Amara,Bamaraa,20440,5961,4.8,11.9,–ë–∏–¥ –Ω—ç–≥ –ª —ç—Ö –æ—Ä–æ–Ω—Ç–æ–π
417,Duka Erdenebayar,dukae43,339,5944,0.3,3.0,
418,–°—ç—Ç–≥—ç–ª —Å–∞–π—Ç–∞–π —Ö“Ø–Ω,love_mongolia,487,5914,0.2,7.3,–¢–∞ –±—É—Å–¥—ã–Ω —Ç”©–ª”©”© –≥—ç—Å—ç–Ω —Å—ç—Ç–≥—ç–ª—Ç—ç–π –±–æ–ª–Ω—ã—Ö–æ–æ –¥–∞—Ä–∞–∞ –∂–∏–Ω—Ö—ç–Ω—ç —Ö“Ø–Ω –≥—ç–¥–≥—ç—ç –º—ç–¥—Ä—ç–Ω—ç.
419,–î–∞—à–¥–æ–Ω–¥–æ–≥–∏–π–Ω “Æ“Ø—Ä—Ü–∞–π—Ö,Mongol_huu,41220,5871,10.0,11.5,"–•—É—É–ª—å—á, –ù–∏–π—Ç–∏–π–Ω —ç—Ä—Ö –∑“Ø–π —Å—É–¥–ª–∞–∞—á"
420,·†£·†≥·†•·†®,HavarNamar,52299,5859,13.2,11.0,üôÑ Schei√üegal to everything! üòé
421,Badamkhand Batbold,BadmaaBatbold,619,5741,0.2,11.1,‚ÄúNothing in all the world is more dangerous than sincere ignorance and conscientious stupidity.‚Äù
422,Canada in Mongolia,CanadaMongolia,2447,5703,0.7,10.3,Embassy of Canada to Mongolia Fran√ßais @CanadaMongolie https://t.co/jCNcWnkYVa https://t.co/LAStE98Eee
423,–¶—ç—Ü–≥–∏–π–Ω –¥—ç–ª–≥“Ø“Ø—Ä,Tsetseglen_1,4127,5624,1.3,9.1,"–¢–∞—Å–∞–ª–≥–∞–∞–Ω—ã —Ü—ç—Ü–≥–∏–π–Ω –¥—ç–ª–≥“Ø“Ø—Ä. –•–∞—è–≥: 13-—ã–Ω –¥—É–Ω–¥ –∑–∞–º, –®–∏–Ω—ç –ú–æ–Ω–≥–æ–ª —Å—É—Ä–≥—É—É–ª–∏–π–Ω –∑–∞–º—ã–Ω –∞—Ä–¥, 3–¥–∞–≤—Ö–∞—Ä —à–∞—Ä –±–∞–π—Ä. –£—Ç–∞—Å: 95500848, 89300848 –§—ç–π—Å–±“Ø“Ø–∫:–¶—ç—Ü—ç–≥–ª—ç–Ω —Ü—ç—Ü–≥–∏–π–Ω –¥—ç–ª–≥“Ø“Ø—Ä"
424,Munkhtur,munkhturtv,999,5517,0.2,11.9,MNC television
425,–Æ–º –±“Ø—Ö—ç–Ω —É—á–∏—Ä—Ç–∞–π,Aylagchshoo,99,5439,0.0,9.1,–ö–æ—Ñ–µ—á–∏–Ω
426,Batchuka Bodonguud üá≤üá≥,BatchukaO,20356,5413,5.2,10.9,üåé I will follow you back üëçüèáüîÉ
427,Saruulerdene Migmar,SaruulerdeneM,4636,5375,1.2,10.7,–ú–æ–Ω–≥–æ–ª —Ö—ç–ª–Ω–∏–π –±–∞–≥—à.
428,–£—á—Ä–∞–ª,UchralE,11294,5371,2.6,12.3,–•“Ø–Ω –∏—Ä—ç—ç–¥“Ø–π–¥ –±–∏ –∏–π–º —Å–∞–π—Ö–∞–Ω –±–æ–ª–Ω–æ –≥—ç–∂ –∞–º—å–¥–∞—Ä–¥–∞–≥–∞–∞—Å –æ–¥–æ–æ —Å–∞–π—Ö–∞–Ω –∞–º—å–¥–∞—Ä–∂ –±–∞–π–≥–∞–∞–≥–∞–∞ –∞–Ω–∑–∞–∞—Ä–¥–∞–≥–≥“Ø–π. ”®—Ç”©–ª –Ω–∞—Å–∞–Ω–¥–∞–∞ –∏—Ä—ç—ç–¥“Ø–π –±—É—Å ”©–Ω–≥”©—Ä“Ø“Ø–ª—Å—ç–Ω –∞–º—å–¥—Ä–∞–ª–∞–∞ –ª —Å–∞–Ω–∞—Ö –±–∞–π—Ö–¥–∞–∞.
429,–ñ—É–¥–∞–≥–∏–π–Ω –ë–∞—è—Ä–º–∞–∞üá∫üá¶,bayarmaaju,2747,5338,0.7,11.0,"–ë–æ–¥–∏—Ç–æ–æ—Ä —Ö–∞—Ä–∂, —Ö–∞–Ω–¥–∞—Ö—ã–≥ –æ—Ä–æ–ª–¥–æ–≥—á"
430,90-s 2unLIMITED,2ultd90,42951,5337,10.5,11.4,
431,Byambaa Losolsuren,lbyambaa,933,5299,0.2,11.9,
432,Anu-Ujin,Anuhorol,5920,5251,1.5,10.8,"I will tweet only in English to avoid misogynistic, and emotional Mongolians who threaten and harass, sends hateful message, and replies."
433,citizen Ó®Ä üá∫üá¶,dropmires,13941,5243,4.2,9.2,
434,Protect Ukraine,protect_ua,62,5211,0.1,2.0,"Donate to the Ukrainian army and protect democracy üá∫üá¶‚ù§Ô∏è

Monobank: https://t.co/pNrYIk3Ijt
Come Back Alive: https://t.co/036smw37iU"
435,–°–ó–• /FRC/ üá≤üá≥,FRC_of_Mongolia,4194,5145,1.2,9.5,–ú–æ–Ω–≥–æ–ª –£–ª—Å—ã–Ω –°–∞–Ω—Ö“Ø“Ø–≥–∏–π–Ω –ó–æ—Ö–∏—Ü—É—É–ª–∞—Ö –•–æ—Ä–æ–æ I Financial Regulatory Commission of Mongolia
436,–∏–≥–∞–∞,iga579,28208,5061,5.7,13.8,https://t.co/QOApAs5035
437,khishige,maadai69,5047,5059,1.3,10.7,”®”©—Ä—Ç”©”© —Öv—Å—ç—ç–≥v–π –º—É—É –∑v–π–ª–∏–π–≥ –±—É—Å–¥–∞–¥ –±–∏—Ç–≥–∏–π —Öv—Å—á –±–∞–π. –ë—É—Ä—Ö–∞–Ω –±–∞–≥—à–∏–π–Ω —Å—É—Ä–≥–∞–∞–ª—å
438,Aerial Mongolia,nyambayarl,15383,5029,5.7,7.5,–ú–∏–Ω–∏–π –ú–æ–Ω–≥–æ–ª
439,Daniel Whitenack,dwhitena,5352,4954,1.1,13.3,"Building @predictionguard, Creating #AI for good with @SILintl, Co-hosting @PracticalAIFM (aka Data Dan, @dwhitena@sigmoid.social)"
440,–≠–Ω—Ö–±–∞—Ç,Eegii3,22772,4944,4.9,12.8,–•“Ø–Ω –±–æ–ª–≥–æ–Ω ”©”©—Ä ”©”©—Ä–∏–π–Ω –∑–∞–º—Ç–∞–π. –ó–∞—Ä–∏–º–¥–∞–∞ –æ–≥—Ç–ª–æ–ª—Ü–æ–Ω–æ. –û–≥—Ç–ª–æ–ª—Ü–æ—Ö –Ω—å —Ö—É–≤—å —Ç–∞–≤–∏–ª–∞–Ω –≥—ç–∂ –æ–π–ª–≥–æ–Ω–æ–º.
441,Amgaa,amgalandamdinj1,1931,4652,0.5,11.9,
442,Genco Book,GencoBook,243,4628,0.1,10.5,–ú–∏–Ω–∏–π –º—ç–¥—ç—Ö –ñ–µ–Ω–∫–æ –ë–∞—Ç—Ç—É–ª–≥–∞
443,–¢–æ–≥–æ—Ä—É—É,ntomoroo,5501,4596,1.8,8.6,–¥–∞–≥–∞–≤–∞–ª –¥–∞–≥–∞–Ω–∞ –∞–Ω–∏–≤–∞–ª –∞–Ω–∏–Ω–∞ —è–≥ –ª –∞–¥–∏–ª—Ö–∞–Ω –ª “Ø–∑–Ω—ç –¥—ç—ç
444,Landbridge,LandbridgeMn,13,4534,0.0,9.5,"–õ–ê–ù–î–ë–†–ò–î–ñ –•–•–ö –Ω—å –¥—ç–ª—Ö–∏–π–Ω –∞–ª—å —á —É–ª—Å –æ—Ä–Ω–æ–æ—Å, –∞–ª—å —á —É–ª—Å –æ—Ä–æ–Ω —Ä—É—É –±“Ø—Ö —Ç”©—Ä–ª–∏–π–Ω —Ç—ç—ç–≤—Ä–∏–π–Ω —Ö—ç—Ä—ç–≥—Å–ª—ç—ç—Ä –∞—á–∞–∞ —Ç—ç—ç–≤—ç—Ä–ª—ç—Ö –∏–∂ –±“Ø—Ä—ç–Ω “Ø–π–ª—á–∏–ª–≥—ç—ç–≥ “Ø–∑“Ø“Ø–ª–∂ –±–∞–π–Ω–∞."
445,TULGA Dorjgotov,TulgaDorjgotov,3517,4460,0.9,10.6,"–£—Ä–ª–∞–≥ —Å—É–¥–ª–∞–∞—á, –±—É—Ä—Ö–∞–Ω —à“Ø—Ç—ç—ç–Ω —É—Ä–ª–∞–∞—á,
Clubhouse/Mongolian buddhist art,
Fb/–£—Ä–ª–∞–≥–∏–π–Ω –∑”©–≤–ª”©—Ö
Fb page/–ú–ë–® –£—Ä–ª–∞–≥–∏–π–Ω –∑”©–≤–ª”©—Ö Art consulting Mongolia 976-70111129"
446,”®–Ω”©”©–¥”©—Ä,PiratePartyMNG,18,4373,0.0,8.4,–û–¥–æ–æ —ç–Ω–¥..
447,2mg8lsu8mi0y2a,2mg8lsu8mi0y2a,29609,4201,6.7,12.3,"#MONGOLIAN,Based in #CHINA,over 10+ years | #Travel #Economy | #Sinologist | Travel | Tweets on ‰∏≠Âúã & #ËíôÂè§ÂõΩ | All views are my own. RTs,Like: ‚â† NOT Endorsement."
448,Otgoo,OtgooJadamba,2997,4165,1.7,4.9,Gerel media group director
449,Ariuka,ariunbaatard,4071,4156,1.0,11.0,Enterprise management
450,–®–∏–∂–∏—Ä,BaterdeneShijir,578,4146,0.2,10.4,
451,Skyler White,YaGirlSkyler,1743,4111,0.5,9.3,(Parody Account) SPOILERS *Not Affiliated to AMC Breaking Bad* I cheated on @YaBoiHeisenberg
452,Bijken boljmor,bultuush2,13317,4044,3.1,11.9,–ë–∏–æ –≥—ç–∂ –µ—Ä –Ω—å —é—É —á —é–º üòú
453,–≠—Ä–¥—ç–Ω—ç–±–∏–ª–≥“Ø“Ø–Ω,erdek15,7358,4025,1.4,14.5,"The world is a fine place and worth fighting for.

#Freelancer #Chevener #MScFinance #OTProud My tweets are my personal opinion"
454,Vipassana Mongolia,ShirendevD,2075,4008,0.5,11.2,–ú–æ–Ω–≥–æ–ª –æ—Ä–æ–Ω–¥ —à–∞—à–∏–Ω “Ø–ª —Ö–∞—Ä–≥–∞–ª–∑–∞–Ω —Ö“Ø—Å—Å—ç–Ω –±“Ø—Ö—ç–Ω–¥ –ë—É—Ä—Ö–∞–Ω—ã –∑–∞–∞—Å–∞–Ω –í–∏–ø–∞—à—è–Ω–∞ –±—è—Å–∞–ª–≥–∞–ª –∑–∞–∞–∂ –±–∞–π–Ω–∞...
455,Coco Crypto Chanel üöÄ,cococryptchanel,68,4002,0.0,5.2,Crypto Supporter Investor and Trader üá®üá≠ I am not a financial advisor
456,Ard Financial Group,ArdHoldings,2803,3953,0.8,9.2,"Ard Holdings will operate primarily in the financial services and investments, founded in 2005."
457,Magoosh English Learning,MagooshEnglish,2880,3943,0.8,9.5,"We help you ace the TOEFL and IELTS. Check out our blog here: https://t.co/oJT0wgDr8U. Prep smart, go far. Enjoy the ride."
458,–ë.–ë–∏–ª–≥“Ø“Ø–Ω –ë–∞–ë–∏,Babibabiclub,8596,3885,2.1,11.2,
459,Bitcoin Play üé≤üé∞üÉè,BtcPlay,146,3855,0.1,6.6,"Provably fair games. Poker, Blackjack, Roulette, Craps & more. No registration required. Anonymous and instant cash in & cash out. The best odds. Try us today!"
460,–û—Ç–≥–æ–æ,otgonbayar_9,8159,3840,2.4,9.4,–°–∏–π–ª–±—ç—Ä—á–∏–Ω —Ö“Ø–Ω
461,Davaa,Davaa77,12831,3783,2.8,12.8,"–ü—Ä–æ–≥—Ä–∞–º –∑–æ—Ö–∏–æ–≥—á –∏–Ω–∂–µ–Ω–µ—Ä, —Ö”©–ª–±”©–º–±”©–≥ —à–∞—Ç–∞—Ä —Ç–æ–≥–ª–æ—Ö, –º—ç—Ç–≥—ç–ª—Ü—ç—Ö –¥—É—Ä—Ç–∞–π"
462,Oojoo,Oojoom,58200,3768,15.8,10.2,
463,–≠.–ë–∞—Ç—Å—É—É—Ä—å,BatsuuriE,8314,3657,2.2,10.4,
464,Bolormaa Enkhbat,EnkhbatBolormaa,112,3626,0.3,1.1,–•–æ–≤–¥ –∞–π–º–≥–∏–π–Ω –ó–∞—Å–∞–≥ –¥–∞—Ä–≥–∞ | Governor of Khovd Province üçâ | Former Chief of Staff to the Prime Minister of Mongolia üá≤üá≥
465,Bayar,NyambayarEnhmaa,7,3527,0.0,7.3,
466,Munkh-Erdene Oidov,OidovMunkh,477,3330,0.1,9.6,–î—É–ª–∞–∞–Ω—ã –∏–Ω–∂–µ–Ω–µ—Ä
467,–î–∞–∞—à–∏–Ω–∑—Ç–∞–π –±v—Å–≥v–π,sainsanaa12,4959,3254,1.5,8.9,"–°–∞–π–Ω –±v—Ö–Ω–∏–π —Ç–µ–ª–µ–µ. –°–∞–π—Ö–∞–Ω –∞–∞—à—Ç–∞–π, —Ö–æ—Ä—Ö–æ–π–¥ —Ö–æ—Ä–≥v–π —Öv–Ω —àvv –±–∏, –≥–æ—ë –¥–∞–∞—à–∏–Ω–∑–∞–Ω–¥ –¥—É—Ä—Ç–∞–π, –ó–∏–∫–∞ –≤–∏—Ä—É—Å—ã–≥ —ç—Å—ç—Ä–≥vv—Ü–Ω—ç, —Ö—ç–∑—ç—ç —á —Ç–µ–ª–±–µ—Ä—Ç—ç–π –∂–∏—Ä–≥—ç—Ö–≥v–π"
468,–ì–∞–Ω–±–∞—Ç—ã–Ω –û–ß–ò–†–ë–ê–¢,Ochirbat2020,564,3203,0.5,3.0,"#”®–¥, #–¢–æ–¥–∏, #–•–∞—Ç–∞–¥, #–ê–º—Ç –±—Ä—ç–Ω–¥“Ø“Ø–¥–∏–π–≥ “Ø–π–ª–¥–≤—ç—Ä–ª—ç–≥—á ""–¢–Ω–≥—Ä–∏ –≥—Ä—É–ø–ø"", –ú–æ–Ω–≥–æ–ª —É–ª—Å—ã–Ω —Ö”©–≥–∂–ª–∏–π–Ω –≥–∞—Ä—Ü –¥–æ—Ç–æ–æ–¥—ã–Ω “Ø–π–ª–¥–≤—ç—Ä–ª—ç–ª –≥—ç–¥—ç–≥—Ç –∏—Ç–≥—ç–∂ “Ø–Ω—ç–º—à—Å—ç–Ω “Ø–π–ª–¥–≤—ç—Ä–ª—ç–≥—á–¥–∏–π–Ω —Ç”©–ª”©”©–ª”©–ªüò∑"
469,–î—ç–º–±—ç—Ä—ç–ª–∏–π–Ω –û–†–û–°–û–û,DOrosoo,1853,3161,0.4,11.6,"Hiking, Member of JCI, Governor of Bayangol District, Member of City Council, 2015 –æ–Ω—ã —É—Ä–∏–∞: —Ö—É—É–ª—å –¥—ç—ç–¥–ª—ç—Ö, —Ç–æ—Å–æ–≤ —Ö—ç–º–Ω—ç—Ö, —à–∏–ª—ç–Ω –¥–∞–Ω—Å, –∏–ª —Ç–æ–¥, –Ω—ç—ç–ª—Ç—Ç—ç–π –±–∞–π—Ö"
470,Iderbat,Iderbate,7345,3156,1.8,11.2,"@–ú–æ–Ω–≥–æ–ª –æ—Ä–Ω—ã —à—É–≤—É—É–¥ -Iderbat's Photography 
–®—É–≤—É—É–¥—ã–Ω –≥—ç—Ä—ç–ª –∑—É—Ä–∞–≥, –∑—É–≥–∞–∞—Ç–∞–π —Ç–∞–Ω–∏–Ω –º—ç–¥—ç—Ö“Ø–π."
471,ArdCoin,ard_coin,446,3141,0.3,4.6,Business & Finance Technology
472,Okhindoo,Okhindoo_D,4673,3128,1.1,12.2,–≠–∑–≥“Ø–π –∑—ç–ª“Ø“Ø–¥ –≥–∞–∑–∞—Ä –ª —è–≤–∂ –±–∞–π–≤–∞–ª –±—É—Å–∞–¥ –Ω—å —Ö–∞–º–∞–∞–≥“Ø–π —ç—ç...
473,Btg,tvshigee1,18887,3112,4.9,10.8,
474,Enkhzol,zolooo8998,2364,3059,0.6,10.3,
475,–ë–∏–π–º–∞–∞,BiimaaD,5348,3052,1.5,9.9,
476,üá≤üá≥–î–ê–ú–î–ò–ù–û–í,bjirgegch,320,3024,0.1,8.4,
477,Nuuled,NuuledB,24028,3012,5.7,11.7,
478,E.MN,MonEcologist,10455,2921,2.8,10.2,"–ê–≤–∞—Ö —Ö“Ø–Ω–¥ “Ø–≥ —ç—Ä—Ö—ç–º, –∞–≤–∞—Ö–≥“Ø–π —Ö“Ø–Ω–¥ “Ø–≥ —É–ª–∏–≥, –°—Ö–∞–Ω “Ø–≥–Ω—ç—ç—Å “Ø–Ω—ç—Ç—ç–π —ç—Ä–¥—ç–Ω—ç “Ø–≥“Ø–π"
479,–°–∞–∞–∫,sanjaa_89,31,2915,0.0,7.4,–°—É—Ä–∞—Ö–∞–¥ —Ö—ç–∑—ç—ç —á –æ—Ä–æ–π—Ç–æ—Ö–≥“Ø–π. –£—Ö–∞–∞–Ω —Å–æ—Ö–æ—Ä –±–æ–ª –Ω“Ø–¥ —Å–æ—Ö–æ—Ä –≥—ç–¥—ç–≥ —à“Ø“Ø —Ç–∞—Ä—Ö–∏–∞ –±–∞–π–Ω–≥–∞ —Ü—ç–Ω—ç–≥–ª—ç.
480,Claudia Assis,ClaudiaAssisMW,550,2890,0.1,10.6,Energy reporter with MarketWatch.
481,–ó–æ—Ä–∏–≥,Dornod_Zorig,1694,2876,0.6,8.2,Knowledge is POWER
482,Batbold.EÓ®Ä,E_Batbold,845,2777,0.2,11.1,
483,Zoloo,zoloo2314,168,2762,0.0,10.4,"”®–¥”©—Ä –±“Ø—Ä ”®”©–¥—Ä”©–≥  –±–∞–π–≥–∞–∞—Ä–∞–π, “Ø—Ä–≥—ç–ª–∂ –ì–æ—ë –±–∞–π–≥–∞–∞—Ä–∞–π"
484,Xa–ª–∏—É–Ωaa,haliunka89,76,2736,0.0,8.2,“Æ–π–ª—Å–∏–π–Ω –∑–∞—è–∞–≥–∞–∞ –±–æ–¥–ª–æ–æ—Ä–æ–æ —Ç—ç–≥—à–∏—Ç–≥—ç–∂ c–∞–Ω–∞–∞ –∞–ª–¥–∞–º —Ç–∞–ª–¥ ”©”©—Ä–∏–π–Ω –∑”©–Ω–≥”©”©—Ä ”©—Å”©–∂ c–∞–∞–ª–∏–π–Ω “Ø–Ω—ç—Ä—ç—ç—Ä ”©”©—Ä–∏–π–≥”©”© –≥–æ—ë—Å–æ–Ω –±–∏ –ú–æ–Ω–≥–æ–ª —ç–º—ç–≥—Ç—ç–π
485,86üåπ,Kinley_so,12988,2687,3.6,10.0,üôäüôâüôà
486,turbat,turuu_hw,2285,2675,0.6,10.3,–•–∏–π—Ö —ë—Å—Ç–æ–π —é–º–∞–∞ —Å–∞–π–Ω —Ö–∏–π
487,Uyanga MB,nomad_history,2121,2652,1.0,5.8,"–ù“Ø“Ø–¥—ç–ª—á–∏–Ω
–ù“Ø“Ø–¥—ç–ª—á–∏–Ω —Å–æ—ë–ª
#–ú–æ–Ω–≥–æ–ª—ã–Ω–ù“Ø“Ø–¥—ç–ª—á–¥–∏–π–Ω–°–æ—ë–ª–ò—Ä–≥—ç–Ω—à–∏–ª"
488,–£—Ä–∞–Ω–±–∏–ª—ç–≥–∏–π–Ω –î–∞—à,Dashdornod,3488,2575,0.8,12.1,
489,Enkhzul Na,peacelightt,28708,2567,6.3,12.6,Runner | Creator & Host of Sustainable Mongol Podcast since 2017 | ESG Analyst | Former Green Finance Officer & ESG Risk Analyst #BankingSector
490,Bayanbulag N.,BayanbulagN,511,2545,0.4,3.9,–ë“Ø—Ö –∑“Ø–π–ª–¥ —Å–∞–π–Ω —Ç–∞–ª –±–∞–π–∂ –ª –±–∞–π–¥–∞–≥.
491,—à–∞—Ä —Ç–∞–π–ª–∞–≥—á üá∫üá¶üá™üá∫üá∫üá∏,unurildino,8399,2525,2.4,9.6,
492,Bat-Otgon Bat-Ochir,bat_otgon_b,9203,2520,2.5,10.3,.
493,–û–π–¥–æ–≤ „Éü„ÇØ,IcsMiky,4515,2425,1.1,11.2,–ú—ç–¥—ç–∂ –±–∞–π–≥–∞–∞ –±“Ø—Ö–Ω—ç—ç –¥–∞–Ω–¥–∞–∞ –±–∏—Ç–∏–π —è—Ä—å. –Ø—Ä—å–∂ –±–∞–π–≥–∞–∞ –±“Ø—Ö–Ω—ç—ç —Ö–∞—Ä–∏–Ω –¥–∞–Ω–¥–∞–∞ –º—ç–¥—ç–∂ –±–∞–π
494,–ë–∏–¥ –ê—Ä–¥—á–∏–ª–ª—ã–Ω—Ö–∞–Ω,Ardchilal2021,898,2410,0.4,5.6,–ê—Ä–¥—á–∏–ª–∞–ª –º–æ–Ω–≥–æ–ª–¥ —Ö”©–≥–∂–∏—Ö–∏–π–Ω —Ç”©–ª”©”©
495,–ê–ª–º–∞–∞–∑–∞–Ω —É–Ω–∂–ª–∞–≥–∞—Ç,orgil100,10488,2350,2.8,10.4,–ê–º—å–¥—Ä–∞—Ö —Å–∞–π—Ö–∞–Ω. –£–ª–∞–∞–Ω–±–∞–∞—Ç–∞—Ä..
496,–ú–∞–Ω—É—É–ª–∂–∏–Ω,Manuuljin,10033,2330,2.5,11.0,
497,–î–ê–®–•“Æ“Æ –î–∞–≤–∞–∞–≥–∏–π–Ω,DDashkhuu,2577,2314,0.7,10.5,"–£—Å –≥—ç–≥—á —Ö–∞—Ä —á –∞–º—Å–≤–∞–∞—Å —Ä–∞—à–∞–∞–Ω –∞–∂, –•“Ø–Ω –≥—ç–≥—á –≥—ç–Ω—ç–Ω —á —É—Ö–∞–∞—Ä–≤–∞–∞—Å –º—ç—Ä–≥—ç–¥ –∞–∂ # Don‚Äôt say unforgettably bad words to inseparably good friends."
498,The facts XVG,XVGDolphin,113,2285,0.1,5.5,News & Info.
499,Ganbaatar.O,Ganbaatar1986,88,2255,0.0,9.3,–°–æ–Ω–≥–∏–Ω–æ—Ö–∞–π—Ä—Ö–∞–Ω –¥“Ø“Ø—Ä–≥–∏–π–Ω –ó–∞—Å–∞–≥ –¥–∞—Ä–≥—ã–Ω –æ—Ä–ª–æ–≥—á
500,Urbanist,ulaanbaatarite,4312,2236,1.1,11.1,
501,–ñ–£–î–ê–ì–ò–ô–ù –ú—ç–Ω–¥–±–∞—è—Ä,mendeemendee1,9674,2212,3.4,7.9,10 –¥–∞–≤–Ω–∞
502,–ñ.–ë–∞—Ç—Ç—É–ª–≥–∞,BachkaJB,8770,2204,2.4,10.2,–ë–∏–æ –±–∏—á–º—ç—ç—Ä–≥“Ø–π –±–∞–π–Ω–∞–∞
503,–ò—Ç–∞–∫–æ,itako999,17827,2191,3.8,13.2,–ú–æ–Ω–≥–æ–ª —Ö—ç–ª —Å—É—Ä—á —Å—É–¥–ª–∞—Ö —Ö–æ–±–±–∏—Ç–æ–π –Ω—ç–≥ —è–ø–æ–Ω —Ö“Ø–Ω. (–ú–æ–Ω–≥–æ–ª-–Ø–ø–æ–Ω –±—è—Ü—Ö–∞–Ω —Ç–æ–ª–∏–π–Ω –≥–∞—Ä—á–∏–≥ „É¢„É≥„Ç¥„É´Ë™ûË±ÜËæûÊõ∏:  https://t.co/yo793CaAoN)
504,ONDO,ondothatsit,553,2151,1.0,1.5,"We build tech that matters / startup based in Ulaanbaatar,Mongolia All gonna be #ONDO Why not"
505,–ë.–ê–º–∞—Ä–∂–∞—Ä–≥–∞–ª,_Amarjargal,8845,2110,1.8,13.9,@mercadocompany
506,A.Ebulgan,Ebulgan18,6677,2032,1.7,10.9,Brigham Young University-Hawaiiüèù Northern Illinois University üé°üá∫üá∏
507,Art of Zaya,artzaya,575,2013,0.1,11.3,—É—Ä–∞–Ω –∑—É—Ä–∞–≥—Ç –¥—É—Ä—Ç–∞–π –±–æ–ª –¥–∞–≥–∞–∞—Ä–∞–π
508,–®–∞–¥–∞—Ä —Å–∞–π–¥—ã–Ω –∞–∂–ª—ã–Ω –∞–ª–±–∞,Deppminister,42,2004,0.0,8.8,–®–∞–¥–∞—Ä —Å–∞–π–¥—ã–Ω –±–æ–ª–æ–Ω –∞–∂–ª—ã–Ω –∞–ª–±–∞–Ω—ã “Ø–π–ª –∞–∂–∏–ª–ª–∞–≥–∞–∞–Ω—ã –º—ç–¥—ç—ç–ª–ª–∏–π–≥ —Ö—É–≤–∞–∞–ª—Ü–∞—Ö
509,khulan,khulan15586982,182,1972,0.1,9.0,–ê–Ω—Ö–Ω—ã –±–æ—Ä–æ–æ –¥–∞–≥—É—É–ª—Å–∞–Ω –∂–∏—Ä–≥—ç—ç—á –ë–æ—Ä–æ–æ–Ω –¥—É—Å–∞–ª —à–∏–≥ –æ–ª–æ–Ω –Ω–∞–π–∑—Ç–∞–π –±–æ–ª–Ω–æ.
510,–ë–∞—Ç-–≠—Ä–¥—ç–Ω–∏–π–Ω –û–î–ë–ê–Ø–†,oduujin_1011,1324,1971,0.3,11.5,üá≤üá≥üá≤üá≥üá≤üá≥–ë–∞—è–Ω–∑“Ø—Ä—Ö –¥“Ø“Ø—Ä–≥–∏–π–Ω –ò–¢–•-—ã–Ω –¢”©–ª”©”©–ª”©–≥—á
511,–ê–ª—Å—ã–≥—Ö–∞—Ä–∞–≥—á-–¢–æ–ª—å–¥–æ–≥—á,alsharagch,2429,1955,0.8,9.0,"–ï–Ω–≥–µ—Ä—Å–Ω–∏–π–≥ —Ç–æ–ª—å–¥—Å—É
–ï–Ω–µ –∞–ª—Å—ã–≥ —Ö–∞—Ä—Å—É—É"
512,khishig88,khishigkhishig,3628,1951,1.0,10.2,
513,Tuvsho,tuvshok1,4052,1885,1.0,11.0,...—Ç–∞–π–≤–∞–Ω —ç–Ω–≥–∏–π–Ω —á–∏–º—ç—ç–≥“Ø–π –±–∞–π—Ö—ã–≥ –∏–ª“Ø“Ø–¥ “Ø–∑–Ω—ç.
514,–ú–∞–∑–∞–∞–ª–æ–π,bearmazaalai,14691,1877,4.0,10.3,–±–∞–∞–≤–≥–∞–π —É—á—Ä–∞–∞—Å —Ö”©–ª –±–æ–ª –∞–≤–∞—Ö—ã–º –±–∞–π—Ö–∫“Ø –º–∞–π–≥–∞. –±–∞–π–≥–∞–∞ –±–∞–π–¥–∞–ª –∑“Ø–≥—ç—ç—Ä –ª —Ö–∞–π–Ω–≥–∞. –±–∞–ª–∞–π —é–º —è—Ä–∏–Ω–∞ –±–∞–π–Ω–≥–∞
515,Robert Ritz,RobertERitz,4787,1875,0.9,14.8,"Building with data, one project at a time on https://t.co/xixnD8aTjJ."
516,Sairaan KADER,shlaars,9695,1865,2.2,12.4,support Ukraine
517,”®–≥”©–¥—ç–π¬©,cash_0214,4538,1815,1.1,11.1,Be strong
518,Starved Rock Lodge,StarvedRockLdge,3157,1794,0.6,13.7,"Located in beautiful Starved Rock State Park! Find us at One Lodge Lane; Oglesby, IL. Postal address: P.O. Box 570; Utica, IL 61373."
519,–≠–Ω—Ö–±–∞—Ç,7309Bat,1080,1742,0.3,9.2,–¢—ç–Ω–≥—ç—Ä–∏–π–Ω —Öv–ª—ç–≥—Ç—ç–π –ì–∞–∑—Ä—ã–Ω —Å–∞–ª—Ö–∏—Ç–∞–π –ì–∞–ª—ã–Ω —Ö–∏–π–º–æ—Ä—å—Ç–æ–π –ë–∏ –ú–æ–Ω–≥–æ–ª —Öv–Ω—ç—ç
520,–°—ç–ª—ç–Ω–≥–∏–π–Ω –î–æ–ª–≥–∏–æ,tseegii_repo,19562,1727,4.2,12.9,2010 –æ–Ω–æ–æ—Å –∂–∏—Ä–≥—ç—ç–Ω–¥ –Ω—ç–≥–¥—Å—ç–Ω —à–∏–Ω—ç–∫–æ–≤ :P
521,BB,bulgaa_engo,699,1718,0.2,10.8,
522,Enkhbat Roozon,Enkhbat_R,337,1659,0.1,7.8,
523,enhee,enhee94844648,118,1629,0.0,8.9,–≠–º—ç–≥—Ç—ç–π —Ö“Ø–Ω –≥—ç—ç–¥ –±–∏—Ç–≥–∏–π –≥–∞–¥—É—É—Ä—Ö–∞–∞–¥ –±–∞–π–≥–∞–∞—Ä–∞–π
524,Crypteaux,CryptoNatee,941,1588,0.2,12.1,FT #Bitcoin 2017
525,Purevtuvshin,purevtuvshin,3240,1586,2.4,3.8,"CEO, Mongolian Copper Corp"
526,Tsogzolmaa,Tsogzolmaa,1402,1586,0.3,13.7,
527,Gaaya,galsandondog,3386,1574,0.9,10.3,
528,üá≤üá≥khatanbaatar,71Khatnaa,2966,1574,0.8,10.0,–•–∞–º–≥–∏–π–Ω —Å–∞–π–Ω —ç–º—á –±–æ–ª —Ç–∞ ”©”©—Ä”©”©
529,Zugii (–ó”©–≥–∏–π),ZugiiMn,3354,1539,1.0,9.4,–•–æ—à–∏–Ω –¢–æ–π–º
530,Khulaka,mooyzi,3012,1529,0.7,12.0,"Marketer at ///, love to listen/see/feel creative minds"
531,Uuganjargal,UuganaAsel,217,1518,0.1,11.0,–•—ç—Ä—ç–≥ –∞–ª–≥–æ–æ :P
532,BattsetsegTuv,BattsetsegTuv,505,1517,0.4,3.8,"Mongolia's Consul in Chicago, career diplomat, mother, chess player"
533,–ü—Ä–æ–≥—Ä–∞–º—á –∞–∞–≤ üíª,biligunb,26528,1516,12.2,6.0,"”®”©—Ä”©”©—Ä”©”© –±–∞–π—Ö–∞–∞—Å –∏—á–∏—Ö–≥“Ø–π ü§û
2B +1% better 2day
https://t.co/bdZng1Xy0H"
534,Nagi,NagiOtgonshar,325,1470,0.1,9.9,"iBanker, Macalester‚Äô08, Harvard Business School'15, Unlock Podcast co-founder"
535,–ê—Ä–≥—É–Ω –ó.–ë–∞—Ç–∑–æ—Ä–∏–≥,batzoriga,5621,1439,1.3,11.8,"–ë—É–ª–≥–∞–Ω —Ö–∞–Ω–≥–∞–π–≥–∞–∞—Ä –Ω—É—Ç–∞–≥—Ç–∞–π, –ê—Ä–≥—É–Ω –æ–≤–æ–≥—Ç–æ–π, —Ç“Ø“Ø—Ö —Å–æ–Ω–∏—Ä—Ö–æ–≥—á –Ω—ç–≥—ç–Ω ..."
536,Bujee,bujee05,9022,1438,2.2,11.3,–Ø–≥ –±—É—Ä—Ö–∞–¥ —à–∏–≥ –∞–º–≥–∞–ª–∞–Ω –Ø–≥ —á”©—Ç–≥”©—Ä —à–∏–≥ –æ–º–≥–æ–ª–æ–Ω –Ø–Ω–∞–≥ —Å—ç—Ç–≥—ç–ª—ç—ç—Ä—ç ”©–ª—Å–≥”©–ª”©–Ω –Ø–≥ –ª —Ö“Ø“Ø—Ö—ç–¥ —à–∏–≥ –∞–º—å–¥—Ä–∞—Ö—Å–∞–Ω
537,–ë–æ–æ–≥–∏–π,boogii0713,1366,1359,0.4,9.7,–Ø—Ä–∏—Ö–∞–∞—Å –∏–ª“Ø“Ø—Ç—ç–π –±“Ø—Ç—ç—ç—Ö–∏–π–≥ —ç—Ä–º—ç–ª–∑–¥—ç–≥.
538,Bayaraa,abayraa,2798,1356,0.6,13.7,
539,–ë–∞—è—Ä—Ü—ç—Ü—ç–≥,Bayartsetseg2,668,1353,0.2,11.8,
540,–Ø.–ë–∞—è—Ä—Ö“Ø“Ø,yabkhuu,1493,1252,0.4,10.3,"–ú–£-—ã–Ω –ó”©–≤–ª”©—Ö –∏–Ω–∂–µ–Ω–µ—Ä, –ì–æ–ª—å—Ñ —Å–æ–Ω–∏—Ä—Ö–æ–≥—á, –ß–µ–ª—Å–∏ —Ñ–∞–Ω–∞—Ç"
541,–•“Ø“Ø—Ö—ç–¥ –Ω–∞—Å–Ω—ã –¥—É—Ä—Å–∞–º–∂,HuuhedNas,339,1246,0.1,8.8,–•“Ø“Ø—Ö—ç–¥ –Ω–∞—Å–Ω—ã —Ç–∞–Ω—å “Ø–Ω—ç—Ç—ç–π –¥—É—Ä—Å–∞–º–∂—ã–≥ —Ö—É–≤–∞–∞–ª—Ü–∞–Ω–∞. –î–∞–≥–∞—Å–∞–Ω —Ö“Ø–Ω –±“Ø—Ä–∏–π–≥ —ç—Ä–≥“Ø“Ø–ª–∂ –¥–∞–≥–Ω–∞
542,Michael Klecheski,MichaelKlechesk,14,1244,0.0,11.1,Former U.S. ambassador to Mongolia.
543,Munkhjargal Byamba,munkhjargalb,2206,1234,0.5,13.0,
544,Tom Tuvshinbat,TTuvshinbat,1979,1229,1.7,3.3,Think Big Act Local. tuvshinbat@gmail.com
545,Ganbayar Ganbaatar,mamblosh,15735,1227,3.8,11.6,"Fletcher School of Law and Diplomacy - A graduate school of international affairs - 
Retweets ‚â† endorsements"
546,–î.–ó–æ–ª–∂–∞—Ä–≥–∞–ª,Melo84654839,1514,1218,0.4,10.3,"–°–ø–æ—Ä—Ç —Å–æ–Ω–∏—Ä—Ö–æ–≥—á: –•”©–ª–±”©–º–±”©–≥, NBA, F1, –ñ—É–¥–æ, –ß”©–ª”©”©—Ç –±”©—Ö, –ë–æ–∫—Å, –ë–∞–π—Ç —Ö–∞—Ä–≤–∞–∞..... –Ω–∞–º–∞–π–≥ –¥–∞–≥–∞—Å–∞–Ω–¥ –±–∞—è—Ä–ª–∞–ª–∞–∞"
547,Ulambayar,Ulambayar_media,999,1179,0.2,11.4,–°—ç—Ç–≥“Ø“Ø–ª—á @NTVmn
548,·†Æ·†¢·†∞·†¢·†∂·†°·†Ø,Misheel331714,3338,1174,0.9,10.3,
549,–ì.–ì“Ø–Ω—á–∏–Ω-–ò—à,GunchinIsh,2134,1173,0.5,11.4,"–ë–∏–∑–Ω–µ—Å–∏–π–Ω —ç—Ä—Ö –∑“Ø–π—á, –±–∞—Ä–∏–ª–≥–∞—á–∏–Ω"
550,–¢—É–ª–≥–∞—Ä –¢”©—Ä,yygii28,3319,1156,0.7,12.4,–ú”©–Ω—Ö —Ç—ç–Ω–≥—ç—Ä–∏–π–Ω –¥–æ—Ä —Ç–æ–æ–Ω–æ—Ç –≥—ç—Ä —Ç—É–ª–≥–∞—Ä —Ç”©—Ä —Ç—É–≥ —Å“Ø–ª–¥ –º–∏–Ω—å “Ø“Ø—Ä–¥ –º–∞–Ω–¥–∞–Ω –±–∞–¥—Ä–∞–≥
551,Maagaa,Maagaa_mn,16494,1147,4.3,10.7,–û—Ä—á–ª–æ–Ω–¥ –±–∏ –æ–ª–æ–Ω —á –±–∏—à –≥–∞–Ω—Ü —á –±–∏—à...
552,Lkhagvasuren,InvestorLkhagva,1002,1139,0.8,3.6,Private Investment Manager | MASD registered investment advisor | Bond Dealer #–•”©—Ä”©–Ω–≥–∏–π–Ω–ó–∞—Ö–ó—ç—ç–ª #–≠–¥–∏–π–Ω–ó–∞—Å–≥–∏–π–Ω —à–∏–Ω–∂—ç—ç—á
553,nyamka yeruult,nyamka_y,5376,1127,1.4,11.0,Bioengineer Msc
554,–¢–æ–¥–æ–æ,topmodel_999,6658,1075,2.1,8.9,"–ë–∏–¥–Ω–∏–π –Ω–∏–π–≥—ç–º –∏–π–º –ª –±–∞–π–Ω–∞. –•“Ø–Ω –±–æ–ª–≥–æ–Ω –±–∏—á–∏–≥–¥—ç—ç–≥“Ø–π —Ö—É—É–ª–∏–π–≥ –º—ç–¥–¥—ç–≥, –º”©—Ä–¥–¥”©–≥. –ì—ç–≤—á “Ø“Ø–Ω–∏–π–≥—ç—ç –±—É—Å–¥–∞–∞—Å –Ω—É—É–¥–∞–≥."
555,üê¶—à–∞–∞–∑–≥–∞–π,shaazgai,3472,1046,0.8,12.0,"I think I just a ordinary man. 

#born.minimalist, #raised.introvert and donor üôè"
556,Mongolyn Bayarpurev,MBayarpurev,2223,1046,0.6,11.2,"–ë–∞–≥—à, –∏–Ω–∂–µ–Ω–µ—Ä, –º–∞—Ç-—Ñ–∏–∑–∏–∫–∏–π–Ω —à–∏–Ω–∂–ª—ç—Ö —É—Ö–∞–∞–Ω—ã —Å–æ–Ω–∏—Ä—Ö–æ–≥—á. –ú–æ–Ω–≥–æ–ª–¥ —á–∏–ø –¥–µ–∑–∞–π–Ω—ã —Å–∞–ª–±–∞—Ä—ã–≥ —Ö”©–≥–∂“Ø“Ø–ª—ç—Ö –≥—ç–∂ –Ω”©—Ö–¥–∏–π–Ω —Ö–∞–º—Ç –∑“Ø—Ç–≥—ç–∂ –±–∞–π–≥–∞–∞ –Ω—ç–≥—ç–Ω."
557,LeadsPedia,LeadsPedia,1138,1033,0.3,9.2,One #PerformanceMarketing Platform to Rule Them All! #LeadGeneration #affiliatemarketing #calltracking #callrouting #leaddistribution
558,Baatar Bulganbayar,bbulganbayar,3175,1029,0.8,10.7,"–ê—è–ª–∞–ª, –±–∞–π–≥–∞–ª—å —Ö–∞–º–≥–∞–∞–ª–∞–ª | Mongolia, Travel, Conservancy"
559,Eddie,UnagaMn,524,1008,0.1,10.1,
560,–ë–∏—á –ß–∏—á –•–∏—á—ç—ç –ú–∏—á—ç—ç,Cemon03,468,983,0.1,10.1,–ù–∏—Å–¥—ç–≥ –¥—ç–ª—Ö–∏–π–¥ –Ω–∏—Å–¥—ç–≥–≥“Ø–π —Ö“Ø–º“Ø“Ø—Å —Ö”©–ª—Ö”©–ª–¥–¥”©–≥ –≥—ç—Å—ç–Ω
561,Viva.MN,Viva_MN,1286,976,0.4,9.2,–ó–∞–ª—É—É—Å—ã–Ω —á”©–ª”©”©—Ç –º—ç–¥—ç—ç–ª–ª–∏–π–Ω —Å–∞–π—Ç http://t.co/u1vJ1GEAyk
562,Bolorkhuu,BolorkhuuD,672,955,1.5,1.2,IT Engineer Dipl.-Ing. from TU-Dresden. Control systems‚ñ™Ô∏è CI/CD‚ñ™Ô∏èQA‚ñ™Ô∏è write some code for embedded systems‚ñ™Ô∏èHobbies: üö¥‚õ∑Ô∏èüèä‚õ∞Ô∏èüçª‚òïüçï
563,mtravel.mn,MTravelmn,1037,941,0.3,9.8,–î—É—Ä—Å–∞–º–∂ –¥“Ø“Ø—Ä—ç–Ω –∞—è–ª–∞—Ö —É—Ç–∞—Å: 94077000 üá≤üá≥
564,–°“Ø—Ö—ç—ç,BatsukhBatsukh9,4121,897,1.1,10.5,–∏–Ω–∂–µ–Ω–µ—Ä
565,–ñ–ê–ù–ñ–ê–ê,bmbxpress,12030,896,4.3,7.7,"–ù—ç–≥ —Ö—É–Ω–¥–∞–≥–∞–∞—Ä –∞—Ä—Ö–∏ —É—É—Ö, –ù—ç–≥ –∞—è–≥–∞–Ω–∞–∞—Å –∞–π—Ä–∞–≥ —Å“Ø“Ø –∞–º—Å–∞—Ö—ã–Ω —ç—Å—Ä—ç–≥ —Ç—ç–º—Ü—ç–≥—á —Ö—É—É–ª–∏–π–Ω —Ç”©—Å”©–ª –º”©—Ä”©”©–¥”©–≥—á –Ω—ç–≥—ç–Ω"
566,S.Luvsantsoodol,SLuvsantsoodol,102,875,0.0,10.1,"–ß–∏ ”©”©—Ä–∏–π–Ω—Ö”©”©—Ä”©”© –∞–º—å–¥–∞—Ä, –Ω—ç–≥ –Ω—ç–≥–Ω–∏–π –±–∞–≥–∏–π–Ω –Ω–∞–∞—Ö —Ö—ç—Ä—ç–≥–≥“Ø–π"
567,Sh_Zobat,Zorigoo_Sh,1705,875,0.4,11.3,–ë—É—Å–¥—ã–≥ —Å–æ–Ω—Å–æ–∂ —Å—É—Ä–∞—Ö —Ö—ç—Ä—ç–≥—Ç—ç–π.–ë—É—Å–¥—ã–≥ —Ç—ç–≤—á—ç—ç—Ä—Ç—ç–π —Å–æ–Ω—Å–æ–∂ —Å—É—Ä–Ω–∞ –≥—ç–¥—ç–≥ —Ö–∞—Ä–∏–ª—Ü–∞–∞–Ω—ã —Ç–æ–º —Å–æ—ë–ª–æ–æ—Å –≥–∞–¥–Ω–∞ —Ç–æ–º —Ö“Ø–Ω–¥—ç—Ç–≥—ç–ª –º”©–Ω.
568,Ankhbayar Byambajargal,anhaa29a,1668,858,0.4,11.5,Software Engineer
569,–£–ù–®–ò–ì–ß,Tsogtbayar125,550,856,0.1,11.1,SOCIALIST
570,–•–∞—Ç–∞–≥—Ç–∞–π ,Khatagtai,1144,850,0.3,9.3,
571,Togtokhbayar,Togtokhbayar_P,1,826,0.0,9.1,"–≠—Ä–º—ç–ª–∑—ç–ª—Ç—ç–π “Ø–π–ª–¥—ç–ª
–ï—Ä—Ç”©–Ω—Ü–∏–π–≥ —ç—Ä–≥“Ø“Ø–ª–Ω—ç."
572,dashdemberel,dashdemberel_ts,163,809,0.0,10.7,"”®–Ω–≥”©—Ä—Å”©–Ω –±–æ–ª —Å—É—Ä–≥–∞–º–∂, ”©–Ω”©”©–¥”©—Ä –±–æ–ª–æ–º–∂, –∏—Ä—ç—ç–¥“Ø–π –±–æ–ª –±—ç–ª—ç–≥."
573,–í–∏—Ä—Ç—É–∞–ª –ê–∫–∞–¥–µ–º–∏,gmbacademy,635,802,0.2,8.1,–í–∏—Ä—Ç—É–∞–ª –ê–∫–∞–¥–µ–º–∏ –Ω—å –æ—Ä—á–∏–Ω “Ø–µ–∏–π–Ω —Ö—ç—Ä—ç–≥—Ü—ç—ç —à–∞–∞—Ä–¥–ª–∞–≥–∞–¥ –Ω–∏–π—Ü—Å—ç–Ω —á–∞–Ω–∞—Ä—Ç–∞–π —Å—É—Ä–≥–∞–ª—Ç—É—É–¥—ã–≥ –∏—Ä—ç—ç–¥“Ø–π–Ω –∏–Ω–∂–µ–Ω–µ—Ä“Ø“Ø–¥—ç–¥ —Å–∞–Ω–∞–ª –±–æ–ª–≥–æ–∂ –±–∞–π–Ω–∞.
574,–°–º–∞—Ä—Ç –ë–∞—Ä–∏–ª–≥–∞,oyuntseren2,371,785,0.1,10.1,"–ë–∞—Ä–∏–ª–≥–∞ —É–≥—Å—Ä–∞–ª—Ç, –∑–∞—Å–∞–ª —á–∏–º—ç–≥–ª—ç–ª, —Å–∞–Ω—Ç–µ—Ö–Ω–∏–∫, –¥–æ—Ç–æ—Ä —Ü–∞—Ö–∏–ª–≥–∞–∞–Ω, —Ö–æ–ª–±–æ–æ –¥–æ—Ö–∏–æ–ª–æ–ª—ã–Ω –∞–∂–∏–ª —Å–∞–π–Ω —á–∞–Ω–∞—Ä—Ç–∞–π —Ö–∏–π–∂ –≥“Ø–π—Ü—ç—Ç–≥—ç–Ω—ç."
575,Zbahw,z_bayarmaa,1291,772,0.4,10.2,
576,–ò—Ö –ú—è–Ω–≥–∞—Ç –æ–≤–æ–≥—Ç,BaruunZaskhud,14192,764,4.7,8.3,–ê–º—å–¥—Ä–∞–ª —ç–Ω–≥–∏–π–Ω —Ç—É—Å–º–∞–∞ –ñ–∞—Ä–≥–∞–ª—Ç–∞–π
577,Khongorzul,Khongor123,125,745,0.0,7.5,"–ë–∏–¥–Ω–∏–π –º—ç–¥—ç—Ö –∑“Ø–π–ª –º–∞–∞–Ω—å —Ö—è–∑–≥–∞–∞—Ä—Ç–∞–π, –º—ç–¥—ç—Ö–≥“Ø–π –∑“Ø–π–ª –º–∞–∞–Ω—å –ª —Ö—è–∑–≥–∞–∞—Ä–≥“Ø–π."
578,Nick,NickMGL,9066,715,2.8,9.1,
579,–ì–∞–Ω–±–∞–∞,GanbaaGanbaa5,43612,697,17.4,7.0,
580,Cengel,Cengelbb,105,691,0.0,12.4,
581,–ë.–ê–º–≥–∞–∞,am_gaa,1,688,0.0,10.9,
582,Ganbold GANTULGA,g_gantulga,33,688,0.0,10.4,
583,–ñ–∏—Ä–≥—ç—ç—á –ó–∞—Ö–∏—Ä–∞–ª,JirgeeZakhiral,4,687,0.0,2.8,#1 –ú–æ–Ω–≥–æ–ª –¥–∞—Ö—å –¢–≤–∏—Ç—Ç–µ—Ä–∏–π–Ω –î–∞—Ä–≥–∞             –ñ. –ó–∞—Ö–∏—Ä–∞–ª
584,Zori,batarig,2555,685,0.7,10.4,
585,A.Altantuya,Altantuya2018,250,671,0.1,8.9,
586,–ë.–ù–û–ú–£–£–ù,jargalmaaT,2,657,0.0,9.1,–ú–∏–Ω–∏–π “Ø–∑—ç–ª –±–æ–¥–ª—ã–Ω –æ—Ä–æ–Ω –∑–∞–π... –ß–∞–º–¥ —Ç–∞–∞–ª–∞–≥–¥–∞—Ö –∞–ª–±–∞–≥“Ø–π.Made in Mongolia
587,Shiileg,shiileg1102,607,650,0.2,8.3,
588,oyu,oyu_200,459,645,0.1,11.8,
589,S.Ganbaatar Javkhlan,ganbaatar_s,151,638,0.0,10.5,
590,bagaademjie,tseku1029,3328,616,0.7,12.8,"–°–ø–æ—Ä—Ç, —Ç“Ø“Ø—Ö, —Å–æ–Ω–∏–Ω —Å–∞–π—Ö–∞–Ω –±“Ø—Ö—ç–Ω–¥ –¥—É—Ä–ª–∞–≥—á, –±–∞—Å —Ç—É—Ä—à–∏–≥—á :)"
591,–≠–Ω—Ö,enkhee_enkh,3759,615,0.9,11.0,–•”©—Ä”©–Ω–≥–∏–π–Ω “Ø–Ω—ç–ª–≥—ç—ç—á–∏–Ω –±–æ–ª–æ—Ö–æ–æ—Ä –º–∞–≥–∏—Å—Ç—Ä –∑—ç—Ä—ç–≥ –≥–æ—Ä–∏–ª–æ–≥—á –∞–∞–≤—ã–Ω —ç—Ä—Ö –æ—Ö–∏–Ω
592,Enkhjargal,Enkheebio,2214,607,0.7,8.3,
593,Mangaa,bayarg,604,604,0.1,12.5,
594,Chingis Gantuya,OIMS7,236,602,0.0,13.9,"–¥–∏–∂–∏—Ç–∞–ª –∞—Ä—Ö–∏–æ–ª–æ–≥–∏—á, 
#solgoi_system"
595,LIME,LimeAppOfficial,432,597,0.5,2.6,"–î—É–≥–∞–∞—Ä—Ç–∞–π, —è—Ä–∏–∞–Ω—ã –∞–ø–ø. –î—ç–ª—Ö–∏–π–Ω –ú–æ–Ω–≥–æ–ª—á—É—É–¥–¥–∞–∞ –∑–æ—Ä–∏—É–ª–∞–≤."
596,batnaa,85Batnaa,26,574,0.0,10.3,mongiig bish huniig hair l
597,baatar,baatar01,1451,573,0.6,7.2,sain yav
598,–ì. –£—è–Ω–≥–∞,g_uyanga12,1541,564,0.4,10.3,"Cross design Lab
Soongsil University in Korea"
599,–¢”©–≥—Å,UrantugsSayakhu,1071,555,0.3,11.6,"–•“Ø—Å—ç—Ö–≥“Ø–π –±–∞–π–≥–∞–∞ –∑“Ø–π–ª–¥ —à–∞–ª—Ç–∞–≥, –•“Ø—Å—á –±—É–π –∑“Ø–π–ª–¥ –∞—Ä–≥–∞ “Ø—Ä–≥—ç–ª–∂ –æ–ª–¥–¥–æ–≥"
600,Munh-Erdene,BiMunh,4030,541,1.1,10.3,
601,–î–∞—à—Ü—ç—Ä—ç–Ω –¢–£–õ–ì–ê,3dtulga,75,533,0.0,9.2,
602,Sodgerel buhgerel,sodooshd,362,512,0.1,8.0,–î–∞–≥–∞–∞–≥“Ø–π —Ö“Ø–Ω–∏–π–≥ –¥–∞–≥–∞—Ö–∞–∞ –±–æ–ª–∏–Ω–æ –¥–∞—Ä—É—É—Ö–∞–Ω –∑–∞–Ω—Ç–∞–π –Ω—ç–≥—ç–Ω...
603,Die Lisa,dielisa67,731,503,2.6,0.8,"Hallo, ich bin die Lisa und neu hier. Wer Lust hat √ºber nette, geile Sachen zu plaudern, folgt mir einfach!"
604,RonyfxUK,RonyfxUK,569,491,0.2,9.8,Forex Trader
605,–ì–∞—Ä–∞–º,ol_garam,1948,476,0.5,10.9,
606,Luba Buya,LubaBuya,246,457,0.1,10.4,
607,Chuluunbaatar,chuluunbaatar,47,437,0.0,16.1,Official
608,Bayartsogt Yadamsuren,_tsogoo_,1553,415,0.5,8.7,Machine Learning Engineer  | Kaggler
609,Ambra Amar,amartaivan_s,72,399,0.0,10.3,–ú”©–Ω–≥–∏–π–≥ —á–∏–Ω—å –±—É—É—Ç–∞–π –∑–∞–ª—É—É–≥–∞–∞—Å –∏–ª“Ø“Ø —Ü“Ø–Ω—Ö—Ç—ç–π —Ö—É—É–ª—å—á —Ö—É–ª–≥–∞–π–ª–∂ —á–∞–¥–Ω–∞.
610,Burmashka Baterdene,buram_buram,1117,389,0.3,10.2,
611,NY,nyamde,94,381,0.0,13.9,
612,Oyuntuya ,Oyuntuya_m1,43,377,0.0,10.4,–ì—ç–≥—ç—ç—Ä–ª–∏–π–Ω —ç—Ö–ª—ç–ª –Ω—å ”©”©—Ä–∏–π–≥”©”© —Ç–∞–Ω–∏—Ö–∞–¥ –æ—Ä—à–∏–Ω–æ. /–ì—ç–≥—ç—ç—Ä–ª–∏–π–Ω —ç—Ö–ª—ç–ª –Ω–æ–º–Ω—ã —Ö—ç—Å–≥—ç—ç—Å/
613,Kimura-j ORG honey-K,org_kyoto,775,361,0.4,5.9,Ëæ≤Áí∞Â¢É„Éá„Ç∂„Ç§„Éä„Éº Ëæ≤Ê•≠„Ç≥„É≥„Çµ„É´„Å®honeyK„Åß‰∫¨ÈÉΩÂ∏ÇÁî£ËúÇËúú‰Ωú„Å£„Å¶„ÅÑ„Åæ„Åô„ÄÇ
614,–•“Ø—Å—ç–ª–ó–æ—Ä–∏–ª–≥–æ–æ–ù—ç–≥—Ç–≥—ç–µ,khuszorineg,24,340,0.0,8.7,"–•“Æ–°–≠–õ –ó–û–†–ò–õ–ì–û–û –ù–≠–ì–¢–ì–≠–ï
 “Ø–Ω–¥—ç—Å–Ω–∏–π —Ö”©–¥”©–ª–≥”©”©–Ω. 
—É—Ç–∞—Å: 70110070"
615,–≠.–¢“Ø–≤—à–∏–Ω–º”©–Ω—Ö,Tuvshinmunkh,772,335,0.2,11.1,"–•“Ø—á—Ç—ç–π —ç—Ä–º—ç–ª–∑—ç–ª –±–∞–π—Å–∞–Ω —Ü–∞–≥—Ç 
–•“Ø—Ä—ç—Ö –∑–∞–º –∞—è–Ω–¥–∞–∞ —Ç–æ–¥–æ—Ä–Ω–æ..."
616,MnElectorate,Electorate2020,171,327,0.1,3.9,
617,hulan,UnHulan,15,324,0.0,11.2,"Facebook: https://t.co/KgFskgYU7J
Twitter: https://t.co/2QmfX4v0C2
Linkedin: https://t.co/ej0pdb9bB8
Instagram: https://t.co/h6ZxwoKtNP"
618,Mongol busgui,mongol80661528,7,313,0.0,11.0,
619,...::: LEO :::...,DavinciFuLL,139,312,0.0,9.4,"...::: Supervision Broadcasting Network-TV At Engineer , Filmscript researcher. –ë—É—Å–¥—ã–≥ —Ç–∞–Ω–∏—Ö—ã–Ω —Ç—É–ª–¥ –≠—Ö–ª—ç—ç–¥ —Ö–∞–π—Ä–ª–∞—Ö —Ö—ç—Ä—ç–≥—Ç—ç–π."
620,TS. Delgerbayar,delgerbayar0711,1,311,0.0,11.8,
621,‚ô•MADLINAA‚ô•,kisses_laura,1986,304,0.5,10.4,–¢–ê–õ–´–ù –•”®–• –ß–û–ù–û–ù–î –ù–û–•–û–ô–ù –ê–ú–¨–î–†–ê–õ –ó–û–•–ò–•–ì“Æ–ô (–ó–æ–≤–ª–æ–Ω—Ç–Ω—ã –∂–æ–ª–æ–æ—á –∑–æ–ª–≥“Ø–π—Ç–Ω–∏–π–≥ —ç–º—á–ª—ç–≥—á)   —Ö“Ø–Ω–¥ —Ç—É—Å —Ö“Ø—Ä–≥—ç–Ω—ç –≥—ç–¥—ç–≥ –±–æ–ª “Ø—Ä —Ö–æ–π—á–¥–æ–æ –±—É—è–Ω —Ö—É—Ä–∞–∞–∂ –±–∞–π–Ω–∞ –≥—ç—Å—ç–Ω “Ø–≥
622,–û—Ç–≥–æ–æ,9919Cent,452,297,0.1,10.3,
623,Javkha,jCHonos,35,288,0.0,10.3,–∞–≤–∞—Ö –≥—ç—ç—Ö–∏–π–Ω —É—Ö–∞–∞–Ω
624,–¶.–û—Ç–≥–æ–Ω—Ç–æ–¥—Ä–æ—Ö,Otgontodrokh,7,284,0.0,8.1,
625,Dogsom Bolormaa,BolormaaDogsom,143,274,0.0,10.9,
626,saruul,saruul207,25,268,0.0,8.3,my story
627,sainzayabaasanhuu,sainzayabaasanh,32,265,0.0,10.9,
628,Joseph Trimmer,josephtrimmer_,158,259,0.0,11.9,COO https://t.co/RXv8O33oXB Building the Social Media of Brick and Mortar to help Businesses and Entrepreneurs grow üí∞üöÄ üì±ü§≥üëáüèª
629,munkhuu,t_munkhuu,14,245,0.0,10.8,
630,amartour,amartourgo,0,233,0.0,8.6,"–î–æ—Ç–æ–æ–¥–¥–æ–æ, —Ö–æ–≥–≥“Ø–π, —Å–æ—ë–ª–æ–æ—Ä –¥“Ø“Ø—Ä—ç–Ω —Å—ç—Ç–≥—ç–ª —Ö–∞–Ω–≥–∞–ª—É—É–Ω –∞—è–ª—Ü–≥–∞–∞—è...."
631,Miguel Garcia,MikezGarcia,1225,230,0.3,10.8,"Software Engineer at @InOrbitAI and Articles Author at @realpython

MSc in Computer Science, I like working with open source techs and playing guitar."
632,Jekyll Themes,jekyllthemesio,141,201,0.1,7.6,"A curated directory of the best premium + free Jekyll themes for your Jekyll blog or website, created by @mikeharmer"
633,t.shinebayar_123,shinebayar_123,100,196,0.0,9.0,
634,Bolortsetseg,deluxq,190,194,0.0,12.5,–±–∏ 5-–Ω “Ø—Ä–∏–π–Ω —ç—ç–∂
635,–•–∏—à–∏–≥–¥–∞–≤–∞–∞,khishigdavaa1,68,193,0.0,11.2,–ê–∂–∏–ª—á–∏–Ω
636,eernaa,ejl_g,48,178,0.0,10.1,
637,Urnaa,urnaa28,137,165,0.0,8.4,
638,Enkhee,enkhtsetseg15,82,164,0.0,11.3,Manager of FA
639,puujee,puujee6317,1,152,0.0,10.3,
640,N.Erdene,Erdene,377,131,0.1,14.3,
641,–°–æ–ª–æ–Ω–≥–æ,solongo_soka,21,125,0.0,11.1,"Economist üë©‚Äçüéì
üá≤üá≥üá≤üá≥üá≤üá≥"
642,otgonzaya dalantai,Otgoo9119,12,116,0.0,10.5,I‚Äôm what I am üòé
643,–ë—è–º–±–∞–∑–∞—è–∞,BzayaHu,12,107,0.0,10.3,–ù—ç—Ä “Ø–ª–¥—ç–∂ –ë–∏–µ “Ø—Ö–¥—ç–≥–∏–π–≥ –±“Ø“Ø –º–∞—Ä—Ç
644,t.baterdene,baterdene_t,1,83,0.0,7.5,
645,Batmunkh,batmunkh68,6,66,0.0,9.8,
646,Odgerel oogii,Otgontsaram,2,66,0.0,7.9,
647,key,key36447759,0,63,0.0,8.3,
648,–¢“Ø—à–∏–≥,B_Tushig,21,47,0.0,10.9,
649,Crypto Cities,crypto_cities,10,43,0.0,5.1,"Collect, Trade, and Win Cities on the Blockchain"
650,ŸÅÿ≠ŸÑ ŸÑŸÑÿ≠ÿ±ŸäŸÖ,f_llhrym,11,41,0.0,1.1,ŸÜŸäŸÉ ÿ¨ŸÖÿßÿπŸâ
651,Bat.j,bat_major,33,39,0.0,10.2,
652,Ulambayar,Ulambay49255546,1,29,0.0,8.2,
653,batsuren,batsure98358363,61,25,0.0,4.5,
654,–°–æ–ª–æ–Ω–≥–æ,RadugasokoSoko,151,25,0.0,8.8,
655,Khishgee Damchaa,khishqeed,142,24,0.2,1.9,
656,Baachka Baatarsvkh,BBaatarsvkh,3,21,0.0,8.7,
657,DataEngineer,coderjs1,104,18,0.1,3.1,"Data engineer, Python enthusiast, and master of #Databricks and #AzureDevOps. My passion lies in transforming raw data into actionable insights."
658,sarangoo,goosarangoo89,0,17,0.0,6.7,
659,Enkhbat Sundui,enkhbatsu,13,8,0.0,6.8,
660,Batmunkh Ukhna,BUkhna,5,8,0.0,8.8,
661,Batmunkh,bat032717,4,4,0.0,7.1,
662,Streamlit,StreamLitApp,0,2,0.0,5.5,
