,tweets,retweets,maker
106,"RT @enkhbat: –°–∞–π–Ω —Ü–∞–≥, –º—É—É —Ü–∞–≥–∏–π–≥ —è–∞–∂ —è–ª–≥–∞—Ö –≤—ç –ë–∞–≥—à –∞–∞? 
–ü—Ä–æ—Ñ. –ß–æ–π.–õ—É–≤—Å–∞–Ω–∂–∞–≤: –°–∞–π–Ω —Ü–∞–≥—Ç —Å–∞–π–Ω —Ö“Ø–º“Ø“Ø—Å, —Ö–∞—Ä–∏–Ω –º—É—É —Ü–∞–≥—Ç –º—É—É —Ö“Ø–º“Ø“Ø—Å –ª  –¥—ç—ç—à—ç—ç –∏—Ö‚Ä¶",624,enkhbat
109,"RT @enkhbat: –ß–∞–¥–∞–ª—Ç–∞–π —Ö“Ø–º“Ø“Ø—Å –±“Ø—Ç—ç—ç—Å–Ω—ç—ç—Ä—ç—ç –≥–æ—ë–¥–æ–≥. –°—É–ª —Ö“Ø–º“Ø“Ø—Å —Ö—ç—Ä—ç–≥–ª—ç—ç–≥—ç—ç—Ä—ç—ç –≥–æ—ë–¥–æ–≥. –≠–Ω—ç –±–æ–ª —Ö“Ø–Ω–∏–π–≥ —Ç–∞–Ω–∏—Ö —Ö–∞–º–≥–∏–π–Ω —ç–Ω–≥–∏–π–Ω, —á—É—Ö–∞–ª —à–∏–Ω–∂ —Ç—ç–º–¥–≥–∏–π‚Ä¶",283,enkhbat
10,"RT @Ambaselmaa11: ""”®”©—Ä—Ç”©”© –æ–π—Ä —Ö“Ø–Ω–∏–π–≥ —Ö”©”©—Ä –±–∞—è—Ä—Ç–∞–π –±–∞–π–ª–≥–∞–≤–∞–ª —Ö–æ–ª –±–∞–π–≥–∞–∞ —Ö“Ø–Ω ”©”©—Ä”©”© —Ç–∞–Ω—ã–≥ —Ö–∞–π–∂ –∏—Ä–¥—ç–≥"" ... –ö“Ø–Ω–∑",253,Ambaselmaa11
40,"RT @Uyanga_ts: –ê—Ö –¥“Ø“Ø, —Ö—É–¥ —É—Ä–∞–≥, –∞–º—Ä–∞–≥ —Å–∞–¥–Ω–∞–∞—Ä–∞–∞ –ú–ê–ù, –ê–ù –¥–∞–≥–Ω–∞—Å–∞–Ω —É–ª—Å —Ç”©—Ä, –∞–ª–±–∞–Ω —Ç—É—à–∞–∞–ª—ã–Ω –∂–∏—Ö—ç–Ω—ç –ú–ê–ù–ê–ù. –û–¥–æ–æ –∑“Ø–≥—ç—ç—Ä #–ó–ê–ô–õ–¶–ì–ê–ê! https://t.co‚Ä¶",187,Uyanga_ts
127,"RT @enkhbat: –ó”©–≤—Ö”©–Ω “Ø—Ö—Å—ç–Ω –∑–∞–≥–∞—Å –ª —É—Ä—Å–≥–∞–ª –¥–∞–≥–∞–∂ —Ö”©–≤–¥”©–≥ 
  - –û—Ä–æ—Å –∞—Ä–¥—ã–Ω “Ø–≥

(”®”©—Ä–∏–π–Ω —Ç–æ–ª–≥–æ–π–≥“Ø–π —Ö“Ø–Ω –ª –æ–ª–æ–Ω—Ö–∏–π–≥ —Ö–∞—Ä–∞–Ω—Ö—É–π –¥–∞–≥–∞–¥–∞–≥)",155,enkhbat
63,"RT @naranbayarp: –ë–∞—è–Ω–∑“Ø—Ä—Ö –¥“Ø“Ø—Ä–≥–∏–π–Ω 22-—Ä —Ç–æ–π—Ä–æ–≥—Ç –æ—Ä—Å–æ–Ω —Ö–æ—Ä–æ–æ–¥: 4, 5, 6, 8, 13, 14, 15, 16, 18, 25, 26. –ù–∏–π—Ç 11 —Ö–æ—Ä–æ–æ –±–∞–π–Ω–∞. –û–ª–æ–Ω –º—É–Ω–¥–∞–≥ —Ö“Ø–Ω—Ç‚Ä¶",144,naranbayarp
61,RT @enkhbat: –ë–æ–ª–æ–≤—Å—Ä–æ–ª—Ç–æ–π –≥—ç–∂ –∑”©–≤—Ö”©–Ω –º—ç—Ä–≥—ç–∂–ª–∏–π–Ω –º—ç–¥–ª—ç–≥—Ç—ç–π –≥—ç—Å—ç–Ω “Ø–≥ –±–∏—à. –ë–æ–ª–æ–≤—Å—Ä–æ–ª—Ç–æ–π –≥—ç–∂ –º”©–Ω –Ω–∏–π–≥–º–∏–π–Ω—Ö—ç—ç “Ø–Ω—ç—Ç –∑“Ø–π–ª—Å–∏–π–≥ —à–∏–Ω–≥—ç—ç—Å—ç–Ω —Ö“Ø–Ω–∏–π–≥ —Ö—ç–ª‚Ä¶,141,enkhbat
26,RT @batengineer: –ê—Ä–≥–∞–ª–∏–π–Ω —Å“Ø—Ä—ç–≥—Ç —Ö”©–≥—à–∏–Ω —Ö—É—Ü–Ω—É—É–¥ –Ω—å –¥–∞–Ω—Ö–∞—Ä —ç–≤—Ä—ç—ç—Ä—ç—ç –¥–∏–π–ª—ç—ç–¥ –±—Ö–∞–∞—Ä —Å“Ø—Ä—ç–≥ ”©—Å”©—Ö”©”© –±–∞–π–¥–∞–≥. –ò–π–º—ç—ç—Å –Ω—É—Ç–≥–∏–π–Ω –∞–Ω—á–∏–¥ –∞–ª—å —É–¥—Å–∞–Ω—ã–≥ –Ω—å —É‚Ä¶,127,batengineer
165,RT @batengineer: –ú–ò–ê–¢ –∫–æ–º–ø–∞–Ω–∏ 2 —à 767 –æ–Ω–≥–æ—Ü–æ–æ—Ä–æ–æ –•—è—Ç–∞–¥-–ï–≤—Ä–æ–ø—ã–Ω —Ö–æ–æ—Ä–æ–Ω–¥ —ç–º–Ω—ç–ª—ç–≥–∏–π–Ω —Ö–∞–Ω–≥–∞–ª—Ç –∑”©”©–∂ –±–Ω. –î—ç–ª—Ö–∏–π–Ω –±–∞—Ä–∞–≥ –±“Ø—Ö –∞–≤–∏–∞–∫–æ–º–ø–∞–Ω–∏ –Ω–∞–º –∑–æ–≥—Å–æ–æ‚Ä¶,127,batengineer
412,"RT @narmandakh_e: –≠—Ä–∏–π–Ω –≥—É—Ä–≤–∞–Ω –Ω–∞–∞–¥–∞–º –±”©–º–±”©—Ä—Ü”©–≥–∏–π–Ω —Ö–∞–∞–Ω–∞ —á –¥–∞–≤—Ç–∞–≥–¥–∞—à–≥“Ø–π —Å–æ—ë–ª–æ–æ—Å –≥–∞–¥–Ω–∞
–ú–æ–Ω–≥–æ–ª —É–ª—Å –æ—Ä—à–∏–Ω —Ç–æ–≥—Ç–Ω–æ—Ö –¥–∞—Ä—Ö–ª–∞–∞–Ω—ã –Ω—ç–≥ —Ö—ç—Å—ç–≥ –º”©–Ω http‚Ä¶",125,narmandakh_e
69,"RT @enkhbat: –û–ª–æ–Ω —Ö“Ø–Ω —Å–∞–π—Ö–∞–Ω –∞–º—å–¥—Ä–∞–ª–¥ —Ö“Ø—Ä–≥—ç—Ö —É–Ω–∞–∞ —Ö“Ø–ª—ç—ç—Å—ç—ç—Ä... –ú–∞–π–¥–∞—Ä –±—É—Ä—Ö–∞–Ω –∑–∞–ª–∞—Ä—á, —ç—Å–≤—ç–ª –Ω—ç–≥ —Å–∞–π–Ω —É–¥–∏—Ä–¥–∞–≥—á —Ç”©—Ä–∂ –∂–∞—Ä–≥–∞–∞—Ö—ã–≥ —Ö–∞—Ä—Å–∞–∞—Ä. –•–∞—Ä–∞–º—Å‚Ä¶",124,enkhbat
86,"RT @enkhbat: –ë–∏–¥ –∞–º—å –∞–º–∏–∞ –±–æ–¥–æ–æ–¥ –∞–º–∏–∞ –ª —Ö–∞–≥–∞—Å –¥—É—Ç—É—É —à–∏–π–¥–Ω—ç. –•“Ø–Ω –±–æ–ª –Ω–∏–π–≥–º–∏–π–Ω –∞–º—å—Ç–∞–Ω. –ê–º—å–¥—Ä–∞–ª—ã–Ω —á–∞–Ω–∞—Ä—ã–Ω 90% ”©”©—Ä”©”©—Å –Ω—å –±—É—Å –æ—Ä—á–∏–Ω, –Ω–∏–π–≥–º—ç—ç—Å –Ω—å‚Ä¶",113,enkhbat
49,RT @Ambaselmaa11: “Æ–Ω—ç—Ö—ç—ç—Ä –º—É—É—Ö–∞–π —é–º —è—Ä—å–∂–∞–≥–∞–¥ —É—É—á–ª–∞–∞—Ä–∞–π –≥—Ö–¥—ç—ç —ç–º—á–∏–ª–≥—ç—ç–Ω–∏–π –∑–∞—Ä–¥–∞–ª–≥“Ø–π –±–Ω–∞ –≥—ç—ç–¥ —Ö–∞–Ω–¥–∏–≤ —Ü—É–≥–ª—É—É–ª–∞–∞–¥ —è–≤–∂–∏–π—Å–∞–Ω —Å—ç—Ç–≥“Ø“Ø–ª—á —ç–≥—á —Å–æ–Ω–≥—É—É–ª‚Ä¶,106,Ambaselmaa11
12,RT @batengineer: –°–∞—è—Ö–∞–Ω –ª –∞—Ä–¥ –æ–ª–Ω–æ–æ—Å —ç–º—á–∏–ª–≥—ç—ç–Ω–∏–π —Ö–∞–Ω–¥–∏–≤ –≥—É–π–≥–∞–∞–¥ —è–≤–∂ –±—Å–∞–Ω —Å—ç—Ç–≥“Ø“Ø–ª—á —ç–º—ç–≥—Ç—ç–π —Å–æ–Ω–≥—É—É–ª—å–¥ –Ω—ç—Ä –¥—ç–≤—à—ç—ç–¥ —ç—Ä—Ö –±–∞—Ä–∏–≥—á–¥–∞–¥ —Å—É—É–¥–∞–ª –Ω—ç–º—ç—Ö—ç‚Ä¶,104,batengineer
2,RT @JavkhaaG: –•“Ø–Ω—Å–Ω–∏–π –ó–∞—Ö–∞–∞—Å –æ—Ä–æ—Å —Ö–∞—Ä —á–∞–≤–≥–∞ –∞–≤–∞–∞–¥ —É–≥–∞–∞–ª–∞–∞. –¢–∞—Å —Ö–∞—Ä —É—Å –≥–∞—Ä–ª–∞–∞. –ë–∞—Å –¥—ç—ç—Ä –Ω—å —Ö–∞—Ä —Ö–∞—Ä —Ö–æ—Ä—Ö–æ–π–Ω—É—É–¥ —Ö”©–≤—Å”©–Ω. –≠—Ö–ª—ç—ç–¥ —Ö–æ—Ä—Ö–æ–π –±–∏—à –±–∞–π—Ö‚Ä¶,104,JavkhaaG
364,RT @E_BatUul: –ú.–≠–Ω—Ö—Å–∞–π—Ö–∞–Ω—ã–≥ —Ö–∏–π–≥—ç—ç–≥“Ø–π —Ö—ç—Ä–≥–∏–π–Ω—Ö –Ω—å —Ç”©–ª”©”© —è–ª–ª–∞—Å–∞–Ω –Ω—å –ê—Ä–¥—á–∏–ª–∞–ª –¥–µ —é—Ä–µ –±–∞–π—Ö–≥“Ø–π –±–æ–ª—Å–Ω—ã–≥ –Ω–æ—Ç–æ–ª—Å–æ–Ω —é–º! –ê–ù –±–∞ –ú–ê–ù-—ã–Ω —Ö–æ–æ—Ä–æ–Ω–¥ —Ö“Ø—á–Ω–∏–π‚Ä¶,93,E_BatUul
88,RT @enkhbat: –•“Ø–Ω ”©”©—Ä–∏–π–≥”©”© –æ–ª–¥–æ–≥–≥“Ø–π. –•–∞—Ä–∏–Ω ”©”©—Ä–∏–π–≥”©”© –±“Ø—Ç—ç—ç–¥—ç–≥.,88,enkhbat
140,"RT @batengineer: 1. –•“Ø–Ω–∏–π –Ω–æ–º–æ–æ—Ä —Ö“Ø“Ø–¥—ç–≥–Ω—ç–∂
2. –£–Ω—à–∏–≥—á–¥—ã–Ω —Ö“Ø—Å—ç–ª—Ç—ç—ç—Ä —Ö—ç–≤–ª—ç—Å—ç–Ω –Ω–æ–º–æ–Ω–¥ —Ä–µ–∫–ª–∞–º —à–∞–∞—Ä–¥–ª–∞–≥–∞–≥“Ø–π –±–¥–∞–≥
3. –ó”©–≤—Ö”©–Ω –°–ë –¥“Ø“Ø—Ä—ç–≥—Ç –∑–∞—Ä–∞—Ö –≥—ç–∂ –±‚Ä¶",86,batengineer
21,"RT @Uyanga_ts: –•–∞–Ω –£—É–ª–∞–∞—Å —Ö–∞—è—Ö —Ö“Ø–Ω –±—Ö–≥—É–π, –°–æ–Ω–≥–∏–Ω–æ–æ—Å –∞–≤–∞—Ö —Ö“Ø–Ω –±—Ö–≥—É–π, —Ö—É–≤–∞–∞—Ä—å–ª–∞–ª—Ç –Ω—å –¥—ç–Ω–¥“Ø“Ø —à–æ–≥ –±–Ω–∞–∞!",84,Uyanga_ts
173,RT @ganhuyag: –î—ç–º–∂–∏—Ö —Ö“Ø–º“Ø“Ø—Å—ç—ç —Ö–∞–∞–Ω–∞–∞—Å —á –¥—ç–º–∂—ç—ç–¥ —è–≤—á–∏—Ö–Ω–∞. –ë–∏ —Ö—É–≤—å–¥–∞–∞ –ê–º–∞—Ä–∞–∞–≥ –º–∞—à –æ–ª–æ–Ω —à–∞–ª—Ç–≥–∞–∞–Ω–∞–∞—Ä –¥—ç–º–∂–∏—Ö –±–æ–ª–æ–º–∂–≥“Ø–π. –ì–æ–ª –Ω—å –ú–æ–Ω–≥–æ–ª—ã–Ω –∏—Ä—ç—ç–¥“Ø–π–¥‚Ä¶,75,ganhuyag
53,"RT @E_BatUul: –ú–æ–Ω–≥–æ–ª—á—É—É–¥ –±–∏–¥ –±“Ø–≥–¥ –∞–π–º—Ö–∞–π, –¥“Ø–Ω—Ö“Ø“Ø –∞–¥–≥–∏–π–Ω —à–∞–∞—Ä—É—É–¥ –±–æ–ª—á–∏—Ö–æ–æ–≥“Ø–π –≥—ç–¥–≥—ç—ç 5-—Å–∞—Ä—ã–Ω 21 –Ω–¥ –°“Ø—Ö–±–∞–∞—Ç–∞—Ä—ã–Ω —Ç–∞–ª–±–∞–π –¥—ç—ç—Ä —Ö–∞—Ä—É—É–ª—å—è! 11 —Ü–∞–≥–∞–∞‚Ä¶",74,E_BatUul
27,RT @batengineer: –ë–∞—Ç“Æ“Ø–ª –≥—É–∞–π –∏—Ö –ª–æ–≥–∏–∫ –º—É—É—Ç–∞–π —Ö“Ø–Ω —é–º. –ê–ù —è–ª–±–∞–ª —Ç”©—Ä–¥ —Ö“Ø—á–Ω–∏–π —Ö–∞—Ä—å—Ü–∞–∞ —Ç—ç–Ω—Ü–≤—ç—Ä–∂—ç—ç–¥ –∞—Ä–¥—á–∏–ª–∞–ª –∞–≤—Ä–∞–≥–¥–Ω–∞ –≥—ç—Ö —é–º. –Ø–≥ “Ø–Ω—ç–Ω–¥—ç—ç –ê–ù-—ã —ç–Ω—ç‚Ä¶,70,batengineer
91,"RT @amaraaliberty: –ú–∏–Ω–∏–π —Ö–∞—Ä—Å–Ω–∞–∞—Ä ”©–Ω–≥”©—Ä—Å”©–Ω 4 –∂–∏–ª–¥ –±–∏–∑–Ω–µ—Å —ç—Ä—Ö–ª—ç–≥—á–¥–∏–π–≥ –±–∞–π–Ω–≥–∞ —Ö–∞–º–≥–∞–∞–ª–¥–∞–≥ –±—Å–∞–Ω 3 —Ö“Ø–Ω –±–Ω. –û—Ä–≥–∏–ª—ã–Ω –ì–∞–Ω–±–∞–∞—Ç–∞—Ä, –ë–∏–ª—ç–≥—Ç –≥–∏—à“Ø“Ø–Ω, –ù–æ–º‚Ä¶",67,amaraaliberty
47,RT @Uyanga_ts: –ù–∞–º–¥–∞–∞ —Ç—ç—Ä–±—É–º—ã–≥ ”©–≥”©”©–¥ –º–∞–Ω–¥–∞—Ç –∞–≤—á —á–∞–¥–∞—Ö–≥—É–π –±–Ω–∞ –≥—ç—Ö—ç—ç—Ä –Ω—ç—Ä –¥—ç–≤—à–∏—Ö —ç—Ä—Ö –∞–≤—Å–∞–Ω –Ω—å —Ö—ç–¥—ç—ç—Ä –∞–≤—Å—ã–Ω? –ù—ç—Ä –¥—ç–≤—à—ç—ç–¥ —è–ª–∞—Ö—ã–Ω —Ç—É–ª–¥ —Ö—ç–¥–∏–π–≥ –∑–∞‚Ä¶,66,Uyanga_ts
238,RT @tsbat_IT: –Ø–∞–∂ —á –±–æ–¥—Å–æ–Ω 20 –æ–Ω–¥ –Ω—ç–≥ –∏—Ö –æ–ª–æ–Ω —Ç–∞–ª –±–æ–ª–∂ —Ç–∞–ª—Ü–∞–ª–≥“Ø–π –°–æ–Ω–≥–æ–≥—á–¥—ã–Ω —Ö—É–≤—å—Å–≥–∞–ª - 1 —ç—ç —Ö–∏–π—Ö–≥“Ø–π –±–æ–ª —á —Ç”©—Ä–∏–π–Ω –±–∞–π–≥—É—É–ª–ª–∞–≥—É—É–¥—ã–Ω –∏—Ö—ç–Ω—Ö —É–¥–∏—Ä‚Ä¶,64,tsbat_IT
122,"RT @enkhbat: –û–¥–æ–æ —ç–Ω—ç –∫–∞–∑–∏–Ω–æ–≥–∏–π–Ω –∑–∞–≥–≤–∞—Ä—ã–≥ —Ö–∞–ª–∞—Ö –±–æ–ª—Å–æ–Ω. –¢–∞—Ç–≤–∞—Ä –Ω—å  –∏—Ä–≥—ç–Ω –±“Ø—Ä–∏–π–Ω –æ—Ä–æ–ª—Ü–æ–æ–≥ —Ç–æ–æ—Ü–¥–æ–≥, —Ö“Ø–º“Ø“Ø—Å –∞–∑–∞–Ω–¥ –±—É—Å ”©”©—Ä–∏–π–Ω –æ—Ä–æ–ª—Ü–æ–æ–≥ “Ø–Ω—ç–ª–¥—ç–≥‚Ä¶",60,enkhbat
158,"RT @baasankhuu_o: 11 —Ü–∞–≥ 20 –º–∏–Ω—É—Ç–∞–Ω–¥ –£–ï–ü –≥–∞–∑–∞—Ä –æ—á–∏–Ω —à–∞–∞—Ä–¥–ª–∞–≥–∞ —Ö“Ø—Ä–≥“Ø“Ø–ª—ç—Ö –±–æ–ª–Ω–æ. –¢–ï–ì, –≠—Ä“Ø“Ø–≥–∏–π–Ω —Ü–∞–≥–¥–∞–∞–≥–∏–π–Ω –≥–∞–∑–∞—Ä—Ç —è–∞—Ä–∞–ª—Ç–∞–π —Ç–µ—Ö–Ω–∏–∫–∏–π–Ω —Ç—É—Å–≥–∞–π “Ø–∑‚Ä¶",57,baasankhuu_o
11,"RT @sakuna_mn: –ù–∏–π—Ç–∏–π–Ω –∞–ª–±–∞–Ω—ã—Ö–∞–Ω –Ω—ç—Ä–∏–π–Ω —Ö—É—É–¥—Å–∞–∞ –∏–Ω–≥—ç—ç–¥ —Ö“Ø–º“Ø“Ø–Ω–ª—ç–≥, —Ö–∞—Ä–∞–∞–Ω—ã –±—ç—Ä—Ö—à—ç—ç–ª—Ç—ç–π –∏—Ä–≥—ç–¥–¥—ç—ç —ç—ç–ª—Ç—ç–π –±–æ–ª–≥–æ—á–∏—Ö–≤–æ–ª –≥–æ—ë —é–º –±–∞–π–Ω–∞. 
–°—Ç–∞–Ω–¥–∞—Ä—Ç —Ç‚Ä¶",55,sakuna_mn
159,RT @baasankhuu_o: –ë–∞—Ç–∑–∞–Ω–¥–∞–Ω –Ω–∞–π–∑–∞–¥ —Ö—ç–ª—ç—Ö—ç–¥ –Ω—ç–≥ –∞—Ä–≥–∞ —Ö–æ—ë—Ä —É–¥–∞–∞ “Ø–π–ª—á–ª—ç—Ö–≥“Ø–π.–ì–∞–Ω—Ç—É–ª–≥–∞–¥ —Ö—ç—Ä—ç–≥–ª—ç—Å—ç–Ω –∞—Ä–≥–∞ –Ω–∞–¥–∞–¥ “Ø–π–ª—á–ª—ç—Ö–≥“Ø–π.–ê–∞–≤—ã–≥–∞–∞ –¥—É—Ä—Å–∞–Ω —è—Ä—å–∂ –±–∞–π‚Ä¶,50,baasankhuu_o
8,"RT @Araguud: –ü—Ä–∏—É—Å—Ç—ç–π —Ö–∞–∞–≥–∞–∞ —Ö–∏–π–¥—ç–≥, –Ω–∞–π–∑ –Ω”©—Ö”©–¥, –∞—Ö –¥“Ø“Ø —Ö–∞–º–∞–∞—Ç–∞–Ω —Å–∞–¥–∞–Ω–≥—É—É–¥–¥–∞–∞ –º—ç–¥—ç–≥–¥—ç—ç—Ä—ç–π —Ç–∞–º–∏–Ω—å —ç—ç. https://t.co/P51qrqY2aB",49,Araguud
245,RT @batengineer: –≠–∑—ç–Ω –Ω—å –Ω–æ—Ö–æ–π–≥–æ–æ –∑–æ–¥–æ–∂ –±—Ö–∞–¥ –±–∏—Ç–≥–∏–π ”©–º”©”©—Ä—á –±–∞–π. –ó–∏ —Ç—ç—Ä –°—Ç—Ä–∞—Ç–æ–≥–∏–π–Ω—Ö–∞–∞ –¢—É–ª–≥–∞—Ç—ã–≥ —è–∞—Ö –Ω—å –±–∏–¥—ç–Ω–¥ –ø–∞–¥–≥“Ø–π.,48,batengineer
18,RT @BBaltsukh: üòâ1926 –æ–Ω—ã 4.25–Ω–¥ –ü—É—á—á–∏–Ω–∏–≥–∏–π–Ω –¢—É—Ä–∞–Ω–¥–æ—Ç –¥—É—É—Ä–∏–π–Ω –∞–Ω—Ö–Ω—ã —Ç–æ–≥–ª–æ–ª—Ç—ã–≥ –ú–∏–ª–∞–Ω —Ö–æ—Ç—ã–Ω Teatro alla Scala-–¥ —Ö–∏–π–∂ –±–∞–π–∂—ç—ç. –¢—É—Å –¥—É—É—Ä–∏–π–Ω —ç–Ω—ç—Ö“Ø‚Ä¶,48,BBaltsukh
33,RT @batengineer: –ß–∏–Ω–±“Ø—Ä—ç–Ω —ç–º—á–∏–π–≥ –¥—ç–º–∂–∏–∂ –±–≥–∞–∞. –¢”©—Ä–¥ –ø—Ä–æ—Ñ–µ—Å—Å–∏–æ–Ω–∞–ª—É—É–¥ –≥–∞—Ä–≤–∞–ª —è–º–∞—Ä –±–¥–≥–∏–π–≥ —Ç—ç—Ä —Ö–∞—Ä—É—É–ª–∂ —É–ª—Å —Ç”©—Ä–¥ —à–∏–Ω—ç –±—ç–Ω—á–º–∞—Ä–∫ —Ç–æ–≥—Ç–æ–æ–∂ —á–∞–¥–Ω–∞ –≥—ç–∂‚Ä¶,47,batengineer
89,"RT @enkhbat: –¢”©—Ä”©–ª –±“Ø—Ä–∏–π–Ω –∑–æ–≤–ª–æ–Ω —è—Ä—å–¥–∞–≥ —Ö“Ø–Ω —è–≥ –ª –∞–≤–∏—Ä–∞—Ö –≥—ç–∂ –±–≥–∞–∞ —É—É–ª–∞–∞ –º—É—É–ª–∞–∞–¥ –±–≥–∞–∞ —É—É–ª—á–∏–Ω—Ç–∞–π –∞–¥–∏–ª. –•–∞—Ä–∏–Ω —Ç–∏–π–º —É—É–ª—á–∏–Ω –±–¥–∞–≥–≥“Ø–π. –ú—É—É–ª–ª–∞–∞ —á, –º‚Ä¶",46,enkhbat
15,RT @batengineer: –ê–Ω—Ö–Ω–∞–∞—Å–∞–∞ –ª –∏–π–º —è–≤–≥–∞–Ω –∑–∞–ª–∏–ª–∞–Ω–≥–∏–π–Ω —à–∏–Ω–∂—Ç—ç–π —ç—Ö–ª—ç—Ö—ç—ç—Ä —ç–Ω—ç –∑–∞–ª—É—É —Ü–∞–∞—à —è–∞–Ω–∞–∞,46,batengineer
101,"RT @sudlaachganaa: 5 —Å–∞—Ä—ã–Ω —Ç—É—Ä—à –∫–æ—Ä–æ–Ω–∞–≥–∏–π–Ω —ç—Å—Ä—ç–≥ –Ω–∏–π—Ç —Ö—ç—á–Ω—ç—ç–Ω –º”©–Ω–≥”© —Ö”©—Ä”©–Ω–≥”© –∑–∞—Ä—Ü—É—É–ª—Å–∞–Ω, 1 ”©–≤—á—Ç”©–Ω–¥ —Ö—ç–¥—ç–Ω ‚ÇÆ –∑–∞—Ä—Ü—É—É–ª—Å–∞–Ω, —ç–º —Ç–∞—Ä–∏–∞ —è–º–∞—Ä “Ø–Ω—ç—Ç—ç–π,‚Ä¶",44,sudlaachganaa
138,"RT @Bolort: –ú–ê–ù -—ã–Ω —à—É–¥–∞—Ä–≥–∞ –≥—ç–≥–¥—ç—ç–¥ –±–≥–∞–∞ –∑–∞–ª—É—É –Ω—ç—Ä –¥—ç–≤—à–∏–≥—á–∏–¥ –Ω–∞–º—ã–Ω –¥–∞—Ä–≥–∞ –£.–•“Ø—Ä—ç–ª—Å“Ø—Ö, –£–ò–•-–Ω –≥–∏—à“Ø“Ø–Ω –ì.–¢—ç–º“Ø“Ø–ª—ç–Ω, –ù.–£—á—Ä–∞–ª, –ë–∞—Ç—Ç”©–º”©—Ä, –°–∞—Ä–∞–Ω—á–∏–º—ç–≥‚Ä¶",43,Bolort
274,RT @AnyaVik: –ú–∞–Ω–∞–π –¥“Ø“Ø—Ä—ç–≥ –∞—Ä–∞–π –ª –≥–æ–º–¥–º–æ–æ—Ä üòã https://t.co/WxHWErcduX,40,AnyaVik
77,"RT @enkhbat: –ë–∏–¥ ”©–Ω”©”© —Ü–∞–≥—Ç —Ö–∞–º–≥–∏–π–Ω –±–∞–≥–∞ —á–∞–¥–≤–∞—Ä —à–∞–∞—Ä–¥–¥–∞–≥ –Ω“Ø“Ø—Ä—Å –æ–ª–±–æ–ª–æ—Ö —Å–∞–ª–±–∞—Ä—Ç –ª –±–∞–≥–∞—Ö–∞–Ω –º”©–Ω–≥”© –æ–ª–∂ –±–Ω–∞. –ù“Ø“Ø—Ä—Å –±–≥–∞–∞ –Ω—å –±–∏–¥–Ω–∏–π –∞–∑. –•“Ø–Ω–∏–π, –∑/–±-‚Ä¶",39,enkhbat
66,RT @OtgonbayarT: –•–∞–ª–¥–≤–∞—Ä –±–∞—Ä–∞–≥ 0 –∑–∞–∞—á–∏—Ö–∞–∞–¥ –±–∞–π–≥–∞–∞ –ë–ù–°–£-—Å –∏—Ä–≥—ç–¥—ç—ç —è–∞–∂ –≥—ç—Ä—Ç –Ω—å –æ—á—É—É–ª–∞—Ö–≥“Ø–π –±–∞–π—Ö –≤—ç –≥—ç–∂ –∏—Ö —Ö–∏—á—ç—ç–∂ –±–∞–π–≥–∞–∞ —ç—Ä“Ø“Ø–ª –º—ç–Ω–¥–∏–π–Ω —è–∞–º—Ç–∞–π —É‚Ä¶,36,OtgonbayarT
169,RT @GGanErdene: –¢.–ì–∞–Ω–±–æ–ª–¥—ã–≥ –≥–∞–π–≥“Ø–π —é–º –±–æ–¥—Å–æ–Ω –±–∞–π–¥–∞–≥ –ª –Ω—ç–≥ –û—é—É-–¢–æ–ª–≥–æ–π –°.–ë–∞—è—Ä —è—Ä—å–∂ –æ–Ω–æ–æ –∞–≤–¥–∞–≥ —Å–∞–ª–±–∞–¥–∞–π —à–∏–≤ –¥—ç—ç. –¢”©—Ä—Ç—ç–π —Å—ç—ç—Ç—ç–≥–Ω—ç–∂ —Ö—ç–¥—ç–Ω —Ü–∞–∞—Å —Ö‚Ä¶,36,GGanErdene
44,RT @enkhbat: COVID19-–∏–π–Ω —Ö—è–º—Ä–∞–ª—ã–≥ –æ–¥–æ–æ–≥–æ–æ—Ä –ú–æ–Ω–≥–æ–ª –¥—ç–ª—Ö–∏–π–¥ —Ö–∞–º–≥–∏–π–Ω —Å–∞–π–Ω –º—ç–Ω—ç–∂–º—ç–Ω—Ç —Ö–∏–π–∂ –±–Ω–∞ –≥—ç–∂ —ç–Ω—ç –≠–Ω—ç—Ç—Ö—ç–≥–∏–π–Ω —Å—É–¥–ª–∞–∞—á –¥“Ø–≥–Ω—ç–∂ –±–∏—á–∂—ç—ç.,34,enkhbat
258,RT @art_radnaa: –•—è—Ç–∞–¥—É—É–¥ –ü–∞–∫–∏—Å—Ç–∞–Ω–¥ $2.8 —Ç—ç—Ä–±—É–º–∞–∞—Ä 4.5 –ì–í—Ç-—ã–Ω —É—Å–∞–Ω —Ü–∞—Ö–∏–ª–≥–∞–∞–Ω —Å—Ç–∞–Ω—Ü Diamer-Basha-–≥ –≠–Ω—ç—Ç—Ö—ç–≥—á“Ø“Ø–¥ —Ö–∏—á–Ω—ç—ç–Ω —Ö–æ—Ä–∏–≥ —Ç–∞–≤—å—Å–∞–Ω —á –±–∞—Ä–∏—Ö–∞‚Ä¶,34,art_radnaa
84,RT @enkhbat: –•“Ø–Ω–∏–π –Ω–∏–π–≥–º–∏–π–Ω –∏—Ö—ç–Ω—Ö –∞—Å—É—É–¥–ª—É—É–¥—ã–≥ —ç–≤–ª—ç–ª–¥—ç–Ω –Ω—ç–≥–¥—ç—Ö–≥“Ø–π–≥—ç—ç—Ä —à–∏–π–¥—ç—Ö –±–æ–ª–æ–º–∂ –±–¥–∞–≥–≥“Ø–π. –•–∞—Ä–∏–Ω —ç–≤–ª—ç–ª–¥—ç–Ω –Ω—ç–≥–¥—ç—Ö —á–∞–¥–≤–∞—Ä –Ω—å –±–∏–¥—ç–Ω–¥ –±–¥–∞–≥–≥“Ø–π.‚Ä¶,33,enkhbat
311,RT @AmaraaSport: –ì.–ì–∞–Ω—Ö“Ø“Ø –∞—Ö –º–∞–∞–Ω—å –¥—ç–≤—à–∏–∂ –±–∞–π–≥–∞–∞ —é–º –±–∞–π–Ω–∞. –î—ç–º–∂–∏–Ω—ç—ç! –ó–∞–π–ª—É—É–ª –ê—Ä—Å–µ–Ω–∞–ª –Ω—å –¥–∞–Ω–¥–∞–∞ –ª 4-—Ç –≥—É—Å–¥–∞–≥ —é–º. –ê—Ö 5 –∫–≤–æ—Ç—Ç–æ–π –≥–∞–∑–∞—Ä –¥—ç–≤—à–∏—Ö—ç—ç‚Ä¶,27,AmaraaSport
13,"RT @chbattsogt: #–ó”®–í_“Æ–ô–õ–°–ò–ô–ù_–ó–ê–õ–ì–ê–ú–ñ_–ó–û–ì–°–û–•–ì“Æ–ô
–•—É—É–ª—å—á —Ö“Ø–Ω –∂–∏–Ω—Ö—ç–Ω—ç —Ö“Ø–Ω –±–∞–π—Ö —ë—Å—Ç–æ–π.
–°–∞–π—Ö–∞–Ω —Å—ç—Ç–≥—ç–ª—Ç—ç–π, —Ö“Ø–Ω–ª—ç–≥ —á–∞–Ω–∞—Ä—Ç–∞–π, —à—É–¥–∞—Ä–≥–∞, —Ç—ç–≤—á—ç—ç—Ä—Ç—ç–π –±–∞‚Ä¶",25,chbattsogt
32,RT @Ainotus: –ë–∞—è–Ω–≥–æ–ª –¥“Ø“Ø—Ä–≥–∏–π–Ω—Ö –±–∞–π—Å–∞–Ω –±–æ–ª —Å–∞–Ω–∞–ª–∞–∞ –•—ç–Ω–¥ ”©–≥”©—Ö –±–∞–π—Å–∞–Ω –±—ç?,25,Ainotus
180,"RT @Uyanga_ts: –£–ò–•–ì–∏—à“Ø“Ø–¥ –î–∞—Ä–≥–∞ –Ω–∞—Ä—ã–Ω —Ö“Ø“Ø—Ö–¥“Ø“Ø–¥–∏–π–Ω ”©–¥”©—Ä ”©–Ω–∂“Ø“Ø–ª—ç—Ö, –ú–æ–Ω–≥–æ–ª –ë–∞–Ω–∫–Ω—ã —Ü—ç—Ü—ç—Ä–ª—ç–≥—ç—ç —Ç”©–≥—Å”©–≥—á–∏–¥ —Å–æ–Ω–≥—É—É–ª–∏–π–Ω —ç–ª—Å—ç–ª—Ç–¥—ç—ç –æ—Ä–∂ –∏—Ä–ª—ç—ç",24,Uyanga_ts
75,"RT @enkhbat: –ú–µ–Ω—Ç–æ—Ä, –∫”©“Ø—á –∑–∞–∞–≤–∞–ª –∏–ª“Ø“Ø –º—ç–¥–ª—ç–≥—Ç—ç–π —Ö“Ø–Ω –±–∞–π—Ö –∞–ª–±–∞–≥“Ø–π. –ì–∞–≥—Ü—Ö“Ø“Ø ”©”©—Ä”©”©—Ä —Ö–∞—Ä–∂ —á–∞–¥–¥–∞–≥, —Ç“Ø“Ø–Ω–∏–π–≥—ç—ç –Ω”©–≥”©”© —Ö“Ø–Ω–¥—ç—ç —Å–∏—Å—Ç–µ–º—Ç—ç–π–≥—ç—ç—Ä, –∑”©–≤ —Ö“Ø—Ä‚Ä¶",24,enkhbat
76,"RT @enkhbat: –ñ –Ω—å, —Ö“Ø–Ω –∞—Å—É—É–¥–∞–ª–¥–∞–∞ —Ö—ç–Ω –Ω—ç–≥–Ω–∏–π–≥, —ç—Å–≤—ç–ª –≥–∞–¥–∞–∞–¥ —è–º–∞—Ä –Ω—ç–≥ –∑“Ø–π–ª–∏–π–≥ –±—É—Ä—É—É—Ç–≥–∞–∂ –±–≥–∞–∞ –±–æ–ª —Ç“Ø“Ø–Ω–¥ –∞—Å—É—É–¥–ª–∞–∞ —à–∏–π–¥—ç–∂ —É—Ä–∞–≥—à–ª–∞—Ö –∑”©–≤ —Å—ç—Ç–≥—ç–ª–≥—ç‚Ä¶",24,enkhbat
70,RT @bolushka: –•—É–¥–∞–ª–¥–∞–∞ —Ö”©–≥–∂–∏–ª —Ö—ç–Ω–∏–π –º”©–Ω–≥”©”©—Ä –±–æ—Å–≥–æ—Å–æ–Ω –±–æ–Ω–¥–æ–æ —Ç”©–ª”©—Ö –±–∞–π—Å–∞–Ω –±–æ–ª–æ–æ–¥ ”©”©—Ä–∏–π–Ω –º”©–Ω–≥”©”©—Ä —Ç”©–ª–ª”©”© –≥—ç–∂ –ø–∏–∞—Ä —Ö–∏–π–≥—ç—ç–¥ –±–≥–∞–Ω? –ë–∞—Å —ç–ª–¥—ç–≤ —Ç—ç–∂—ç‚Ä¶,23,bolushka
62,"RT @enkhbat: –•“Ø–º“Ø“Ø—Å –∫–æ–º–ø—å—é—Ç–µ—Ä—Ç—ç–π —è–∞–∂ –∞–∂–∏–ª–ª–∞–∂ —Å—É—Ä–∞—Ö –≤—ç –≥—ç–∂ –∞—Å—É—É–¥–∞–≥. –≠—Ö–ª—ç—ç–¥, –±–∞–π–Ω–≥–∞ —Ö—ç—Ä—ç–≥–ª—ç—Ö —à–∞–∞—Ä–¥–ª–∞–≥–∞—Ç–∞–π –Ω—ç–≥ –ø—Ä–æ–≥—Ä–∞–º–∞–∞ –ª —Å–∞–π–Ω —ç–∑—ç–º—à. –ì—ç—Ö–¥—ç—ç‚Ä¶",22,enkhbat
56,"RT @batengineer: –ó–∏ ”©”©—Ä–∏–π–≥”©”© ""–ò–ø–æ—Ç–µ–∫–∏–π–Ω –≠—Ü—ç–≥"" —Ö—ç–º—ç—ç–∂—ç—ç. –Ø–≥ –Ω–∞—Ä–∏–π–Ω —è—Ä–∏–≤–∞–ª –∏–ø–æ—Ç–µ–∫–∏–π–Ω —Å–∞–Ω–∞–∞ –Ω–∞–¥–∞–∞—Å –∞–Ω—Ö –≥–∞—Ä—Å–∞–Ω –±–¥—ã–Ω. –ë–∏ 2005 –æ–Ω–¥ How Corruption‚Ä¶",22,batengineer
426,RT @batengineer: –ù–∞–º —Ö–∞—Ä–≥–∞–ª–∑–∞—Ö–≥“Ø–π–≥—ç—ç—Ä —Ü–∞—Ä–∞–π–ª–∞–≥ –±“Ø—Å–≥“Ø–π—á“Ø“Ø–¥—ç—ç –æ–ª–Ω–æ–æ—Ä –Ω—å –¥—ç–º–∂–∏–∂ –≥–∞—Ä–≥–∞—Ü–≥–∞–∞—è –∑–∞–ª—É—É—Å–∞–∞. –Ø–¥–∞–∂ –ª –£–ò–• —á—É—É–ª–≥–∞–Ω—ã –∏—Ä—Ü —ç—Ä—Å —Å–∞–π–∂–∏—Ä–Ω–∞ –≥—ç–∂‚Ä¶,21,batengineer
218,"RT @bolodm: –ë—è–¥–Ω—ã –∑—É—Å–ª–∞–Ω–≥–∏–π–Ω —É—Å–Ω—ã —Å–∞–≤.

–ë–∞—Å —É—É–ª —É—É—Ä—Ö–∞–π–Ω –∫–æ–º–ø–∞–Ω–∏–π —Ö–∏–º–∏–π–Ω —Ö–æ—Ä—Ç–æ–π –±–æ–¥–∏—Å –æ—Ä—É—É–ª–∂ –∏—Ä—Å—ç–Ω —Ü—ç–Ω—Ö—ç—Ä —Å–∞–≤ –≥—ç—Ä —Ö–æ—Ä–æ–æ–ª–æ–ª–¥ —É—Å–Ω—ã —Å–∞–≤ –≥—ç—ç–¥ –∑–∞‚Ä¶",20,bolodm
319,RT @AltaiKh: –û–Ω—ã 2 –¥—É–≥–∞–∞—Ä —Ö–∞–≥–∞—Å–∞–∞—Å —Ö”©—Ä”©–Ω–≥–∏–π–Ω –∑–∞—Ö –º–∞–∞–Ω—å –Ω–∏–ª—ç—ç–Ω –∏–¥—ç–≤—Ö–∂–∏—Ö–Ω—ç –¥—ç—ç. –ù–∏–ª—ç—ç–¥ —Ö—ç–¥—ç–Ω —à–∏–Ω—ç –±“Ø—Ç—ç—ç–≥–¥—ç—Ö“Ø“Ø–Ω –≥–∞—Ä–∞—Ö —Ç”©–ª”©–≤—Ç—ç–π. –ì–æ–ª –Ω—å ‚ÇÆ —Ö–∞–Ω—à‚Ä¶,19,AltaiKh
397,"RT @Naidalaa: –ò–¥—ç—Ä—ç—ç –±–æ–ª–æ–Ω –¥“Ø“Ø –Ω–∞—Ä –∑–∞–ª—É—É—Å –º–∞–∞–Ω—å –∏–π–º –±–æ–¥–æ–ª —Ö–∞–Ω–¥–ª–∞–≥–∞—Ç–∞–π –±–∞–π–≤–∞–ª, –∏—Ä—ç—ç–¥“Ø–π–≥—ç—ç ”©”©—Ä—Å–¥”©”© —Å–æ–Ω–≥–æ–≤–æ–ª –ú–æ–Ω–≥–æ–ª –Ω“Ø–¥ –∏—Ä–º—ç—Ö –∑—É—É—Ä –ª —ç–Ω—ç —Ö–∞—Ä –Ω‚Ä¶",19,Naidalaa
17,RT @Bolort: –ú”©–Ω—Ö—Ü—ç—Ü—ç–≥ –Ω—ç—Ä –¥—ç–≤—à–∏–≥—á–∏–π–Ω –±—É—Ä—É—É –≥—ç–∂ —é—É –±—Ö–∞–≤... –•–∞—Ä–∏–Ω –Ω–∞–º—ã–Ω –Ω”©—Ö–¥”©”© –∏–Ω–≥—ç–∂ —É–ª–∞–ª–∑—É—É–ª–∂ –±—É–π —Ö“Ø–º“Ø“Ø—Å ”©”©—Ä—Å–¥”©”© —è–∞–≥–∞–∞–¥ –∏—á–¥—ç–≥–≥“Ø–π –≤—ç? #–ù“Ø“Ø–¥—ç–ª‚Ä¶,17,Bolort
393,"RT @Tanhai_Emee: –ú–ê–ù –æ–¥–æ–æ –±–æ–ª—Ç–æ–ª –∞–ª–±–∞–Ω —ë—Å–æ–æ—Ä –Ω—ç—Ä—ç—ç –∑–∞—Ä–ª–∞–¥–∞–≥–≥“Ø–π —ç—ç! –°—É—Ä–∞–≥ —Å–æ–Ω—Å–æ—Ö–Ω—ç—ç –î–æ—Ä–Ω–æ–¥, –°–æ–Ω–≥–∏–Ω–æ—Ö–∞–π—Ä—Ö–∞–Ω –¥—ç—ç—Ä –±—É–¥–∏–ª–∂ –±–∞–π–≥–∞–∞ —Å—É—Ä–∞–≥—Ç–∞–π. –î–∞–∞–º‚Ä¶",17,Tanhai_Emee
389,RT @baasankhuu_o: –ú–ê–ù-—ã–Ω –æ–¥–æ–æ–≥–∏–π–Ω –∑–∞—Å–∞–≥ —Ö–∞—Ä –º”©—Ä—Ç—ç–π –≥—ç–∂ —Ö—ç–ª—Ç—ç–ª  —á–∏ —è–º–∞—Ä –º”©—Ä—Ç—ç–π —é–º –≥—ç—Ö.–ì—ç—Ç—ç–ª —Ö—É—É–ª—å —Å–∞—Ö–∏—É–ª–∞—Ö—ã–Ω –∏—Ö —Å—É—Ä–≥—É—É–ª–∏–π–Ω 2 –±–∞–≥—à ”©–Ω–≥”©—Ä—Å”©–Ω 7‚Ä¶,16,baasankhuu_o
358,"RT @Araguud: #UBCab with #PriusCenter 

–Æ–ë–ò–ö–ê–ë –•–•–ö, –ü—Ä–∏—É—Å —Ü–µ–Ω—Ç—Ä —Ö–∞–º—Ç—Ä–∞–Ω –£–ª–∞–∞–Ω–±–∞–∞—Ç–∞—Ä —Ö–æ—Ç—ã–Ω –±“Ø—Ö —Ö–∞–ª—Ç—É—É—Ä—á–¥—ã–≥ #UBCab –∞–ø–ø–ª–∏–∫–µ–π—à–Ω–¥ –Ω—ç–≥—Ç–≥—ç—Ö –∏—Ö –∞—è–Ω‚Ä¶",15,Araguud
489,"RT @DNN_MN: –¢–∞–≥–Ω—É—É–ª—ã–Ω —Ö—É—Ä–∞–Ω–¥–∞–∞ –®.–ê–º–≥–∞–ª–∞–Ω–≥–∏–π–Ω —ç—Ö–Ω—ç—Ä –°.–û–Æ–£–ù–ì–≠–†–≠–õ: –ú–∞–Ω–∞–π –≥—ç—Ä –±“Ø–ª–∏–π–≥ —É—Å—Ç–≥–∞—Ö –¥–∞–∞–ª–≥–∞–≤–∞—Ä—Ç–∞–π –±–∞–π—Å–∞–Ω –≥—ç–∂ —Ö–∞—Ä–¥–∞–∂ –±–∞–π–Ω–∞
https://t.co/N‚Ä¶",15,DNN_MN
316,RT @Bolort: ”®–Ω”©”©–¥”©—Ä –±–∏–¥ –Ω–∞–º—É—É–¥—ã–Ω –º”©—Ä–∏–π–Ω —Ö”©—Ç”©–ª–±”©—Ä–∏–π–≥ –¥—ç–ª–≥—ç—ç–¥ –±–æ–¥–ª–æ–≥—ã–Ω –º—ç—Ç–≥—ç–ª—Ü—ç—ç–Ω“Ø“Ø–¥ —Ö–∏–π–∂ –±–∞–π—Ö —ë—Å—Ç–æ–π –±–∞–π—Ç–∞–ª —É–ª—Å—Ç”©—Ä–∏–π–Ω –Ω–∞–º—ã–Ω —Ç”©–ª”©–≤—à–∏–ª –ª —è—Ä–∏–∞–¥‚Ä¶,15,Bolort
121,"RT @enkhbat: –ù”®–ê–¢-–∏–π–≥ —Ö—è–Ω–∞–ª—Ç—ã–Ω —Ç–æ–≥—Ç–æ–ª—Ü–æ–æ –≥—ç–∂ —è—Ä—å–¥–∞–≥. –¢–∏–π–º, –≥—ç—Ö–¥—ç—ç —ç–Ω—ç –±–æ–ª –∑”©–≤—Ö”©–Ω —Ç”©—Ä –±—É—Å–¥—ã–≥ —Ö—è–Ω–∞—Ö –±—É—Å, –º”©–Ω –∏—Ä–≥—ç–¥ —Ç–∞—Ç–≤–∞—Ä–∞–∞—Ä–∞–∞ –¥–∞–º–∂—É—É–ª–∂ —Ç”©—Ä–∏–π‚Ä¶",14,enkhbat
216,RT @ulziibayar_b: –°–æ—Ä–æ–Ω–∑ –¥—ç—ç—Ä –º–∞–≥—Ç—É—É–ª–∂ –≥–∞—Ä–¥–∞–≥ –ª —é–º –±–Ω–∞ –º”©–Ω–≥”© —Ç”©–ª”©—Ö–≥“Ø–π–≥—ç—ç—Ä. “Æ–Ω—ç–Ω –ª –±–∏—á–∏–∂ –¥—ç—ç üòúüòÇ –°–∞—è –Ω–∞–π–∑ —ç–≥—á –º–∞–∞–Ω—å –∑—É—Ä–≥–∏–π–≥ –º–∞–∞–Ω—å —è–≤—É—É–ª–∞–∞–¥ —Ü–æ‚Ä¶,14,ulziibayar_b
478,RT @D_Jaraa: –ë.–†–∏–Ω—á–∏–Ω –≥—É–∞–π–≥ –¶—ç–¥—ç–Ω–±–∞–ª—ã–Ω –∫–æ–º–º—É–Ω–∏—Å—Ç “Ø–∑—ç–ª —Å—É—Ä—Ç–∞–ª —Ç–∞–º–ª–∞–∂ –±—Å–Ω—ã–≥ –±—É—É—Ä–∞–ª —ç—Ä–¥—ç–º—Ç–Ω–∏–π  —Ö–æ–π—á “Ø–µ –Ω—å –º–∞—Ä—Ç–∞–∂  –±–≥–∞–∞ –Ω—å —Ö–∞—Ä–∞–º—Å–∞–ª—Ç–∞–π!? –ö–æ–º–º—É–Ω‚Ä¶,14,D_Jaraa
23,"RT @sudlaachganaa: –°“Ø–π—Ç–≥—ç—ç–¥ –ª –±–∞–π–¥–∞–≥, —Å“Ø–π—Ç–≥—ç—ç–¥ –ª –±–∞–π–¥–∞–≥, “Ø—Ö—ç–∂ ”©–≥–¥”©–≥–≥“Ø–π —Ç–µ—Ä–º–∏–Ω–∞—Ç–æ—Ä —à–∏–≥ –±–æ–ª—á–∏—Ö—Å–æ–Ω –±–∞–∞–≥–∏–π–Ω—É—É–¥ –£–ò–•-–¥ –æ–ª–æ–Ω –¥—ç–≤—à–∂—ç—ç...",14,sudlaachganaa
74,"RT @ForumOS: ""–°–æ–Ω–≥—É—É–ª—å–¥–∞–∞ –∏–¥—ç–≤—Ö—Ç—ç–π –æ—Ä–æ–ª—Ü–æ–∂, —Å–æ–Ω–≥–æ—Ö —ç—Ä—Ö—ç—ç —ç–¥–ª—ç—Ö —Ö—ç—Ä—ç–≥—Ç—ç–π"" https://t.co/MQ6jyR4U2d",12,ForumOS
67,RT @jjngm: –ù–∞–º–∞–π–≥ —é—É –æ–ª—Å–æ–Ω—ã–≥ —Ö–∞—Ä –¥–∞–∞ üòá –ñ–∞–º—å—è–Ω–º—è–¥–∞–≥. –ó—É–Ω—ã —Ü—ç—Ü—ç–≥—Å–∏–π–Ω —Ç“Ø—Ä“Ø“Ø—á –Ω—å. –ì–∞–Ω—Ü—Ö–∞–Ω—ã–≥ –ª –æ–ª–ª–æ–æ. https://t.co/J80kCdizUL,12,jjngm
220,RT @odbayare: –ù”©–≥”©”© —Ç”©–≤–∏–π–Ω —Ö—ç–¥—ç–Ω —É—É–ª–∑–≤–∞—Ä—É—É–¥ –¥—ç—ç—Ä –∑“Ø“Ø–Ω —ç—Ä–≥“Ø“Ø–ª–¥—ç–≥–≥“Ø–π —é–º–∞–∞ –¥–∞—Ö–∏–∞–¥ –ª —ç—Ö—ç–ª—á–∏—Ö—ç–∂. –ë—É—É—Ö–∞–∞—Å–∞–∞ ”©–º–Ω”© –Ω—ç–≥ —Ö–æ—Ä–ª–æ—á–∏—Ö—ä—ë –≥—ç–∂ –±–æ–¥–¥—ã–º –±–∞–π—Ö –¥‚Ä¶,12,odbayare
383,RT @chonosb: –•—ç–¥—ç–Ω –∞—Å—É—É–ª—Ç –∞—Å—É—É—Ç–∞–ª —Å“Ø“Ø–ª—ç—ç —Ö–∞–≤—á–∞–∞–¥ –∑—É–≥—Ç–∞–∞–¥ –∞–ª–≥–∞ –±–æ–ª–ª–æ–æ. –≠–Ω—ç –Ω”©—Ö”©—Ä—Ç –ñ–∞–Ω–∂–∏–Ω —à—É–≥–∞–º –≥—ç–∂ –±–∞–π—Ö–≥“Ø–π –Ω—å —Ç–æ–¥–æ—Ä—Ö–æ–π @Sukhbaatar_J . –°–æ–Ω–≥–æ‚Ä¶,11,chonosb
350,RT @delger_puujee: –ñ–µ–Ω–∫–æ –ª –µ—Ä”©–Ω—Ö–∏–π–ª”©–≥—á–∏–π–Ω –∑–∞—Å–∞–≥–ª–∞–ª–¥ —à–∏–ª–∂–∏–∂ –ø–∞—Ä–ª–∞–º–µ–Ω—Ç—ã–Ω –∑–∞—Å–∞–≥–ª–∞–ª—ã–≥ “Ø–≥“Ø–π —Ö–∏–π—Ö –≥—ç–∂ –∑“Ø—Ç–≥—ç—ç–¥ –±–∞–π–≥–∞–∞ —à–¥—ç. –¢“Ø“Ø–Ω–∏–π —ç—Å—Ä—ç–≥ –¥—É—É–≥–∞—Ä—á –±–∞‚Ä¶,11,delger_puujee
