,tweets,retweets
155,RT @naranbayarp: ”®–Ω”©”©–¥”©—Ä –º–∏–Ω–∏–π –±–∏–µ –ë–∞—è–Ω–∑“Ø—Ä—Ö –¥“Ø“Ø—Ä–≥–∏–π–Ω 22-—Ä —Ç–æ–π—Ä–≥–æ–æ—Å –Ω—ç—Ä –¥—ç–≤—à–∏—Ö—ç—ç—Ä –ó”©–≤ –•“Æ–ù-–≠–ª–µ–∫—Ç–æ—Ä–∞—Ç —ç–≤—Å–ª—ç—ç—Å –∞–ª–±–∞–Ω —ë—Å–æ–æ—Ä –∑–∞—Ä–ª–∞–≥–¥–ª–∞–∞. –£–ª—Å —Ç”©—Ä–¥‚Ä¶,304
5,"RT @Zaya8: –ó”©–≤ —Ö“Ø–Ω-–≠–ª–µ–∫—Ç–æ—Ä–∞—Ç —ç–≤—Å—ç–ª —á–∏–Ω—å –∏—Ö—ç–Ω—Ö –Ω—å –≥–∞–¥–∞–∞–¥–∞–¥ —Ç”©–≥—Å—Å”©–Ω, —Ü–æ–ª –∑—ç—Ä—ç–≥—Ç—ç–π –º—É–Ω–¥–∞–≥ —Ö“Ø–º“Ø“Ø—Å –±–∞–π–Ω–∞ –¥–∞–∞. 15-20 –æ—Ä—á–∏–º —Å—É—É–¥–∞–ª –∞–≤—á–∏—Ö–∞–∞—Å–∞–π –¥–∞–∞.‚Ä¶",112
135,"RT @MBBontoi: –ë–∞–¥—Ä–∞–ª—ã–Ω –ú”®–ù–•–î”®–õ –º–∏–Ω–∏–π –±–∏–µ –£–ò–•-—ã–Ω —Å–æ–Ω–≥—É—É–ª–∏–π–Ω 21-—Ä —Ç–æ–π—Ä–æ–≥—Ç (–ù–∞–ª–∞–π—Ö, –ë–∞–≥–∞–Ω—É—É—Ä, –ë–∞–≥–∞—Ö–∞–Ω–≥–∞–π) @nabar –∞–Ω–¥—ã–Ω—Ö–∞–∞ —Ö–∞–º—Ç –ó”®–í –•“Æ–ù –≠–ª–µ–∫—Ç–æ—Ä‚Ä¶",110
134,"@shine_sondor –£—Å–∞–Ω —Å–ø–æ—Ä—Ç—ã–Ω –∞—á —Ç—É—Å: 
~ –•“Ø–Ω–∏–π –±–∏–µ–∏–π–≥ –∑”©–≤ —Ö”©–≥–∂“Ø“Ø–ª–Ω—ç. 
~ –ó“Ø—Ä—Ö —Å—É–¥–∞—Å–Ω—ã “Ø–π–ª –∞–∂–∏–ª–ª–∞–≥–∞–∞, –Ω—É—Ä—É—É –Ω—É–≥–∞—Å–∞–Ω–¥ —Å–∞–π–Ω–∞–∞—Ä –Ω”©–ª”©”©–ª–¥”©–≥. ~ –•“Ø–Ω —ç–Ω–≥–∏–π–Ω “Ø–µ–¥ –±–∞–π–Ω–≥–∞ –±–æ—Å–æ–æ–≥–æ–æ—Ä–æ–æ —è–≤–¥–∞–≥ —É—á—Ä–∞–∞—Å –Ω—É—Ä—É—É–Ω–¥–∞–∞ –∞—á–∞–∞–ª–∞–ª –∏—Ö –∞–≤–¥–∞–≥. –•–∞—Ä–∏–Ω —Å—ç–ª—ç—Ö “Ø–µ–¥ –±–∏–µ —Ö—ç–≤—Ç—ç—ç —Ç—ç–Ω—Ö–ª—ç–≥—Ç –æ—Ä—Å–Ω–æ–æ—Ä –Ω—É—Ä—É—É –∞–º–∞—Ä—á, –±“Ø—Ö –±—É–ª—á–∏–Ω –∞–∂–∏–ª–ª–∞–¥–∞–≥.",109
4,"RT @AminaMongolia: @shine_sondor –£—Å–∞–Ω —Å–ø–æ—Ä—Ç—ã–Ω –∞—á —Ç—É—Å: 
~ –•“Ø–Ω–∏–π –±–∏–µ–∏–π–≥ –∑”©–≤ —Ö”©–≥–∂“Ø“Ø–ª–Ω—ç. 
~ –ó“Ø—Ä—Ö —Å—É–¥–∞—Å–Ω—ã “Ø–π–ª –∞–∂–∏–ª–ª–∞–≥–∞–∞, –Ω—É—Ä—É—É –Ω—É–≥–∞—Å–∞–Ω–¥ —Å–∞–π–Ω–∞–∞—Ä‚Ä¶",109
237,"RT @Naidalaa: –ó”©–≤ –•“Æ–ù –∂–∞–≥—Å–ª–∞–∞. –ë–∏ ”©”©—Ä”©”©  –ß–∏–Ω–≥—ç–ª—Ç—ç–π –¥“Ø“Ø—Ä–≥–∏–π–Ω 25-—Ä —Ç–æ–π—Ä–æ–≥—Ç –ú–£–ò–°-–∏–π–Ω –ø—Ä–æ—Ñ–µ—Å—Å–æ—Ä –±–∞–≥—à –®.–≠–Ω—Ö—Ç—É—É–ª, –ò–π–≥–ª –¢–í-–∏–π–Ω —Å—ç—Ç–≥“Ø“Ø–ª—á –ì.–ì–∞–Ω–±–∞—è—Ä‚Ä¶",108
137,"RT @ODELelectronics: ""–ó”©–≤ —Ö“Ø–Ω —ç–ª–µ–∫—Ç–æ—Ä–∞—Ç"" —ç–≤—Å–ª—ç—ç—Å –¥–∞–Ω–¥–∞–∞ –¥–æ–∫—Ç–æ—Ä, –∏–Ω–∂–µ–Ω–µ—Ä“Ø“Ø–¥ –¥—ç–≤—à“Ø“Ø–ª–∂—ç—ç.
–≠–¥–Ω–∏–π–≥ –¥—ç–º–∂–º—ç—ç—Ä –ª —é–º –±–Ω–∞.",65
447,"RT @sudlaachganaa: ""–ú–æ–Ω–≥–æ–ª —Ç”©—Ä–∏–π–Ω –æ–π —Å–∞–Ω–∞–º–∂, —Ç—É—Ä—à–ª–∞–≥–∞—Ç–∞–π –≥–∏—à“Ø“Ø–Ω""-—ç—ç—Ä –î.–õ“Ø–Ω–¥—ç—ç–∂–∞–Ω—Ü–∞–Ω, –¶.–ù—è–º–¥–æ—Ä–∂ 2 —à–∞–ª–≥–∞—Ä—á—ç—ç. –ó”©–≤ –ª –¥”©”©. 1990 –æ–Ω–æ–æ—Å –æ–¥–æ–æ —Ö“Ø—Ä—Ç‚Ä¶",48
136,"RT @chbattsogt: #–ó”®–í_“Æ–ô–õ–°–ò–ô–ù_–ó–ê–õ–ì–ê–ú–ñ_–ó–û–ì–°–û–•–ì“Æ–ô
–•—É—É–ª—å—á —Ö“Ø–Ω –∂–∏–Ω—Ö—ç–Ω—ç —Ö“Ø–Ω –±–∞–π—Ö —ë—Å—Ç–æ–π.
–°–∞–π—Ö–∞–Ω —Å—ç—Ç–≥—ç–ª—Ç—ç–π, —Ö“Ø–Ω–ª—ç–≥ —á–∞–Ω–∞—Ä—Ç–∞–π, —à—É–¥–∞—Ä–≥–∞, —Ç—ç–≤—á—ç—ç—Ä—Ç—ç–π –±–∞‚Ä¶",47
240,"#–ó”®–í_“Æ–ô–õ–°–ò–ô–ù_–ó–ê–õ–ì–ê–ú–ñ_–ó–û–ì–°–û–•–ì“Æ–ô
–•—É—É–ª—å—á —Ö“Ø–Ω –∂–∏–Ω—Ö—ç–Ω—ç —Ö“Ø–Ω –±–∞–π—Ö —ë—Å—Ç–æ–π.
–°–∞–π—Ö–∞–Ω —Å—ç—Ç–≥—ç–ª—Ç—ç–π, —Ö“Ø–Ω–ª—ç–≥ —á–∞–Ω–∞—Ä—Ç–∞–π, —à—É–¥–∞—Ä–≥–∞, —Ç—ç–≤—á—ç—ç—Ä—Ç—ç–π –±–∞–π—Ö —Ö—ç—Ä—ç–≥—Ç—ç–π.

“Æ“Ø–Ω—ç—ç—Å —Ö–∞–º–≥–∏–π–Ω —Ö—ç—Ü“Ø“Ø –Ω—å ""–¢—ç–≤—á—ç—ç—Ä—Ç—ç–π –±–∞–π—Ö"" —é–º... /–ë—è—Ä–∞–∞–≥–∏–π–Ω –ß–∏–º–∏–¥/

#–ß–∏–º–∏–¥–∏–π–Ω–ë–ê–¢–¶–û–ì–¢
#–ß–ò–ú–ò–î—Å–∞–Ω–≥–∏–π–Ω–¢—ç—Ä–≥“Ø“Ø–Ω https://t.co/FMDHo6pFf5",47
368,"RT @Bolort: –ú–ê–ù, –ê–ù, –ó”©–≤ —Ö“Ø–Ω —ç–ª–µ–∫—Ç–æ—Ä–∞—Ç –≥—ç—ç–¥ –≥—É—Ä–≤–∞–Ω —Ö“Ø—á–Ω–∏–π –Ω—ç—Ä –¥—ç–≤—à–∏–≥—á–¥–∏–π–Ω –ª–∏—Å—Ç –æ—Ä–æ—Ö–æ–¥ —É–Ω—à–∏–≥—á–¥—ã–Ω ”©–≥—á –±—É–π “Ø–Ω—ç–ª–≥—ç—ç –ú–ê–ù, –ê–ù –¥—ç—ç—Ä üí©üí© –ó”©–≤ —Ö“Ø–Ω —ç–ª–µ‚Ä¶",33
1,RT @sudlaachganaa: –ù—ç—Ä –¥—ç–≤—à–∏–≥—á–¥–∏–π–Ω –∂–∞–≥—Å–∞–∞–ª—Ç–∞–∞—Å —Ö“Ø–º“Ø“Ø—Å –æ–ª–æ–Ω —è–Ω–∑—ã–Ω  –¥“Ø–≥–Ω—ç–ª—Ç —Ö–∏–π—Ö –Ω—å –∂–∞–º —ë—Å. –ì—ç–≤—á —ç–Ω—ç –Ω—å –µ—Ä–¥”©”© –ª –µ—Ä”©–Ω—Ö–∏–π –¥“Ø–≥–Ω—ç–ª—Ç. –¢–∞ –±–∏–¥–Ω–∏–π –±–æ‚Ä¶,29
419,"–ù—ç—Ä –¥—ç–≤—à–∏–≥—á–¥–∏–π–Ω –∂–∞–≥—Å–∞–∞–ª—Ç–∞–∞—Å —Ö“Ø–º“Ø“Ø—Å –æ–ª–æ–Ω —è–Ω–∑—ã–Ω  –¥“Ø–≥–Ω—ç–ª—Ç —Ö–∏–π—Ö –Ω—å –∂–∞–º —ë—Å. –ì—ç–≤—á —ç–Ω—ç –Ω—å –µ—Ä–¥”©”© –ª –µ—Ä”©–Ω—Ö–∏–π –¥“Ø–≥–Ω—ç–ª—Ç. –¢–∞ –±–∏–¥–Ω–∏–π –±–æ–¥–∏—Ç –±–æ–ª–æ–º–∂ –±–æ–ª —Ç–æ–π—Ä–æ–≥—Ç–æ–æ –Ω—ç—Ä –¥—ç–≤—à—Å—ç–Ω 10-20 —Ö“Ø–Ω –¥–æ—Ç—Ä–æ–æ—Å 2-4-–∏–π–≥ –ª ""–∑”©–≤"" —Å–æ–Ω–≥–æ—Ö —è–≤–¥–∞–ª. –≠–Ω—ç —Å–æ–Ω–≥–æ–ª—Ç–æ–æ —à–∏–Ω—ç—ç—Ä —Ö–∏–π–≤—ç–ª —à–∏–Ω—ç –±–æ–ª–Ω–æ, —Ö—É—É—á–Ω–∞–∞—Ä–∞–∞ —Ö–∏–π–≤—ç–ª —Ö—É—É—á–∏–Ω –±–æ–ª–Ω–æ...",29
182,"RT @enkhbat: –ñ –Ω—å, —Ö“Ø–Ω –∞—Å—É—É–¥–∞–ª–¥–∞–∞ —Ö—ç–Ω –Ω—ç–≥–Ω–∏–π–≥, —ç—Å–≤—ç–ª –≥–∞–¥–∞–∞–¥ —è–º–∞—Ä –Ω—ç–≥ –∑“Ø–π–ª–∏–π–≥ –±—É—Ä—É—É—Ç–≥–∞–∂ –±–≥–∞–∞ –±–æ–ª —Ç“Ø“Ø–Ω–¥ –∞—Å—É—É–¥–ª–∞–∞ —à–∏–π–¥—ç–∂ —É—Ä–∞–≥—à–ª–∞—Ö –∑”©–≤ —Å—ç—Ç–≥—ç–ª–≥—ç‚Ä¶",24
181,"RT @enkhbat: –ú–µ–Ω—Ç–æ—Ä, –∫”©“Ø—á –∑–∞–∞–≤–∞–ª –∏–ª“Ø“Ø –º—ç–¥–ª—ç–≥—Ç—ç–π —Ö“Ø–Ω –±–∞–π—Ö –∞–ª–±–∞–≥“Ø–π. –ì–∞–≥—Ü—Ö“Ø“Ø ”©”©—Ä”©”©—Ä —Ö–∞—Ä–∂ —á–∞–¥–¥–∞–≥, —Ç“Ø“Ø–Ω–∏–π–≥—ç—ç –Ω”©–≥”©”© —Ö“Ø–Ω–¥—ç—ç —Å–∏—Å—Ç–µ–º—Ç—ç–π–≥—ç—ç—Ä, –∑”©–≤ —Ö“Ø—Ä‚Ä¶",24
319,"–î–≠–ú–ñ–õ–≠–ì –•“Æ–°–≠–• –¢–£–•–ê–ô

–£–ò–•-—ã–Ω 21-—Ä –±—É—é—É –ù–∞–ª–∞–π—Ö, –ë–∞–≥–∞–Ω—É—É—Ä, –ë–∞–≥–∞—Ö–∞–Ω–≥–∞–π–Ω —Ç–æ–π—Ä–æ–≥—Ç –ó”©–≤ –•“Æ–ù –≠–ª–µ–∫—Ç–æ—Ä–∞—Ç —ç–≤—Å–ª—ç—ç—Å @nabar –∞–Ω–¥—ã–Ω —Ö–∞–º—Ç –Ω—ç—Ä –¥—ç–≤—à–∏–∂ –±–∞–π–≥–∞–∞ –±–∏–ª—ç—ç.

–¢–∞ –±“Ø—Ö–Ω—ç—ç—Å—ç—ç —Ö“Ø—Å—ç—Ö –¥—ç–º–∂–ª—ç–≥—ç—ç —Å–∞–π—Ö–∞–Ω –∂–∞–≥—Å–∞–∞–¥ –±–∏—á—á–∏—Ö–ª—ç—ç. –ö–∞—Ä–º–∞–Ω–¥ —Ç—ç—Ä–±—É–º —Ç”©–≥—Ä”©–≥ –±–∞–π–≥–∞–∞ –±–∏—à –æ–ª–æ–Ω –Ω–∏–π—Ç–∏–π–Ω –¥—ç–º–∂–ª—ç–≥—ç—ç—Ä —Å–∞–π—Ö–∞–Ω “Ø–∑–Ω—ç–¥—ç—ç. https://t.co/GO3MENPqVm",22
208,"RT @MBBontoi: –î–≠–ú–ñ–õ–≠–ì –•“Æ–°–≠–• –¢–£–•–ê–ô

–£–ò–•-—ã–Ω 21-—Ä –±—É—é—É –ù–∞–ª–∞–π—Ö, –ë–∞–≥–∞–Ω—É—É—Ä, –ë–∞–≥–∞—Ö–∞–Ω–≥–∞–π–Ω —Ç–æ–π—Ä–æ–≥—Ç –ó”©–≤ –•“Æ–ù –≠–ª–µ–∫—Ç–æ—Ä–∞—Ç —ç–≤—Å–ª—ç—ç—Å @nabar –∞–Ω–¥—ã–Ω —Ö–∞–º—Ç –Ω—ç—Ä –¥‚Ä¶",22
267,"RT @OtgooGo: –ù—ç–≥–¥—Å—ç–Ω –±–∞–π–¥–ª–∞–∞—Ä –Ω—ç–≥ —Ö“Ø—Å–Ω—ç–≥—Ç!!!

–ú–ê–ù, –ê–ù, –ú–ê–•–ù, '–ó”©–≤ —Ö“Ø–Ω —ç–ª–µ–∫—Ç–æ—Ä–∞—Ç' —ç–≤—Å–ª—ç—ç—Å  —Å–æ–Ω–≥—É—É–ª—å–¥ –Ω—ç—Ä –¥—ç–≤—à–∏–≥—á–∏–¥ —ç—Ü—Å–∏–π–Ω –±–∞–π–¥–ª–∞–∞—Ä https://t‚Ä¶",17
491,"–ù—ç–≥–¥—Å—ç–Ω –±–∞–π–¥–ª–∞–∞—Ä –Ω—ç–≥ —Ö“Ø—Å–Ω—ç–≥—Ç!!!

–ú–ê–ù, –ê–ù, –ú–ê–•–ù, '–ó”©–≤ —Ö“Ø–Ω —ç–ª–µ–∫—Ç–æ—Ä–∞—Ç' —ç–≤—Å–ª—ç—ç—Å  —Å–æ–Ω–≥—É—É–ª—å–¥ –Ω—ç—Ä –¥—ç–≤—à–∏–≥—á–∏–¥ —ç—Ü—Å–∏–π–Ω –±–∞–π–¥–ª–∞–∞—Ä https://t.co/XMPA9kqIbF",17
165,"RT @Bolort: –ù–∞–º—É—É–¥ –Ω—ç—Ä –¥—ç–≤—à–∏–≥—á–¥–∏–π–≥—ç—ç —Ç–∞–Ω–∏–ª—Ü—É—É–ª–∞—Ö–¥–∞–∞ –∂–∞–∞—Ö–∞–Ω —à–∏–Ω—ç “Ø–µ—Ç—ç–π–≥—ç—ç —Ö”©–ª –Ω–∏–π–ª“Ø“Ø–ª–∂ –∞–ª—Ö–º–∞–∞—Ä... –î—É–Ω–¥–∞–∂ –Ω–∞—Å, —Ö“Ø–π—Å, –º—ç—Ä–≥—ç–∂–∏–ª, —Ç—É—Ä—à–ª–∞–≥–∞, 2012‚Ä¶",15
245,"–ù–∞–º—É—É–¥ –Ω—ç—Ä –¥—ç–≤—à–∏–≥—á–¥–∏–π–≥—ç—ç —Ç–∞–Ω–∏–ª—Ü—É—É–ª–∞—Ö–¥–∞–∞ –∂–∞–∞—Ö–∞–Ω —à–∏–Ω—ç “Ø–µ—Ç—ç–π–≥—ç—ç —Ö”©–ª –Ω–∏–π–ª“Ø“Ø–ª–∂ –∞–ª—Ö–º–∞–∞—Ä... –î—É–Ω–¥–∞–∂ –Ω–∞—Å, —Ö“Ø–π—Å, –º—ç—Ä–≥—ç–∂–∏–ª, —Ç—É—Ä—à–ª–∞–≥–∞, 2012, 2016 –æ–Ω–æ–æ—Å ”©”©—Ä—á–ª”©–ª—Ç–∏–π–Ω —Ö—É–≤—å –≥—ç—ç–¥ –≥–æ—ë —Å—Ç–∞—Ç–∏—Å—Ç–∏–∫—É—É–¥ –≥–∞—Ä–≥–∞–º–∞–∞—Ä –±–Ω–∞, –ê–ù —Ö–∞–ª—å—Ç —Ç–∏–π–º –º—ç–¥—ç—ç–ª—ç–ª —Ö–∏–π—Å—ç–Ω. –ú–ê–ù –±–æ–ª –±“Ø—Ä —Ç–∞–≥ —á–∏–≥... –ó”©–≤ —Ö“Ø–Ω —ç–ª–µ–∫—Ç–æ—Ä–∞—Ç –∞—Ä–∞–π –¥—ç—ç—Ä –±–∞–π–≤",15
143,RT @JavkhaaG: ”®–Ω”©”©–¥”©—Ä –º–∏–Ω–∏–π –±–∏–µ –ì–∞–Ω–±–∞–∞—Ç–∞—Ä—ã–Ω –ñ–∞–≤—Ö–ª–∞–Ω—Ç”©–≥—Å ‚Äú–ó”©–≤ –•“Ø–Ω –≠–ª–µ–∫—Ç–æ—Ä–∞—Ç‚Äù —ç–≤—Å–ª—ç—ç—Å –£–ò–•-—ã–Ω 29-—Ä —Ç–æ–π—Ä–æ–≥ –±—É—é—É –•–∞–Ω-–£—É–ª –¥“Ø“Ø—Ä—ç–≥—Ç –Ω—ç—Ä –¥—ç–≤—à–∏—Ö –º–∞–Ω–¥‚Ä¶,13
169,"RT @AminaMongolia: –•—ç–Ω —á —Ö–∞—Ä–∞–≥–¥–∞–∂ –±–∞–π–≥–∞–∞ —à–∏–≥—ç—ç –±–∏—à. –ë—É—Å–¥—ã–Ω –Ω“Ø–¥—ç–Ω–¥ –∞–∑ –∂–∞—Ä–≥–∞–ª—Ç–∞–π —á —é–º —à–∏–≥, —ç—Å–≤—ç–ª —Ç—É—Å–∞—Ä—Ö–∞–≥, –∑”©–≤ —Ö“Ø–Ω —à–∏–≥ –∞–∞—à–∏–ª–∂ –±–æ–ª–æ—Ö —á —ç—Ü—Å–∏–π–Ω‚Ä¶",9
14,"RT @amarbayar_a: –ú–∞—à —Å–∞–π—Ö–∞–Ω —Ç–æ–¥–æ—Ä—Ö–æ–π–ª–∂—ç—ç. –£–ò–•-—ã–Ω —Å–æ–Ω–≥—É—É–ª—å–¥ –æ–ª–æ–Ω –ó“Ø–π –Å—Å—Ç–æ–π –ó”®–í –•“Ø–Ω –æ—Ä–æ–ª—Ü–æ–∂, —Å–æ–Ω–≥–æ–ª—Ç —Å–∞–π—Ç–∞–π –±–∞–π–≥–∞–∞—Å–∞–π. –ò—Ä–≥—ç–Ω –±“Ø—Ä —Å–æ–Ω–≥—É—É–ª—å–¥–∞–∞‚Ä¶",8
338,RT @batengineer: –ë—É—Ä—É—É —Ö“Ø–º“Ø“Ø—Å—Ç —ç—Ä—Ö –º—ç–¥—ç–ª –∞–≤—á ”©–≥”©—Ö”©”©—Ä —Å–æ–Ω–≥—É—É–ª—å–¥–∞–∂ –±–≥–∞–∞ –±–æ–ª —á–∞–º–∞–π–≥ —è–º–∞—Ä –∑”©–≤ —Ö“Ø–Ω –≥—ç—Ö–∏–π–Ω –±—ç,8
210,"RT @Batka_: –ó–∞ —Å—É—É–¥–ª—ã–Ω —Ç–æ–æ–≥ –Ω—å –≤–∞–Ω–≥–∞–¥–∞–∞–¥ —è–≤—á–∏—Ö–∞–∞—Ä–∞–π. üó≥

–ú–ê–ù?
–ê–ù?
–®–ò–ù–≠ —ç–≤—Å—ç–ª?
–ó”©–≤ –•“Ø–Ω –≠–ª–µ–∫—Ç–æ—Ä–∞—Ç —ç–≤—Å—ç–ª?
–ë–∏–µ –¥–∞–∞–≥—á–∏–¥?",7
234,"–ó–∞ —Å—É—É–¥–ª—ã–Ω —Ç–æ–æ–≥ –Ω—å –≤–∞–Ω–≥–∞–¥–∞–∞–¥ —è–≤—á–∏—Ö–∞–∞—Ä–∞–π. üó≥

–ú–ê–ù?
–ê–ù?
–®–ò–ù–≠ —ç–≤—Å—ç–ª?
–ó”©–≤ –•“Ø–Ω –≠–ª–µ–∫—Ç–æ—Ä–∞—Ç —ç–≤—Å—ç–ª?
–ë–∏–µ –¥–∞–∞–≥—á–∏–¥?",7
352,"RT @OtgonbayarT: –ó”©–≤ –•“Æ–ù –≠–ª–µ–∫—Ç–æ—Ä–∞—Ç –ù–∞–π–¥–∞–ª–∞–∞–≥ –ß–∏–Ω–≥—ç–ª—Ç—ç–π –¥“Ø“Ø—Ä—ç–≥—Ç –¥—ç–º–∂–∏–∂ –±–∞–π–Ω–∞. –•–∞–Ω–¥–ª–∞–≥–∞ –∑”©–≤, —à–∏–Ω—ç—è–ª—ç–≥—á –∑–∞–ª—É—É —É–¥–∏—Ä–¥–∞–≥—á! –ê–º–∂–∏–ª—Ç —Ö“Ø—Å—ä–µ! –ß–∏–Ω–≥—ç–ª—Ç—ç‚Ä¶",5
392,"–ó”©–≤ –•“Æ–ù –≠–ª–µ–∫—Ç–æ—Ä–∞—Ç –ù–∞–π–¥–∞–ª–∞–∞–≥ –ß–∏–Ω–≥—ç–ª—Ç—ç–π –¥“Ø“Ø—Ä—ç–≥—Ç –¥—ç–º–∂–∏–∂ –±–∞–π–Ω–∞. –•–∞–Ω–¥–ª–∞–≥–∞ –∑”©–≤, —à–∏–Ω—ç—è–ª—ç–≥—á –∑–∞–ª—É—É —É–¥–∏—Ä–¥–∞–≥—á! –ê–º–∂–∏–ª—Ç —Ö“Ø—Å—ä–µ! –ß–∏–Ω–≥—ç–ª—Ç—ç–π—á“Ø“Ø–¥ –¥—ç–º–∂–∏–∂ –±–∞–π–Ω–∞ https://t.co/b4rGWrBVUv",5
309,"RT @Gumpaa: —à–∏–Ω—ç –Ω–∞–º
–ë–∞—Ç–∑–∞–Ω–¥–∞–Ω
–ª—É –ë–æ–ª–¥
–ê.–°“Ø—Ö–±–∞—Ç—ã–Ω –∞—Ö
–°—ç—Ç–≥“Ø“Ø–ª—á –û—Ç–≥–æ–Ω
—Å–∞–π—Ö–∞–Ω—Å–∞–º–±—É—É–≥—ã–Ω –¥“Ø“Ø
–ê–π –¢”©–º”©—Ä–æ—á–∏—Ä
–ü–∞—Ä–∞ –û–ª–∏–º–ø—ã–Ω –∞–≤–∞—Ä–≥–∞
–ö—ç—Ä—ç–Ω –ü—É–Ω–∞–∞

–∑—ç—Ä—ç–≥‚Ä¶",5
393,"RT @OtgonbayarT: –ó”©–≤ –•“Æ–ù –≠–ª–µ–∫—Ç–æ—Ä–∞—Ç—ã–Ω –ú”©–Ω—Ö—Å–æ—ë–ª—ã–≥ –¥—ç–º–∂–∏–∂ –±–∞–π–Ω–∞. –≠–Ω—ç –±“Ø—Å–≥“Ø–π–≥—ç—ç—Å —Ö—É–¥–∞–ª —Ö—ç–ª–∂, —Ö—É–ª–≥–∞–π —Ö–∏–π—Ö “Ø–π–ª–¥—ç–ª –≥–∞—Ä–∞—Ö–≥“Ø–π! –ú–æ–Ω–≥–æ–ª—ã–Ω —É–ª—Å —Ç”©—Ä–¥ —à–∏–Ω‚Ä¶",3
164,RT @temuulent: –ó”©–≤ —Ö“Ø–Ω-—ç–ª–µ–∫—Ç–æ—Ä–∞—Ç —É–≥ –Ω—å —Å–æ–Ω—Å–æ—Ö–æ–¥ –≥–æ—ë –ª —é–º..–≥–∞—Ä—á–∏—Ö–¥–∞–≥ –±–æ–ª —Å–∞–π—Ö–∞–Ω..–≥—ç—Ö–¥—ç—ç –ú–æ–Ω–≥–æ–ª—ã–Ω –±–æ–¥–∏—Ç –∞–º—å–¥—Ä–∞–ª –¥—ç—ç—Ä –∞—Ä–¥ —Ç“Ø–º—ç–Ω —ç–¥–Ω–∏–π–≥ –æ–π–ª–≥–æ—Ö‚Ä¶,3
402,RT @S_Otgonbaatar: –ë–∞—Ä–∞–≥ –ú–ê–ù-–ê–ù vs –ó”®–í_–•“Æ–ù-–≠–ª–µ–∫—Ç–æ—Ä–∞—Ç –±–æ–ª–æ—Ö –≥—ç—ç–¥ –±–∞–π–≥–∞–∞ —é–º –±–∏—à “Ø“Ø...,3
444,"–ó”©–≤ –•“Æ–ù –≠–ª–µ–∫—Ç–æ—Ä–∞—Ç—ã–Ω –ú”©–Ω—Ö—Å–æ—ë–ª—ã–≥ –¥—ç–º–∂–∏–∂ –±–∞–π–Ω–∞. –≠–Ω—ç –±“Ø—Å–≥“Ø–π–≥—ç—ç—Å —Ö—É–¥–∞–ª —Ö—ç–ª–∂, —Ö—É–ª–≥–∞–π —Ö–∏–π—Ö “Ø–π–ª–¥—ç–ª –≥–∞—Ä–∞—Ö–≥“Ø–π! –ú–æ–Ω–≥–æ–ª—ã–Ω —É–ª—Å —Ç”©—Ä–¥ —à–∏–Ω—ç —Å–æ—ë–ª –Ω—ç–≤—Ç—Ä“Ø“Ø–ª—ç–≥—á –±–æ–ª—Ö—ã–≥ –µ—Ä”©”©–µ! https://t.co/p2eSKwXdqc",3
412,–ë–∞—Ä–∞–≥ –ú–ê–ù-–ê–ù vs –ó”®–í_–•“Æ–ù-–≠–ª–µ–∫—Ç–æ—Ä–∞—Ç –±–æ–ª–æ—Ö –≥—ç—ç–¥ –±–∞–π–≥–∞–∞ —é–º –±–∏—à “Ø“Ø... https://t.co/53EOEJ6ZSV,3
409,RT @S_Otgonbaatar: –ë–∞—Ä–∞–≥ –ú–ê–ù-–ê–ù vs –ó”®–í_–•“Æ–ù-–≠–ª–µ–∫—Ç–æ—Ä–∞—Ç –±–æ–ª–æ—Ö –≥—ç—ç–¥ –±–∞–π–≥–∞–∞ —é–º –±–∏—à “Ø“Ø... https://t.co/53EOEJ6ZSV,3
215,"–£–ò–•-—ã–Ω 2020 –æ–Ω—ã —ç—ç–ª–∂–∏—Ç —Å–æ–Ω–≥—É—É–ª—å–¥ ""–ó”©–≤ —Ö“Ø–Ω-—ç–ª–µ–∫—Ç–æ—Ä–∞—Ç —ç–≤—Å—ç–ª"" –±—É—é—É –•”©–¥”©–ª–º”©—Ä–∏–π–Ω “Ø–Ω–¥—ç—Å–Ω–∏–π –Ω–∞–º, –ú–æ–Ω–≥–æ–ª—ã–Ω –°–æ—Ü–∏–∞–ª –î–µ–º–æ–∫—Ä–∞—Ç –Ω–∞–º, –ó“Ø–π —ë—Å –Ω–∞–º –Ω—ç—Ä –¥—ç–≤—à“Ø“Ø–ª—ç—Ö —Ö“Ø–º“Ø“Ø—Å–∏–π–Ω—Ö—ç—ç –Ω—ç—Ä—Å–∏–π–≥ —Ç–æ–¥—Ä—É—É–ª–∞–∞–¥ –±–∞–π–Ω–∞ #–ú–û–ù–¶–ê–ú–≠ #–ú–æ–Ω–≥–æ–ª–ú—ç–¥—ç—ç https://t.co/sBm674DH4y",2
211,"RT @montsameMN: –£–ò–•-—ã–Ω 2020 –æ–Ω—ã —ç—ç–ª–∂–∏—Ç —Å–æ–Ω–≥—É—É–ª—å–¥ ""–ó”©–≤ —Ö“Ø–Ω-—ç–ª–µ–∫—Ç–æ—Ä–∞—Ç —ç–≤—Å—ç–ª"" –±—É—é—É –•”©–¥”©–ª–º”©—Ä–∏–π–Ω “Ø–Ω–¥—ç—Å–Ω–∏–π –Ω–∞–º, –ú–æ–Ω–≥–æ–ª—ã–Ω –°–æ—Ü–∏–∞–ª –î–µ–º–æ–∫—Ä–∞—Ç –Ω–∞–º, –ó“Ø–π‚Ä¶",2
9,"–ú–æ–Ω–≥–æ–ª —É–ª—Å—ã–Ω –∏—Ä–≥—ç–Ω –±“Ø—Ä —Å–æ–Ω–≥–æ—Ö, —Å–æ–Ω–≥–æ–≥–¥–æ—Ö —ç—Ä—Ö—Ç—ç–π–≥ “Ø–Ω–¥—Å—ç–Ω —Ö—É—É–ª–∏–Ω–¥–∞–∞ –∑–∞–∞–∂ ”©–≥—Å”©–Ω. –ò—Ä–≥—ç–Ω –ê–ª—Ç–∞–Ω–≥—ç—Ä—ç–ª–∏–π–Ω –ú”©–Ω—Ö-–≠—Ä–¥—ç–Ω—ç –º–∏–Ω–∏–π –±–∏–µ ""–ó”©–≤ —Ö“Ø–Ω-–≠–ª–µ–∫—Ç–æ—Ä–∞—Ç"" —ç–≤—Å–ª—ç—ç—Å –£–ò–•-—ã–Ω —Å–æ–Ω–≥—É—É–ª–∏–π–Ω 13-—Ä —Ç–æ–π—Ä–æ–≥ –±—É—é—É –°—ç–ª—ç–Ω–≥—ç –∞–π–º–∞–≥—Ç –Ω—ç—Ä –¥—ç–≤—à–∏–∂ –±–∞–π–Ω–∞.  #–ó”©–≤—Ö“Ø–Ω",2
2,"RT @A_Munkherdene: –¢–∞ –±“Ø—Ö—ç–Ω ""–ó”©–≤ —Ö“Ø–Ω-–≠–ª–µ–∫—Ç–æ—Ä–∞—Ç"" —ç–≤—Å–ª–∏–π–≥ –¥—ç–º–∂–∏–Ω—ç –≥—ç–¥—ç–≥—Ç –∏—Ç–≥—ç–∂ –±–∞–π–Ω–∞. –£–ò–•-—ã–Ω 2020 –æ–Ω—ã —Å–æ–Ω–≥—É—É–ª—å–¥ –Ω—ç—Ä –¥—ç–≤—à–∏–∂ –±–∞–π–≥–∞–∞ –±“Ø—Ö –Ω—ç—Ä –¥—ç–≤‚Ä¶",2
256,"–ó”®–í –•“Æ–ù-—ç—ç—Å –æ–≥—Ç —Ç–∞–Ω–∏—Ö–≥“Ø–π —Ö“Ø–º“Ø“Ø—Å –Ω—ç—Ä –¥—ç–≤—à—Å—ç–Ω –±–∞–π–Ω–∞. –•–∞—Ä–∂ –±–∞–π–≥–∞–∞–¥ 2-—ã–≥ –Ω—å —Å–æ–Ω–≥–æ–æ–¥, –ê–ù-–∞–∞—Å –¢—ç–º“Ø“Ø–∂–∏–Ω–¥ —Å–∞–Ω–∞–ª–∞–∞ ”©–≥–Ω”© ”©”©. #C–æ–Ω–≥—É—É–ª—å2020 https://t.co/dncwqarxqK",2
254,"RT @iimgai: –ó”®–í –•“Æ–ù-—ç—ç—Å –æ–≥—Ç —Ç–∞–Ω–∏—Ö–≥“Ø–π —Ö“Ø–º“Ø“Ø—Å –Ω—ç—Ä –¥—ç–≤—à—Å—ç–Ω –±–∞–π–Ω–∞. –•–∞—Ä–∂ –±–∞–π–≥–∞–∞–¥ 2-—ã–≥ –Ω—å —Å–æ–Ω–≥–æ–æ–¥, –ê–ù-–∞–∞—Å –¢—ç–º“Ø“Ø–∂–∏–Ω–¥ —Å–∞–Ω–∞–ª–∞–∞ ”©–≥–Ω”© ”©”©. #C–æ–Ω–≥—É—É–ª—å202‚Ä¶",2
3,"RT @A_Munkherdene: –ú–æ–Ω–≥–æ–ª —É–ª—Å—ã–Ω –∏—Ä–≥—ç–Ω –±“Ø—Ä —Å–æ–Ω–≥–æ—Ö, —Å–æ–Ω–≥–æ–≥–¥–æ—Ö —ç—Ä—Ö—Ç—ç–π–≥ “Ø–Ω–¥—Å—ç–Ω —Ö—É—É–ª–∏–Ω–¥–∞–∞ –∑–∞–∞–∂ ”©–≥—Å”©–Ω. –ò—Ä–≥—ç–Ω –ê–ª—Ç–∞–Ω–≥—ç—Ä—ç–ª–∏–π–Ω –ú”©–Ω—Ö-–≠—Ä–¥—ç–Ω—ç –º–∏–Ω–∏–π –±–∏–µ‚Ä¶",2
8,"–¢–∞ –±“Ø—Ö—ç–Ω ""–ó”©–≤ —Ö“Ø–Ω-–≠–ª–µ–∫—Ç–æ—Ä–∞—Ç"" —ç–≤—Å–ª–∏–π–≥ –¥—ç–º–∂–∏–Ω—ç –≥—ç–¥—ç–≥—Ç –∏—Ç–≥—ç–∂ –±–∞–π–Ω–∞. –£–ò–•-—ã–Ω 2020 –æ–Ω—ã —Å–æ–Ω–≥—É—É–ª—å–¥ –Ω—ç—Ä –¥—ç–≤—à–∏–∂ –±–∞–π–≥–∞–∞ –±“Ø—Ö –Ω—ç—Ä –¥—ç–≤—à–∏–≥—á –Ω–∞—Ä—Ç–∞–∞ –±–∞—è—Ä —Ö“Ø—Ä–≥—ç–µ. –ú–∏–Ω–∏–π –±–∏–µ —à—É–¥–∞—Ä–≥–∞, —Ö“Ø–Ω–ª—ç–≥, —ë—Å –∑“Ø–π—Ç—ç–π ”©—Ä—Å”©–ª–¥”©”©–Ω–∏–π–≥ —ç—Ä—Ö—ç–º–ª—ç—Ö –±–æ–ª–Ω–æ.
#–ó”©–≤—Ö“Ø–Ω",2
13,"RT @VTVMongolia: –ú–ê–ù, –ê–ù, –ó”®–í –•“Æ–ù –≠–õ–ï–ö–¢–û–†–ê–¢ –≠–í–°–≠–õ –£–ò–•-—ã–Ω —ç—ç–ª–∂–∏—Ç —Å–æ–Ω–≥—É—É–ª—å–¥ –Ω—ç—Ä –¥—ç–≤—à–∏–≥—á–¥–∏–π–Ω—Ö—ç—ç –±–∞—Ä–∏–º—Ç –±–∏—á–≥–∏–π–≥ –°–ï–•-–Ω–¥ —Ö“Ø—Ä–≥“Ø“Ø–ª–ª—ç—ç. https://t.co‚Ä¶",2
296,RT @enkhbat: @better_than18 –°—É–≥–∞–ª–∞–∞–≥ –æ–ª–æ–Ω –¥–∞–≤—Ç–∞—Ö —Ç—É—Å–∞–º —Ö“Ø—á –Ω—å —Å—É–ª–∞—Ä–¥–∞–≥. –û–¥–æ–æ —Ç“Ø“Ø–Ω–¥ –∏—Ç–≥—ç—Ö —Ö“Ø–Ω —Ü”©”©—Ä—Å”©”©—Ä –±–≥–∞–∞ –±–∞–π–ª–≥“Ø–π. –≠—Ä—Ç—Ö—ç–Ω —Ö–∞–ª–∂ –∑”©–≤ —Ç–æ–≥—Ç–æ–ª—Ü‚Ä¶,2
10,"RT @Ainotus: –ù–∞–º “Ø–ª —Ö–∞—Ä–≥–∞–ª–∑–∞–Ω ""–ó”©–≤"" –≥—ç–∂ “Ø–∑—Å—ç–Ω —Å—ç–¥—ç–≤ –±“Ø—Ö–Ω–∏–π–≥ –¥—ç–º–∂–∏–Ω—ç. 

–ù–∞–º “Ø–ª —Ö–∞—Ä–≥–∞–ª–∑–∞–Ω –∏—Ç–≥—ç–ª –¥–∞–∞—Ö ""–ó”©–≤""–≥—ç–∂ “Ø–∑—Å—ç–Ω —Ö“Ø–Ω –±“Ø—Ä–∏–π–≥ –¥—ç–º–∂–∏–Ω—ç.

–ë–∞—Ä–∞‚Ä¶",2
454,@better_than18 –°—É–≥–∞–ª–∞–∞–≥ –æ–ª–æ–Ω –¥–∞–≤—Ç–∞—Ö —Ç—É—Å–∞–º —Ö“Ø—á –Ω—å —Å—É–ª–∞—Ä–¥–∞–≥. –û–¥–æ–æ —Ç“Ø“Ø–Ω–¥ –∏—Ç–≥—ç—Ö —Ö“Ø–Ω —Ü”©”©—Ä—Å”©”©—Ä –±–≥–∞–∞ –±–∞–π–ª–≥“Ø–π. –≠—Ä—Ç—Ö—ç–Ω —Ö–∞–ª–∂ –∑”©–≤ —Ç–æ–≥—Ç–æ–ª—Ü–æ–æ–Ω–¥–æ–æ –æ—Ä–æ—Ö –Ω—å –∏–ª“Ø“Ø –Ω–∞–π–¥–≤–∞—Ä—Ç–∞–π –±—Ö–∞–∞,2
339,"RT @Gerelbayar: —É–ª–∞–º–∂–ª–∞–ª, –æ–Ω—Ü–ª–æ–≥—Ç —Ç–æ—Ö–∏—Ä—Å–æ–Ω —Ö”©–≥–∂–∏–ª –¥—ç–≤—à–ª–∏–π–Ω –∑”©–≤ –∑–∞–º —Ä—É—É —Ö”©—Ç–ª”©–Ω –æ—Ä—É—É–ª–∞—Ö –±–æ–ª–Ω–æ. –¢—ç—Ä—ç—ç—Ä –ú–æ–Ω–≥–æ–ª —É–ª—Å—ã–Ω –¥–æ—Ç–æ–æ–¥ –±–æ–ª–æ–Ω –≥–∞–¥–∞–∞–¥ –±–æ–¥–ª–æ–≥‚Ä¶",2
151,@sogoomgl –ú”©–Ω—Ö-–≠—Ä–¥—ç–Ω—ç –≥—ç–∂ —Å–∞–π–Ω —Ö—É—É–ª—å—á –∑–∞–ª—É—É –ó”©–≤ —Ö“Ø–Ω –≠–ª–µ–∫—Ç–æ—Ä–∞—Ç–∞–∞—Å –¥—ç–≤—à–∏–∂ –±–∞–π–≥–∞–∞.,2
16,"–ú–ê–ù, –ê–ù, –ó”®–í –•“Æ–ù –≠–õ–ï–ö–¢–û–†–ê–¢ –≠–í–°–≠–õ –£–ò–•-—ã–Ω —ç—ç–ª–∂–∏—Ç —Å–æ–Ω–≥—É—É–ª—å–¥ –Ω—ç—Ä –¥—ç–≤—à–∏–≥—á–¥–∏–π–Ω—Ö—ç—ç –±–∞—Ä–∏–º—Ç –±–∏—á–≥–∏–π–≥ –°–ï–•-–Ω–¥ —Ö“Ø—Ä–≥“Ø“Ø–ª–ª—ç—ç. https://t.co/GMAx112qq0",2
17,"–ù–∞–º “Ø–ª —Ö–∞—Ä–≥–∞–ª–∑–∞–Ω ""–ó”©–≤"" –≥—ç–∂ “Ø–∑—Å—ç–Ω —Å—ç–¥—ç–≤ –±“Ø—Ö–Ω–∏–π–≥ –¥—ç–º–∂–∏–Ω—ç. 

–ù–∞–º “Ø–ª —Ö–∞—Ä–≥–∞–ª–∑–∞–Ω –∏—Ç–≥—ç–ª –¥–∞–∞—Ö ""–ó”©–≤""–≥—ç–∂ “Ø–∑—Å—ç–Ω —Ö“Ø–Ω –±“Ø—Ä–∏–π–≥ –¥—ç–º–∂–∏–Ω—ç.

–ë–∞—Ä–∞–≥ —à“Ø–ª—ç–≥ –∑–æ—Ö–∏–æ—á–∏—Ö–ª–æ–æ —à“Ø“Ø!üòÅ",2
139,RT @Begz_Ankhbayar: @sogoomgl –ú”©–Ω—Ö-–≠—Ä–¥—ç–Ω—ç –≥—ç–∂ —Å–∞–π–Ω —Ö—É—É–ª—å—á –∑–∞–ª—É—É –ó”©–≤ —Ö“Ø–Ω –≠–ª–µ–∫—Ç–æ—Ä–∞—Ç–∞–∞—Å –¥—ç–≤—à–∏–∂ –±–∞–π–≥–∞–∞.,2
300,"RT @yagchamshig: @tseko_tselmuun @tseko_tselmuun –±–∏–¥ –∑–∞–ª—É—É —Ö“Ø–º“Ø“Ø—Å –≠—Ä–¥—ç–Ω—ç, –û–¥–æ–Ω—Ç—É—è–∞ –Ω–∞—Ä ”©–º–Ω”© –Ω—å —Å–æ–Ω–≥–æ–≥–¥–æ–∂ –±–∞–π—Å–∞–Ω –±–æ–ª–æ–≤—á –Ω–∏–π–≥—ç–º —è–≥ –ª —Ö—ç–≤—ç—ç—Ä—ç—ç‚Ä¶",1
263,"–ë—ç—ç–∂–∏–Ω –≥—ç—ç—á —à–æ–≥–ª–æ–æ–º—Ç–æ–π –Ω—ç—Ä—Ç—ç–π —ç—Ö –æ—Ä–æ–Ω—á ”©—á–∏–≥–¥”©—Ä ”®–º–Ω”©–≥–æ–≤—å–¥ –Ω—ç—Ä –Ω—å —è–≤–∞–∞–¥ –±–∞–π—Å–∞–Ω –æ–¥–æ–æ –•”©–≤—Å–≥”©–ª –±–æ–ª—á–∏—Ö—Å–æ–Ω –±–∞–π—Ö —é–º üôÉ –£—á–∏—Ä –Ω—å –æ–ª–¥–æ—Ö–≥“Ø–π–º–∞–∞ 

–ú–ê–ù, –ê–ù, ""–¢–∞ –±–∏–¥–Ω–∏–π —ç–≤—Å—ç–ª"", ""–ó”©–≤ —Ö“Ø–Ω —ç–ª–µ–∫—Ç–æ—Ä–∞—Ç"" —ç–≤—Å–ª—ç—ç—Å –Ω—ç—Ä –¥—ç–≤—à–∏–≥—á–∏–¥ https://t.co/2KLPIC7VdD",1
354,RT @ganerdene_us: –≠–Ω—ç 2020 –æ–Ω—ã —Å–æ–Ω–≥—É—É–ª—å–¥ ”©—Ä—Å”©–ª–¥”©–∂ –±—É–π 400 –≥–∞—Ä—É–π —Ö“Ø–Ω—ç—ç—Å –≥–∞–Ω—Ü—Ö–∞–Ω —ç–Ω—ç —Ö“Ø–Ω –ª –∑”©–≤ —Å–æ–Ω–≥–æ–ª—Ç –≥—ç–∂ —Ö–∞—Ä–∂ –±–≥–∞–∞ —à“Ø“Ø. –°–•–î–∏–π–Ω—Ö—ç–Ω –º–∞–∞–Ω—å –¥—ç–º‚Ä¶,1
356,–≠–Ω—ç 2020 –æ–Ω—ã —Å–æ–Ω–≥—É—É–ª—å–¥ ”©—Ä—Å”©–ª–¥”©–∂ –±—É–π 400 –≥–∞—Ä—É–π —Ö“Ø–Ω—ç—ç—Å –≥–∞–Ω—Ü—Ö–∞–Ω —ç–Ω—ç —Ö“Ø–Ω –ª –∑”©–≤ —Å–æ–Ω–≥–æ–ª—Ç –≥—ç–∂ —Ö–∞—Ä–∂ –±–≥–∞–∞ —à“Ø“Ø. –°–•–î–∏–π–Ω—Ö—ç–Ω –º–∞–∞–Ω—å –¥—ç–º–∂—ç—ç—Ä—ç–π. https://t.co/FEQgHknSEs,1
206,"–¢–ê–ù–ò–õ–¶: –ó”©–≤ –•“Ø–Ω –≠–ª–µ–∫—Ç–æ—Ä–∞—Ç –≠–≤—Å–ª–∏–π–Ω –Ω—ç—Ä –¥—ç–≤—à–∏–≥—á–¥–∏–π–Ω –Ω—ç—Ä—Å, –∞–∂–∏–ª, —Ç”©–≥—Å—Å”©–Ω —Å—É—Ä–≥—É—É–ª—å https://t.co/1YTxL64Uv8 via @ikonnews",1
174,@Baigaliimaa –ê–Ω—É–∂–∏–Ω –£–ò–• –¥ –∑”©–≤ —Ö–æ–æ–ª–ª–æ–ª—Ç —è—Ä–∏—Ö–≥—ç—ç–≥“Ø–π —é–º –±–æ–ª —Ö—ç—Ä—ç–≥–≥“Ø–π —Ç–∏–π–º –º—ç–¥–ª—ç–≥ –±–æ–ª–æ–≤—Å—Ä–æ–ª—Ç–æ–π —Ö“Ø–Ω –≥—ç–∂ –±–æ–¥–æ—Ö–≥“Ø–π –±–Ω. –•—É–≤–∏–π–Ω –∞–º—å–¥–∞—Ä–ª–∞–∞ —á —Ç”©–≤—Ö–Ω“Ø“Ø–ª–∂ —á–∞–¥–∞–∞–≥“Ø–π —Ö“Ø–Ω —É–ª—Å –æ—Ä–æ–Ω —Ç”©–≤—Ö–Ω“Ø“Ø–ª–Ω—ç –≥—ç–∂ –±–æ–¥–æ—Ö–≥“Ø–π –±–Ω —ç–Ω—ç–Ω–¥ —ç–Ω—ç –º—ç—Ç–∏–π–Ω –∑”©–Ω–¥”©”© —Ö“Ø–Ω —Ö–∞–º–∞–∞—Ç–∞–π,1
166,"RT @Gan_Oyuka: –¢–ê–ù–ò–õ–¶: –ó”©–≤ –•“Ø–Ω –≠–ª–µ–∫—Ç–æ—Ä–∞—Ç –≠–≤—Å–ª–∏–π–Ω –Ω—ç—Ä –¥—ç–≤—à–∏–≥—á–¥–∏–π–Ω –Ω—ç—Ä—Å, –∞–∂–∏–ª, —Ç”©–≥—Å—Å”©–Ω —Å—É—Ä–≥—É—É–ª—å https://t.co/1YTxL64Uv8 via @ikonnews",1
239,RT @jjngm: –ë—ç—ç–∂–∏–Ω –≥—ç—ç—á —à–æ–≥–ª–æ–æ–º—Ç–æ–π –Ω—ç—Ä—Ç—ç–π —ç—Ö –æ—Ä–æ–Ω—á ”©—á–∏–≥–¥”©—Ä ”®–º–Ω”©–≥–æ–≤—å–¥ –Ω—ç—Ä –Ω—å —è–≤–∞–∞–¥ –±–∞–π—Å–∞–Ω –æ–¥–æ–æ –•”©–≤—Å–≥”©–ª –±–æ–ª—á–∏—Ö—Å–æ–Ω –±–∞–π—Ö —é–º üôÉ –£—á–∏—Ä –Ω—å –æ–ª–¥–æ—Ö–≥“Ø–π–º–∞‚Ä¶,1
161,RT @munkhdul_ts_az: @Baigaliimaa –ê–Ω—É–∂–∏–Ω –£–ò–• –¥ –∑”©–≤ —Ö–æ–æ–ª–ª–æ–ª—Ç —è—Ä–∏—Ö–≥—ç—ç–≥“Ø–π —é–º –±–æ–ª —Ö—ç—Ä—ç–≥–≥“Ø–π —Ç–∏–π–º –º—ç–¥–ª—ç–≥ –±–æ–ª–æ–≤—Å—Ä–æ–ª—Ç–æ–π —Ö“Ø–Ω –≥—ç–∂ –±–æ–¥–æ—Ö–≥“Ø–π –±–Ω. –•—É–≤–∏–π–Ω‚Ä¶,1
26,RT @Gereltuguldur_D: @Munkh_Erdene_N —Ö–æ—Ç—ã–Ω –∑–∞—Ö —Ö–æ—Ç—ã–Ω —Ç”©–≤ 2 —è–≥ –∏–∂–∏–ª —Ö—É–≥–∞—Ü–∞–∞–Ω–¥ –∑–æ—Ä—á–∏–∂ –±–Ω–∞ –≥—Å–Ω —à“Ø“Ø. —Ö–æ—Ç—ã–Ω —Ç”©–≤–¥ —É—É–ª–∑–∞–∞–¥ —Å–∞–ª–∞—Ö–∞–¥ –°—ç–ª–±–∏–π–Ω –∞–º–∞–Ω–¥ –∞‚Ä¶,1
28,@Munkh_Erdene_N —Ö–æ—Ç—ã–Ω –∑–∞—Ö —Ö–æ—Ç—ã–Ω —Ç”©–≤ 2 —è–≥ –∏–∂–∏–ª —Ö—É–≥–∞—Ü–∞–∞–Ω–¥ –∑–æ—Ä—á–∏–∂ –±–Ω–∞ –≥—Å–Ω —à“Ø“Ø. —Ö–æ—Ç—ã–Ω —Ç”©–≤–¥ —É—É–ª–∑–∞–∞–¥ —Å–∞–ª–∞—Ö–∞–¥ –°—ç–ª–±–∏–π–Ω –∞–º–∞–Ω–¥ –∞–º—å–¥–∞—Ä—á –±–≥–∞–∞ —Ö“Ø–Ω —Ç“Ø—Ä“Ø“Ø–ª—ç—ç–¥ –≥—ç—Ä—Ç—ç—ç —Ö–∞—Ä—å–∂ –±–Ω–∞. –°—É—Ä–≥—É—É–ª–∏–π–Ω —Ö“Ø“Ø—Ö—ç–¥ –∑”©”©—Ö–≥“Ø–π –ª –±–æ–ª —Ö–æ—Ç–æ–æ—Å –≥–∞—Ä—á –∞–º—å–¥—Ä–∞—Ö –Ω—å —Ö–∞–º–∞–∞–≥“Ø–π –∑”©–≤ –±–æ–ª–æ–æ–¥ –±–Ω–∞,1
183,@turbatn –ó”©–≤ —Ö“Ø–Ω —ç—Å–≤—ç–ª —è–∞–≥–∞–∞–¥ –±–∞–π—Ö–≥“Ø–π –±–∞–π–Ω–∞ –∞–∞ –∫–∫–∫–∫\,1
80,"@LBatkhuyag @odbayare –ù–∞–π–∑ –Ω—å 21-—Ä –±—É—é—É –ù–∞–ª–∞–π—Ö, –ë–∞–≥–∞–Ω—É—É—Ä, –ë–∞–≥–∞—Ö–∞–Ω–≥–∞–π–Ω —Ç–æ–π—Ä–æ–≥—Ç –ó”©–≤ –•“Ø–Ω –≠–ª–µ–∫—Ç–æ—Ä–∞—Ç —ç–≤—Å–ª—ç—ç—Å –¥—ç–≤—à–∏–∂ –±–∞–π–Ω–∞. Thanks, bro!",1
31,RT @saikhan2020: @turbatn –ó”©–≤ —Ö“Ø–Ω —ç—Å–≤—ç–ª —è–∞–≥–∞–∞–¥ –±–∞–π—Ö–≥“Ø–π –±–∞–π–Ω–∞ –∞–∞ –∫–∫–∫–∫\,1
77,"RT @MBBontoi: @LBatkhuyag @odbayare –ù–∞–π–∑ –Ω—å 21-—Ä –±—É—é—É –ù–∞–ª–∞–π—Ö, –ë–∞–≥–∞–Ω—É—É—Ä, –ë–∞–≥–∞—Ö–∞–Ω–≥–∞–π–Ω —Ç–æ–π—Ä–æ–≥—Ç –ó”©–≤ –•“Ø–Ω –≠–ª–µ–∫—Ç–æ—Ä–∞—Ç —ç–≤—Å–ª—ç—ç—Å –¥—ç–≤—à–∏–∂ –±–∞–π–Ω–∞. Thanks,‚Ä¶",1
361,"–¢–ê–ù–ò–õ–¶: –ó”©–≤ –•“Ø–Ω –≠–ª–µ–∫—Ç–æ—Ä–∞—Ç –≠–≤—Å–ª–∏–π–Ω –Ω—ç—Ä –¥—ç–≤—à–∏–≥—á–¥–∏–π–Ω –Ω—ç—Ä—Å, –∞–∂–∏–ª, —Ç”©–≥—Å—Å”©–Ω —Å—É—Ä–≥—É—É–ª—å https://t.co/OtQvDKvVYp via @ikonnews",0
97,—ç–≤—Å—ç–ª –Ω—å –∑”©–≤ —Ö“Ø–Ω –≥—ç–∂ “Ø–∑–∂—ç—ç. –∞—Ä–¥ —Ç“Ø–º—ç–Ω –∑”©–≤ –≥—ç–∂ “Ø–Ω—ç–ª—ç—Ö —ç—Å—ç—Ö–∏–π–≥ —Å–æ–Ω–≥—É—É–ª–∏–∞—Ä –ª —Ö–∞—Ä–∞—Ö –Ω—å –¥—ç—ç https://t.co/slDYkY9dbp,0
385,"–¢–ê–ù–ò–õ–¶: –ó”©–≤ –•“Ø–Ω –≠–ª–µ–∫—Ç–æ—Ä–∞—Ç –≠–≤—Å–ª–∏–π–Ω –Ω—ç—Ä –¥—ç–≤—à–∏–≥—á–¥–∏–π–Ω –Ω—ç—Ä—Å, –∞–∂–∏–ª, —Ç”©–≥—Å—Å”©–Ω —Å—É—Ä–≥—É—É–ª—å https://t.co/6AE2VlJqFU via @ikonnews",0
242,"@Uyanga_ts @SaraanaaM —è–≥ “Ø–Ω—ç–Ω–¥—ç—ç –£—è–Ω–≥–∞ –ª —ç–Ω—ç –û–¢ –≥—ç—Ä—ç—ç –±–æ–ª–æ—Ö–≥“Ø–π –±“Ø—Ç—ç—Ö–≥“Ø–π –±—É—Ä—É—É –±–∞–π–Ω–∞ –≥—ç—ç–¥ –ª “Ø–≥–ª—ç—ç–¥ –±–¥–∞–≥ –±—Å–∞–Ω. —Ç—ç—Ä —Ö—ç–ª–∂ –±—Å–∞–Ω “Ø–≥–Ω“Ø“Ø–¥ –Ω—å ”©–Ω”©”©–¥”©—Ä –±“Ø–≥–¥ –Ω“Ø–¥—ç–Ω–¥ –∏–ª –±–æ–ª–æ–æ–¥, —Ö—ç–ª–∂ –±—Å–∞–Ω—É—É–¥ –Ω—å –∑”©–≤ –±–∞–π—Å–∞–Ω –Ω—å —Ö–∞—Ä–∞–≥–¥–∞–∂ –±–Ω–∞. —ç—Ö–Ω—ç—ç—Å—ç—ç –º–∞–Ω-—ã –≥–∏—à“Ø“Ø–¥ —è—Ä—å–∂ –±—Å–∞–Ω—ã–≥ –Ω—å –æ–¥–æ–æ –¥–∞–≤—Ç–∞–∂ —è—Ä–∏–∞–¥ —è–≤–∂ –±–Ω–∞ —à“Ø“Ø–¥—ç—ç. —Ç–∏–π–º —á –±—É—Ä—É—É —Ö“Ø–Ω –±–∏—à –±—Ö",0
138,"–ó”©–≤ —Å–æ–Ω–≥–æ–ª—Ç —Ö–∏–π—Ö —É–≥ –Ω—å –∞–º–∞—Ä—Ö–∞–Ω, –¥–∞—Ä–∞–∞—Ö 3-–∞–∞—Å ”©”©—Ä—Ç —á–∏–Ω—å —Å–æ–Ω–≥–æ–ª—Ç —Ö–∏–π—Ö—ç–¥ –¥”©—Ö”©–º –Ω—ç–≥–∏–π–≥ –Ω—å —Å–æ–Ω–≥–æ–æ–¥ —Ç“Ø“Ø–Ω–¥—ç—ç —Ç–æ—Ö–∏—Ä—Å–æ–Ω —Ö“Ø–Ω—ç—ç –Ω–∞–º —Ö–∞–º–∞–∞—Ä–∞–ª–≥“Ø–π —Å–æ–Ω–≥–æ: 
1. –ó”©–≤ —Ö“Ø–Ω —Å–æ–Ω–≥–æ—Ö (—Ö—É–¥–∞–ª —è—Ä–∏–¥–∞–≥–≥“Ø–π, —Ö—É–ª–≥–∞–π —Ö–∏–π–¥—ç–≥–≥“Ø–π, —à—É–¥–∞—Ä–≥–∞, –∑–∞—Ä—á–∏–º—á) 2. –®–∏–Ω—ç —Ö“Ø–Ω —Å–æ–Ω–≥–æ—Ö (–∑–∞–ª—É—É –±–∞–π—Ö —Ç—É—Å–º–∞–∞ —Å–∞–π–Ω) 3. –≠–º—ç–≥—Ç—ç–π —Ö“Ø–Ω —Å–æ–Ω–≥–æ—Ö.",0
25,"–®–£–£–î: ""–ó”©–≤ –•“Ø–Ω –≠–ª–µ–∫—Ç–æ—Ä–∞—Ç""-—ã–Ω –∞—Ä–¥ 3.3 —Å–∞—è –º–æ–Ω–≥–æ–ª—á—É—É–¥ –±–∞–π–≥–∞–∞ https://t.co/u94XreREic",0
23,@turbatn –ó”©–≤ –•“Ø–Ω,0
21,@Oyunaa4488 –ù–∞–º—ã–Ω –¥–∞—Ä–≥–∞ —Ö“Ø–Ω —á–∏–Ω—å —Ç—ç–≥—ç—ç–¥ –º–∞–Ω–∞–π –∑–∞–ª—É—É—á—É—É–¥ –∑”©–≤ –∑“Ø–π—Ç—ç–π —Ö“Ø–º“Ø“Ø—Å –≥—ç—ç–¥ –ª –∑–æ–≥—Å–æ–∂ –±–Ω–∞ —à –¥—ç—ç. –¢–æ–≥—Ç–æ–ª—Ü–æ–æ–≥–æ–æ –ª —Å–∞–π–∂—Ä—É—É–ª–∞—Ö —ë—Å—Ç–æ–π.,0
12,"–ú–∏–Ω–∏–π –æ–π–ª–≥–æ–∂ –±–∞–π–≥–∞–∞–≥–∞–∞—Ä —ç–Ω—ç –ó”©–≤ —Ö“Ø–Ω —ç–≤—Å—ç–ª –Ω—å –≥–æ–ª–¥—É—É –∑–∞–ª—É—É, —É–ª—Å —Ç”©—Ä–¥ –∫–∞—Ä–µ–µ—Ä –Ω—å —ç—Ö—ç–ª–∂ –±–∞–π–≥–∞–∞ —Ö“Ø–º“Ø“Ø—Å –≥—ç—Å—ç–Ω —à–∞–ª–≥—É—É—Ä —Ç–∞–≤—å–∂ —Ö“Ø–º“Ø“Ø—Å—ç—ç —Å–æ–Ω–≥–æ–æ–¥ “Ø–∑—ç–ª —Å—É—Ä—Ç–∞–ª, –±–æ–¥–ª–æ–≥—ã–Ω —à–∞–ª–≥—É—É—Ä–∞–∞ —Ö–æ–π—à —Ç–∞–≤—å—Å–∞–Ω –±–∞–π—Ö. –ì—ç—Ö–¥—ç—ç —Ç–≤–∏—Ç—Ç–µ—Ä –∏–π–º —é–º –±–∏—á–∏—Ö—ç–¥ –Ω”©–ª”©”©–ª—Å”©–Ω –±–∞–π—Ö. –•“Æ–ù –Ω—ç–≥ —Ö“Ø–Ω–¥ –¥–∏–π–ª–¥—á–∏—Ö–≥“Ø–π –±–∞–π–ª–≥“Ø–π –¥—ç—ç. https://t.co/3u5pXhZkKe",0
357,@m_zorigt –ó”©–≤ —Ö“Ø–Ω –≠–ª–µ–∫—Ç—Ä–∞—Ç—ã–Ω —Ç–∞–ª–∞–∞—Ä –∂–∞–∞—Ö–∞–Ω –∑–∞–¥–ª–∞–∂ –±–∏—á—ç—ç—á ”©–≤–≥”©”©–Ω? —Ö—ç–¥—ç–Ω —Å—É—É–¥–∞–ª –∞–≤–∞—Ö –±–æ–ª...,0
350,@tsetsegdulam_e –ó”©–≤ —Ö“Ø–Ω-–≠–ª–µ–∫—Ç–æ—Ä–∞—Ç-—ã–≥ —Å–æ–Ω–≥–æ–Ω–æ–æ.,0
145,"–ú–∞–Ω–∞–π —Ç–æ–π—Ä–æ–≥—Ç “Ø–∑—ç–∂ –±–∞–π–≥–∞–∞–Ω –±–∞–π–Ω–∞, –∞–º–∂–∏–ª—Ç —Ö“Ø—Å—å–µ. –ú–∞–Ω–∞–π —Ö“Ø–Ω —á —Ö–∞—Ä–∏–Ω –∑–∞–¥–≥–∞–π —è—Ä—å—á–∏—Ö –±–∞–π—Ö —à“Ø“Ø. ”®–≥”©”©–¥ “Ø–∑–¥—ç–≥ —é–º —É—É :) 
–®–∞—Ä –∞–π—Ä–∞–≥–∏–π–Ω –ì.–ì–∞–Ω—Ö“Ø“Ø ‚Äú–ó”®–í –•“Æ–ù –≠–õ–ï–ö–¢–û–†–ê–¢ –≠–í–°–≠–õ‚Äù-—ç—ç—Å –Ω—ç—Ä –¥—ç–≤—à–∏–Ω—ç https://t.co/jyBP9mE9JB via @GeregMN",0
150,–ë–∞–π—Ö —ë—Å—Ç–æ–π —Ö“Ø–Ω –ó”©–≤ —Ö“Ø–Ω –≥—ç—Ö —é–º –ë—è–¥ —Ç—ç–≥—ç—ç–¥ –•“Ø–Ω –±–∏—à —ë–º –±—Ö–¥–∞–∞ —Ç—ç–¥–Ω–∏–π–≥ —Ç–º —Ö“Ø–Ω –≥—ç–∂ —è–∞–∞–∂ –º—ç–¥—ç—Ö “Ø“Ø ... —Ç—ç–¥ —é—É —Ö–∏–π–≥—ç—ç–¥ —Ö–∞–∞–≥—É—É—Ä —è–≤–∂ –±—Å–∞–Ω —ë–º –±–æ–ª ...,0
246,"–°–æ–Ω–≥—É—É–ª–∏–π–Ω —Ç–æ–π—Ä–æ–≥ –±“Ø—Ä—Ç —Ö“Ø–Ω –¥—ç–≤—à“Ø“Ø–ª—ç—ç–≥“Ø–π –Ω–∞–º —ç–≤—Å–ª–∏–π–≥ —É–ª—Å —Ç”©—Ä–∏–π–Ω —Ö“Ø—á–∏–Ω –≥—ç–∂ —Ç–æ–æ—Ü–æ—Ö, —É–ª–º–∞–∞—Ä —É–ª—Å –æ—Ä–Ω—ã —Ö—É–≤—å –∑–∞—è–∞–≥ –¥–∞–∞—Ç–≥–∞—Ö –Ω—å –∑”©–≤ “Ø“Ø?",0
160,@SBayar12 –ó”©–≤ —á —é–º –±—É—Ä—É—É —á –∑“Ø–π–ª —Ö–∏–π—Å—ç–Ω –±–∞–π—Ö —Ç–∞–Ω—ã —Ö—É–≤—å–¥. –ì—ç—Ö–¥—ç—ç –±–∏–∑–Ω–µ—Å–∏–π–Ω —è–º–∞—Ä—á —Å–∞–ª–±–∞—Ä—Ç –±–∞–π–≥–∞–∞–≥“Ø–π —Ö“Ø–Ω –ú–æ–Ω–≥–æ–ª—ã–Ω —Ö“Ø–Ω –∞–º—ã–Ω 95%-—Å —Ö”©—Ä”©–Ω–≥”©–ª”©–≥ –±–Ω–∞ –≥—ç–¥–≥–∏–π–≥ —Ç–∞–π–ª–±–∞—Ä–ª–∞—Ö –ª —Ö—ç—Ä—ç–≥—Ç—ç–π –ª –¥—ç—ç —É–ª—Å —Ç”©—Ä–∏–π–≥ –ª –±–∏–∑–Ω–µ—Å–∏–π–Ω –Ω—ç–≥ —Å–∞–ª–±–∞—Ä –≥—ç–∂ —Ç–æ–æ—Ü–¥–æ–≥–≥“Ø–π —é–º –±–æ–ª.,0
323,@peaqmn @ulziibayar_b @naranbayarp –®–∏–Ω—ç –ú–æ–Ω–≥–æ–ª —Å—É—Ä–≥—É—É–ª–∏–π–Ω –∑–∞—Ö–∏—Ä–∞–ª –±—Å–Ω. –ò—Ö –∑”©–≤ —Ö–∞–Ω–¥–ª–∞–≥–∞—Ç–∞–π —Ö“Ø–Ω —Å–∞–Ω–∞–≥–¥–¥–∞–≥.,0
168,@Altankhuyag_SS @zorigt2002 @TsoodolTulga @BattulgaKh –¢–∞–Ω—ã –ª —Ç—ç–Ω—ç–≥ –±–æ–¥–æ–ª —Ç–∞–Ω—å–¥–∞–∞ –ª –∑”©–≤ –±–∞–π—Ö–¥–∞–∞... E—Ä”©–Ω—Ö–∏–π–ª”©–≥—á –≠–Ω—ç—Ç—Ö—ç–≥—ç—ç—Å —Ö“Ø–Ω–¥ –Ω”©—Ö—Ü”©–ª–¥ –±–∞–π–≥–∞–∞ –∏—Ä–≥—ç–¥—ç—ç –∞–≤–∞—Ö —á–∏–≥–ª—ç–ª ”©–≥”©”©–≥“Ø–π –±–æ–ª –∏–Ω–≥—ç–∂ –∏—Ä—ç—Ö –±–æ–ª–æ–º–∂–≥“Ø–π –±–∞–π—Å–∞–Ω —é–º.–£–û–ö —É—Ä—å–¥ –Ω—å –≠–Ω—ç—Ç—Ö—ç–≥ –Ω–∏—Å—ç—Ö–≥“Ø–π –≥—ç—ç–¥ –æ–ª–æ–Ω —Ç“Ø–º—ç–Ω–¥ –∑–∞—Ä–ª–∞–∞–¥ –≠–Ω—ç—Ç—Ö—ç–≥—Ç –≥–∞—Ü—Å–∞–Ω —ç–Ω—ç –æ–ª–æ–Ω —Ö“Ø–Ω —Ö“Ø–Ω–¥ –±–¥–∞–ª–¥ –æ—Ä–æ–æ–¥ –±–∞–π—Å–∞–Ω —é–º —à“Ø“Ø...,0
307,"–ó”©–≤ —Ö“Ø–Ω –Ω—å –∑”©–≤ —Ö“Ø–Ω—ç—ç –ª –¥—ç–º–∂–∏–Ω—ç, —Ç–æ–¥–æ—Ä—Ö–æ–π!",0
288,"–ì–∞–¥–∞–∞–¥ —Ç”©—Ä—Ö”©–Ω–¥”©”© —ç—Ä—Å —à–∏–Ω—ç—á–ª—ç–ª—Ç —Ö–∏–π—Å—ç–Ω –æ–ª–Ω—ã —Ç–∞–Ω–∏–ª 20 —Ö“Ø–Ω. –¢—ç–¥–Ω–∏–π —à–∏–π–¥–≤—ç—Ä –∑”©–≤ –±–∞–π—Å–∞–Ω –≥—ç–¥–∏–π–≥ –¥–∞—Ä–∞–∞—Ö —Ñ–æ—Ç–æ –∑—É—Ä–≥—É—É–¥ –≥—ç—Ä—á–∏–ª–Ω—ç

https://t.co/h0Zckd5oFO",0
203,@ariunkhishigG –•“Ø–Ω–∏–π–≥ –∞—Ä–∞–π —á –±–æ–ª–æ—Ö–≥“Ø–π —à“Ø“Ø.  –ó”©–≤ –ª —Ö“Ø–Ω —à–∏–≥ –±–∞–π–¥–∞–≥.,0
213,"""–ó”®–í –•“Æ–ù –≠–õ–ï–ö–¢–û–†–ê–¢"" —ç–≤—Å—ç–ª https://t.co/J6iuOjCngV",0
238,@Odgooo –ê–∞–≤ —ç—ç–∂ –Ω—å —Ö—ç–ª—ç—Ö—ç—ç—Ä “Ø–≥—ç–ª—Å—ç–Ω —Å–∞–Ω–∞–≥–¥–∞–∞–¥ —Ç–∞–Ω–∏—Ö–≥“Ø–π —Ö“Ø–Ω —Ö—ç–ª—ç—Ö—ç—ç—Ä –∑”©–≤ —Å–∞–Ω–∞–≥–¥–∞–∞–¥ –±–¥–∞–≥ “Ø–µ —Ö“Ø“Ø—Ö–¥“Ø“Ø–¥—ç–¥ –±–¥–∞–≥ –¥–∞–∞ ... –¢–∏–π–º—ç—Ä—Ö“Ø“Ø –ª —é–º,0
249,"–•–∞–Ω-–£—É–ª—ã–Ω –Ω—ç—Ä –¥—ç–≤—à–∏–≥—á–¥—ç—ç—Å —Å–æ–Ω–≥–æ—Ö –Ω—ç–≥ —Ö“Ø–Ω—ç—ç —Ç–æ–¥—Ä—É—É–ª—á–∞–∞–¥ —Ö–∞—Ä–∏–Ω —Ö–æ—ë—Ä–¥–æ—Ö –≥—É—Ä–∞–≤–¥–∞—Ö  —Ö“Ø–Ω –Ω—å —Ö—ç–Ω –±–∞–π—Ö–≤—ç—ç –≥—ç—ç–¥ –≥–∞–π—Ö–∞–∞–¥, –±–æ–¥–æ–æ–¥ –ª —Å—É—É–∂ –±–∞–π–Ω–∞. –•—ç–Ω–∏–π–≥ —Å–æ–Ω–≥–æ–≤–æ–ª –∑”©–≤ –±–æ–ª–æ—Ö –±–æ–ª?",0
247,"–ó”©–≤, —ç—Ä—ç–≥—Ç—ç–π —Ö“Ø–Ω –±—É—Ä—Ö–∞–Ω –±–∏—à, —ç–º—ç–≥—Ç—ç–π —Ö“Ø–Ω –±—É–≥ –±–∏—à, –∞–ª—å –∞–ª—å–Ω—ã–≥, —Ö—ç–Ω —é—É —á–∞–¥–¥–∞–≥–∞–∞—Ä –Ω—å –ª –¥—ç–º–∂ https://t.co/EgT8wPS1no",0
0,@batzayased –ï—Ä –Ω—å —Ö–∞–º–≥–∏–π–Ω –∑”©–≤ –∑–∞–≥–≤–∞—Ä –ª –¥–∞–∞. –¢—ç–Ω–¥ —Ç—É—Ä—à–∏–≥–¥—á–∏—Ö—Å–∞–Ω –∑“Ø–π–ª–∏–π–≥ —ç–Ω–¥ —à—É—É–¥ —Ö—É—É–ª–±–∞—Ä–ª–∞—Ö. –ê—Ä–¥ —Ç“Ø–º—ç–Ω –Ω—å –±–∞—Ä–∞–≥ –∞–¥–∏–ª—Ö–∞–Ω —é–º —á–∏–Ω—å. –•—É—É–ª–∞–∞–¥ –±–∞–π–≥–∞–∞–≥ —Ö“Ø–Ω –∞–º—ã–Ω 10% —Ö“Ø—Ä—ç—Ö–≥“Ø–π —Ö—É–≤—å –Ω—å —Ö–∞—Ä–∂ –±–∞–π–≥–∞–∞. –ü—Ä –±–∞–≥ –Ω—å —Å—É—Ä–Ω–∞. –Ø–≥ –ª —Ñ—Ä–∞–Ω—á–µ–π–∑ –≥—ç—Å—ç–Ω “Ø–≥.,0
